0 verbose cli /usr/local/bin/node /usr/local/bin/npm
1 info using npm@10.9.2
2 info using node@v22.17.0
3 silly config load:file:/usr/local/lib/node_modules/npm/npmrc
4 silly config load:file:/Users/sachingopalakrishnan/FINTRACE/sentinel-app/.npmrc
5 silly config load:file:/Users/sachingopalakrishnan/.npmrc
6 silly config load:file:/usr/local/etc/npmrc
7 verbose title npm install lucide-react
8 verbose argv "install" "lucide-react"
9 verbose logfile logs-max:10 dir:/Users/sachingopalakrishnan/FINTRACE/sentinel-app/.npm-local/_logs/2026-08-28T06_41_32_507Z-
10 verbose logfile /Users/sachingopalakrishnan/FINTRACE/sentinel-app/.npm-local/_logs/2026-08-28T06_41_32_507Z-debug-0.log
11 silly logfile done cleaning log files
12 silly packumentCache heap:4345298944 maxSize:1086324736 maxEntrySize:543162368
13 silly idealTree buildDeps
14 silly fetch manifest next@16.3.3
15 silly packumentCache full:https://registry.npmjs.org/next cache-miss
16 http fetch GET 200 https://registry.npmjs.org/npm 6490ms
17 http fetch GET 200 https://registry.npmjs.org/next 17389ms (cache miss)
18 silly packumentCache full:https://registry.npmjs.org/next set size:undefined disposed:false
19 silly fetch manifest @opentelemetry/api@^1.1.0
20 silly packumentCache full:https://registry.npmjs.org/@opentelemetry%2fapi cache-miss
21 http fetch GET 200 https://registry.npmjs.org/@opentelemetry%2fapi 923ms (cache miss)
22 silly packumentCache full:https://registry.npmjs.org/@opentelemetry%2fapi set size:undefined disposed:false
23 silly fetch manifest @playwright/test@^1.51.1
24 silly packumentCache full:https://registry.npmjs.org/@playwright%2ftest cache-miss
25 http fetch GET 200 https://registry.npmjs.org/@playwright%2ftest 9717ms (cache miss)
26 silly packumentCache full:https://registry.npmjs.org/@playwright%2ftest set size:undefined disposed:false
27 silly fetch manifest babel-plugin-react-compiler@*
28 silly packumentCache full:https://registry.npmjs.org/babel-plugin-react-compiler cache-miss
29 http fetch GET 200 https://registry.npmjs.org/babel-plugin-react-compiler 891ms (cache miss)
30 silly packumentCache full:https://registry.npmjs.org/babel-plugin-react-compiler set size:undefined disposed:false
31 silly fetch manifest react@19.2.8
32 silly packumentCache full:https://registry.npmjs.org/react cache-miss
33 http fetch GET 200 https://registry.npmjs.org/react 6442ms (cache miss)
34 silly packumentCache full:https://registry.npmjs.org/react set size:undefined disposed:false
35 silly fetch manifest react-dom@19.2.8
36 silly packumentCache full:https://registry.npmjs.org/react-dom cache-miss
37 http fetch GET 200 https://registry.npmjs.org/react-dom 5892ms (cache miss)
38 silly packumentCache full:https://registry.npmjs.org/react-dom set size:undefined disposed:false
39 silly fetch manifest sass@^1.3.0
40 silly packumentCache full:https://registry.npmjs.org/sass cache-miss
41 http fetch GET 200 https://registry.npmjs.org/sass 824ms (cache miss)
42 silly packumentCache full:https://registry.npmjs.org/sass set size:undefined disposed:false
43 silly fetch manifest lucide-react@*
44 silly packumentCache full:https://registry.npmjs.org/lucide-react cache-miss
45 http fetch GET 200 https://registry.npmjs.org/lucide-react 1753ms (cache miss)
46 silly packumentCache full:https://registry.npmjs.org/lucide-react set size:undefined disposed:false
47 silly fetch manifest @tailwindcss/postcss@^4
48 silly packumentCache full:https://registry.npmjs.org/@tailwindcss%2fpostcss cache-miss
49 http fetch GET 200 https://registry.npmjs.org/@tailwindcss%2fpostcss 1169ms (cache miss)
50 silly packumentCache full:https://registry.npmjs.org/@tailwindcss%2fpostcss set size:undefined disposed:false
51 silly fetch manifest @types/node@^20
52 silly packumentCache full:https://registry.npmjs.org/@types%2fnode cache-miss
53 http fetch GET 200 https://registry.npmjs.org/@types%2fnode 8137ms (cache miss)
54 silly packumentCache full:https://registry.npmjs.org/@types%2fnode set size:undefined disposed:false
55 silly fetch manifest @types/react@^19
56 silly packumentCache full:https://registry.npmjs.org/@types%2freact cache-miss
57 http fetch GET 200 https://registry.npmjs.org/@types%2freact 3678ms (cache miss)
58 silly packumentCache full:https://registry.npmjs.org/@types%2freact set size:undefined disposed:false
59 silly fetch manifest @types/react-dom@^19
60 silly packumentCache full:https://registry.npmjs.org/@types%2freact-dom cache-miss
61 http fetch GET 200 https://registry.npmjs.org/@types%2freact-dom 1835ms (cache miss)
62 silly packumentCache full:https://registry.npmjs.org/@types%2freact-dom set size:undefined disposed:false
63 silly fetch manifest eslint@^9
64 silly packumentCache full:https://registry.npmjs.org/eslint cache-miss
65 http fetch GET 200 https://registry.npmjs.org/eslint 2163ms (cache miss)
66 silly packumentCache full:https://registry.npmjs.org/eslint set size:undefined disposed:false
67 silly fetch manifest jiti@*
68 silly packumentCache full:https://registry.npmjs.org/jiti cache-miss
69 http fetch GET 200 https://registry.npmjs.org/jiti 950ms (cache miss)
70 silly packumentCache full:https://registry.npmjs.org/jiti set size:undefined disposed:false
71 silly fetch manifest eslint-config-next@16.3.3
72 silly packumentCache full:https://registry.npmjs.org/eslint-config-next cache-miss
73 http fetch GET 200 https://registry.npmjs.org/eslint-config-next 6508ms (cache miss)
74 silly packumentCache full:https://registry.npmjs.org/eslint-config-next set size:undefined disposed:false
75 silly fetch manifest typescript@^5
76 silly packumentCache full:https://registry.npmjs.org/typescript cache-miss
77 http fetch GET 200 https://registry.npmjs.org/typescript 12704ms (cache miss)
78 silly packumentCache full:https://registry.npmjs.org/typescript set size:undefined disposed:false
79 silly fetch manifest tailwindcss@^4
80 silly packumentCache full:https://registry.npmjs.org/tailwindcss cache-miss
81 http fetch GET 200 https://registry.npmjs.org/tailwindcss 5569ms (cache miss)
82 silly packumentCache full:https://registry.npmjs.org/tailwindcss set size:undefined disposed:false
83 silly placeDep ROOT @tailwindcss/postcss@4.3.3 OK for: sentinel-app@0.1.0 want: ^4
84 silly placeDep ROOT @types/node@20.19.43 OK for: sentinel-app@0.1.0 want: ^20
85 silly placeDep ROOT @types/react@19.2.18 OK for: sentinel-app@0.1.0 want: ^19
86 silly placeDep ROOT @types/react-dom@19.2.5 OK for: sentinel-app@0.1.0 want: ^19
87 silly placeDep ROOT eslint@9.39.5 OK for: sentinel-app@0.1.0 want: ^9
88 silly placeDep ROOT eslint-config-next@16.3.3 OK for: sentinel-app@0.1.0 want: 16.3.3
89 silly placeDep ROOT lucide-react@1.34.0 OK for: sentinel-app@0.1.0 want: *
90 silly placeDep ROOT react@19.2.8 OK for: lucide-react@1.34.0 want: ^16.5.1 || ^17.0.0 || ^18.0.0 || ^19.0.0
91 silly placeDep ROOT next@16.3.3 OK for: sentinel-app@0.1.0 want: 16.3.3
92 silly placeDep ROOT react-dom@19.2.8 OK for: next@16.3.3 want: ^18.2.0 || 19.0.0-rc-de68d2f4-20241204 || ^19.0.0
93 silly placeDep ROOT tailwindcss@4.3.3 OK for: sentinel-app@0.1.0 want: ^4
94 silly placeDep ROOT typescript@5.9.3 OK for: sentinel-app@0.1.0 want: ^5
95 silly fetch manifest postcss@^8.5.16
96 silly packumentCache full:https://registry.npmjs.org/postcss cache-miss
97 silly fetch manifest tailwindcss@4.3.3
98 silly packumentCache full:https://registry.npmjs.org/tailwindcss cache-miss
99 silly fetch manifest @alloc/quick-lru@^5.2.0
100 silly packumentCache full:https://registry.npmjs.org/@alloc%2fquick-lru cache-miss
101 silly fetch manifest @tailwindcss/node@4.3.3
102 silly packumentCache full:https://registry.npmjs.org/@tailwindcss%2fnode cache-miss
103 silly fetch manifest @tailwindcss/oxide@4.3.3
104 silly packumentCache full:https://registry.npmjs.org/@tailwindcss%2foxide cache-miss
105 silly fetch manifest undici-types@~6.21.0
106 silly packumentCache full:https://registry.npmjs.org/undici-types cache-miss
107 silly fetch manifest csstype@^3.2.2
108 silly packumentCache full:https://registry.npmjs.org/csstype cache-miss
109 silly fetch manifest ajv@^6.14.0
110 silly packumentCache full:https://registry.npmjs.org/ajv cache-miss
111 silly fetch manifest chalk@^4.0.0
112 silly packumentCache full:https://registry.npmjs.org/chalk cache-miss
113 http cache https://registry.npmjs.org/tailwindcss 17ms (cache hit)
114 silly packumentCache full:https://registry.npmjs.org/tailwindcss set size:10868886 disposed:false
115 silly fetch manifest debug@^4.3.2
116 silly packumentCache full:https://registry.npmjs.org/debug cache-miss
117 http fetch GET 200 https://registry.npmjs.org/@alloc%2fquick-lru 1175ms (cache miss)
118 silly packumentCache full:https://registry.npmjs.org/@alloc%2fquick-lru set size:undefined disposed:false
119 silly fetch manifest espree@^10.4.0
120 silly packumentCache full:https://registry.npmjs.org/espree cache-miss
121 http fetch GET 200 https://registry.npmjs.org/postcss 1976ms (cache miss)
122 silly packumentCache full:https://registry.npmjs.org/postcss set size:undefined disposed:false
123 silly fetch manifest ignore@^5.2.0
124 silly packumentCache full:https://registry.npmjs.org/ignore cache-miss
125 http fetch GET 200 https://registry.npmjs.org/espree 1344ms (cache miss)
126 silly packumentCache full:https://registry.npmjs.org/espree set size:undefined disposed:false
127 silly fetch manifest esquery@^1.5.0
128 silly packumentCache full:https://registry.npmjs.org/esquery cache-miss
129 http fetch GET 200 https://registry.npmjs.org/ignore 1385ms (cache miss)
130 silly packumentCache full:https://registry.npmjs.org/ignore set size:undefined disposed:false
131 silly fetch manifest esutils@^2.0.2
132 silly packumentCache full:https://registry.npmjs.org/esutils cache-miss
133 http fetch GET 200 https://registry.npmjs.org/esquery 1553ms (cache miss)
134 silly packumentCache full:https://registry.npmjs.org/esquery set size:undefined disposed:false
135 silly fetch manifest find-up@^5.0.0
136 silly packumentCache full:https://registry.npmjs.org/find-up cache-miss
137 http fetch GET 200 https://registry.npmjs.org/debug 4309ms (cache miss)
138 silly packumentCache full:https://registry.npmjs.org/debug set size:undefined disposed:false
139 silly fetch manifest is-glob@^4.0.0
140 silly packumentCache full:https://registry.npmjs.org/is-glob cache-miss
141 http fetch GET 200 https://registry.npmjs.org/undici-types 4540ms (cache miss)
142 silly packumentCache full:https://registry.npmjs.org/undici-types set size:undefined disposed:false
143 silly fetch manifest minimatch@^3.1.5
144 silly packumentCache full:https://registry.npmjs.org/minimatch cache-miss
145 http fetch GET 200 https://registry.npmjs.org/csstype 4970ms (cache miss)
146 silly packumentCache full:https://registry.npmjs.org/csstype set size:undefined disposed:false
147 silly fetch manifest @eslint/js@9.39.5
148 silly packumentCache full:https://registry.npmjs.org/@eslint%2fjs cache-miss
149 http fetch GET 200 https://registry.npmjs.org/chalk 4973ms (cache miss)
150 silly packumentCache full:https://registry.npmjs.org/chalk set size:undefined disposed:false
151 silly fetch manifest optionator@^0.9.3
152 silly packumentCache full:https://registry.npmjs.org/optionator cache-miss
153 http fetch GET 200 https://registry.npmjs.org/ajv 5653ms (cache miss)
154 silly packumentCache full:https://registry.npmjs.org/ajv set size:undefined disposed:false
155 silly fetch manifest cross-spawn@^7.0.6
156 silly packumentCache full:https://registry.npmjs.org/cross-spawn cache-miss
157 http fetch GET 200 https://registry.npmjs.org/find-up 1753ms (cache miss)
158 silly packumentCache full:https://registry.npmjs.org/find-up set size:undefined disposed:false
159 silly fetch manifest glob-parent@^6.0.2
160 silly packumentCache full:https://registry.npmjs.org/glob-parent cache-miss
161 http fetch GET 200 https://registry.npmjs.org/is-glob 1485ms (cache miss)
162 silly packumentCache full:https://registry.npmjs.org/is-glob set size:undefined disposed:false
163 silly fetch manifest imurmurhash@^0.1.4
164 silly packumentCache full:https://registry.npmjs.org/imurmurhash cache-miss
165 http fetch GET 200 https://registry.npmjs.org/esutils 2630ms (cache miss)
166 silly packumentCache full:https://registry.npmjs.org/esutils set size:undefined disposed:false
167 silly fetch manifest @eslint/core@^0.17.0
168 silly packumentCache full:https://registry.npmjs.org/@eslint%2fcore cache-miss
169 http fetch GET 200 https://registry.npmjs.org/@tailwindcss%2fnode 6185ms (cache miss)
170 silly packumentCache full:https://registry.npmjs.org/@tailwindcss%2fnode set size:undefined disposed:false
171 silly fetch manifest eslint-scope@^8.4.0
172 silly packumentCache full:https://registry.npmjs.org/eslint-scope cache-miss
173 http fetch GET 200 https://registry.npmjs.org/optionator 1219ms (cache miss)
174 silly packumentCache full:https://registry.npmjs.org/optionator set size:undefined disposed:false
175 silly fetch manifest lodash.merge@^4.6.2
176 silly packumentCache full:https://registry.npmjs.org/lodash.merge cache-miss
177 http fetch GET 200 https://registry.npmjs.org/@eslint%2fjs 1229ms (cache miss)
178 silly packumentCache full:https://registry.npmjs.org/@eslint%2fjs set size:undefined disposed:false
179 silly fetch manifest @humanfs/node@^0.16.6
180 silly packumentCache full:https://registry.npmjs.org/@humanfs%2fnode cache-miss
181 http fetch GET 200 https://registry.npmjs.org/minimatch 1751ms (cache miss)
182 silly packumentCache full:https://registry.npmjs.org/minimatch set size:undefined disposed:false
183 silly fetch manifest @types/estree@^1.0.6
184 silly packumentCache full:https://registry.npmjs.org/@types%2festree cache-miss
185 http fetch GET 200 https://registry.npmjs.org/@tailwindcss%2foxide 7143ms (cache miss)
186 silly packumentCache full:https://registry.npmjs.org/@tailwindcss%2foxide set size:undefined disposed:false
187 silly fetch manifest fast-deep-equal@^3.1.3
188 silly packumentCache full:https://registry.npmjs.org/fast-deep-equal cache-miss
189 http fetch GET 200 https://registry.npmjs.org/cross-spawn 1792ms (cache miss)
190 silly packumentCache full:https://registry.npmjs.org/cross-spawn set size:undefined disposed:false
191 silly fetch manifest natural-compare@^1.4.0
192 silly packumentCache full:https://registry.npmjs.org/natural-compare cache-miss
193 http fetch GET 200 https://registry.npmjs.org/imurmurhash 1636ms (cache miss)
194 silly packumentCache full:https://registry.npmjs.org/imurmurhash set size:undefined disposed:false
195 silly fetch manifest @eslint/eslintrc@^3.3.6
196 silly packumentCache full:https://registry.npmjs.org/@eslint%2feslintrc cache-miss
197 http fetch GET 200 https://registry.npmjs.org/@eslint%2fcore 1497ms (cache miss)
198 silly packumentCache full:https://registry.npmjs.org/@eslint%2fcore set size:undefined disposed:false
199 silly fetch manifest file-entry-cache@^8.0.0
200 silly packumentCache full:https://registry.npmjs.org/file-entry-cache cache-miss
201 http fetch GET 200 https://registry.npmjs.org/lodash.merge 1534ms (cache miss)
202 silly packumentCache full:https://registry.npmjs.org/lodash.merge set size:undefined disposed:false
203 silly fetch manifest @eslint/plugin-kit@^0.4.1
204 silly packumentCache full:https://registry.npmjs.org/@eslint%2fplugin-kit cache-miss
205 http fetch GET 200 https://registry.npmjs.org/eslint-scope 1538ms (cache miss)
206 silly packumentCache full:https://registry.npmjs.org/eslint-scope set size:undefined disposed:false
207 silly fetch manifest eslint-visitor-keys@^4.2.1
208 silly packumentCache full:https://registry.npmjs.org/eslint-visitor-keys cache-miss
209 http fetch GET 200 https://registry.npmjs.org/@humanfs%2fnode 1571ms (cache miss)
210 silly packumentCache full:https://registry.npmjs.org/@humanfs%2fnode set size:undefined disposed:false
211 silly fetch manifest @eslint/config-array@^0.21.2
212 silly packumentCache full:https://registry.npmjs.org/@eslint%2fconfig-array cache-miss
213 http fetch GET 200 https://registry.npmjs.org/@types%2festree 1584ms (cache miss)
214 silly packumentCache full:https://registry.npmjs.org/@types%2festree set size:undefined disposed:false
215 silly fetch manifest @humanwhocodes/retry@^0.4.2
216 silly packumentCache full:https://registry.npmjs.org/@humanwhocodes%2fretry cache-miss
217 http fetch GET 200 https://registry.npmjs.org/fast-deep-equal 1691ms (cache miss)
218 silly packumentCache full:https://registry.npmjs.org/fast-deep-equal set size:undefined disposed:false
219 silly fetch manifest escape-string-regexp@^4.0.0
220 silly packumentCache full:https://registry.npmjs.org/escape-string-regexp cache-miss
221 http fetch GET 200 https://registry.npmjs.org/natural-compare 1470ms (cache miss)
222 silly packumentCache full:https://registry.npmjs.org/natural-compare set size:undefined disposed:false
223 silly fetch manifest @eslint/config-helpers@^0.4.2
224 silly packumentCache full:https://registry.npmjs.org/@eslint%2fconfig-helpers cache-miss
225 http fetch GET 200 https://registry.npmjs.org/@eslint%2feslintrc 1490ms (cache miss)
226 silly packumentCache full:https://registry.npmjs.org/@eslint%2feslintrc set size:undefined disposed:false
227 silly fetch manifest @eslint-community/regexpp@^4.12.1
228 silly packumentCache full:https://registry.npmjs.org/@eslint-community%2fregexpp cache-miss
229 http fetch GET 200 https://registry.npmjs.org/file-entry-cache 1463ms (cache miss)
230 silly packumentCache full:https://registry.npmjs.org/file-entry-cache set size:undefined disposed:false
231 silly fetch manifest @eslint-community/eslint-utils@^4.8.0
232 silly packumentCache full:https://registry.npmjs.org/@eslint-community%2feslint-utils cache-miss
233 http fetch GET 200 https://registry.npmjs.org/eslint-visitor-keys 1589ms (cache miss)
234 silly packumentCache full:https://registry.npmjs.org/eslint-visitor-keys set size:undefined disposed:false
235 silly fetch manifest @humanwhocodes/module-importer@^1.0.1
236 silly packumentCache full:https://registry.npmjs.org/@humanwhocodes%2fmodule-importer cache-miss
237 http fetch GET 200 https://registry.npmjs.org/@eslint%2fplugin-kit 1595ms (cache miss)
238 silly packumentCache full:https://registry.npmjs.org/@eslint%2fplugin-kit set size:undefined disposed:false
239 silly fetch manifest json-stable-stringify-without-jsonify@^1.0.1
240 silly packumentCache full:https://registry.npmjs.org/json-stable-stringify-without-jsonify cache-miss
241 http fetch GET 200 https://registry.npmjs.org/@eslint%2fconfig-array 1553ms (cache miss)
242 silly packumentCache full:https://registry.npmjs.org/@eslint%2fconfig-array set size:undefined disposed:false
243 silly fetch manifest globals@16.4.0
244 silly packumentCache full:https://registry.npmjs.org/globals cache-miss
245 http fetch GET 200 https://registry.npmjs.org/@humanwhocodes%2fretry 1449ms (cache miss)
246 silly packumentCache full:https://registry.npmjs.org/@humanwhocodes%2fretry set size:undefined disposed:false
247 silly fetch manifest typescript-eslint@^8.46.0
248 silly packumentCache full:https://registry.npmjs.org/typescript-eslint cache-miss
249 http fetch GET 200 https://registry.npmjs.org/@eslint-community%2feslint-utils 1379ms (cache miss)
250 silly packumentCache full:https://registry.npmjs.org/@eslint-community%2feslint-utils set size:undefined disposed:false
251 silly fetch manifest eslint-plugin-react@^7.37.0
252 silly packumentCache full:https://registry.npmjs.org/eslint-plugin-react cache-miss
253 http fetch GET 200 https://registry.npmjs.org/escape-string-regexp 1492ms (cache miss)
254 silly packumentCache full:https://registry.npmjs.org/escape-string-regexp set size:undefined disposed:false
255 silly fetch manifest eslint-plugin-import@^2.32.0
256 silly packumentCache full:https://registry.npmjs.org/eslint-plugin-import cache-miss
257 http fetch GET 200 https://registry.npmjs.org/json-stable-stringify-without-jsonify 1257ms (cache miss)
258 silly packumentCache full:https://registry.npmjs.org/json-stable-stringify-without-jsonify set size:undefined disposed:false
259 silly fetch manifest eslint-plugin-jsx-a11y@^6.10.0
260 silly packumentCache full:https://registry.npmjs.org/eslint-plugin-jsx-a11y cache-miss
261 http fetch GET 200 https://registry.npmjs.org/@humanwhocodes%2fmodule-importer 1350ms (cache miss)
262 silly packumentCache full:https://registry.npmjs.org/@humanwhocodes%2fmodule-importer set size:undefined disposed:false
263 silly fetch manifest @next/eslint-plugin-next@16.3.3
264 silly packumentCache full:https://registry.npmjs.org/@next%2feslint-plugin-next cache-miss
265 http fetch GET 200 https://registry.npmjs.org/@eslint-community%2fregexpp 1719ms (cache miss)
266 silly packumentCache full:https://registry.npmjs.org/@eslint-community%2fregexpp set size:undefined disposed:false
267 silly fetch manifest eslint-plugin-react-hooks@^7.0.0
268 silly packumentCache full:https://registry.npmjs.org/eslint-plugin-react-hooks cache-miss
269 http fetch GET 200 https://registry.npmjs.org/@eslint%2fconfig-helpers 1784ms (cache miss)
270 silly packumentCache full:https://registry.npmjs.org/@eslint%2fconfig-helpers set size:undefined disposed:false
271 silly fetch manifest eslint-import-resolver-node@^0.3.6
272 silly packumentCache full:https://registry.npmjs.org/eslint-import-resolver-node cache-miss
273 http fetch GET 200 https://registry.npmjs.org/globals 1588ms (cache miss)
274 silly packumentCache full:https://registry.npmjs.org/globals set size:undefined disposed:false
275 silly fetch manifest eslint-import-resolver-typescript@^3.5.2
276 silly packumentCache full:https://registry.npmjs.org/eslint-import-resolver-typescript cache-miss
277 http fetch GET 200 https://registry.npmjs.org/eslint-import-resolver-node 1468ms (cache miss)
278 silly packumentCache full:https://registry.npmjs.org/eslint-import-resolver-node set size:undefined disposed:false
279 silly fetch manifest postcss@8.5.23
280 silly packumentCache full:https://registry.npmjs.org/postcss cache-miss
281 http cache https://registry.npmjs.org/postcss 4ms (cache hit)
282 silly packumentCache full:https://registry.npmjs.org/postcss set size:760024 disposed:false
283 silly fetch manifest @next/env@16.3.3
284 silly packumentCache full:https://registry.npmjs.org/@next%2fenv cache-miss
285 http fetch GET 200 https://registry.npmjs.org/eslint-plugin-jsx-a11y 2239ms (cache miss)
286 silly packumentCache full:https://registry.npmjs.org/eslint-plugin-jsx-a11y set size:undefined disposed:false
287 silly fetch manifest styled-jsx@5.1.6
288 silly packumentCache full:https://registry.npmjs.org/styled-jsx cache-miss
289 http fetch GET 200 https://registry.npmjs.org/glob-parent 7060ms (cache miss)
290 silly packumentCache full:https://registry.npmjs.org/glob-parent set size:undefined disposed:false
291 silly fetch manifest @swc/helpers@0.5.23
292 silly packumentCache full:https://registry.npmjs.org/@swc%2fhelpers cache-miss
293 http fetch GET 200 https://registry.npmjs.org/eslint-import-resolver-typescript 1974ms (cache miss)
294 silly packumentCache full:https://registry.npmjs.org/eslint-import-resolver-typescript set size:undefined disposed:false
295 silly fetch manifest caniuse-lite@^1.0.30001579
296 silly packumentCache full:https://registry.npmjs.org/caniuse-lite cache-miss
297 http fetch GET 200 https://registry.npmjs.org/eslint-plugin-react 2628ms (cache miss)
298 silly packumentCache full:https://registry.npmjs.org/eslint-plugin-react set size:undefined disposed:false
299 silly fetch manifest baseline-browser-mapping@^2.9.19
300 silly packumentCache full:https://registry.npmjs.org/baseline-browser-mapping cache-miss
301 http fetch GET 200 https://registry.npmjs.org/eslint-plugin-import 2731ms (cache miss)
302 silly packumentCache full:https://registry.npmjs.org/eslint-plugin-import set size:undefined disposed:false
303 silly fetch manifest sharp@^0.35.3
304 silly packumentCache full:https://registry.npmjs.org/sharp cache-miss
305 http fetch GET 200 https://registry.npmjs.org/typescript-eslint 4876ms (cache miss)
306 silly packumentCache full:https://registry.npmjs.org/typescript-eslint set size:undefined disposed:false
307 silly fetch manifest @next/swc-darwin-x64@16.3.3
308 silly packumentCache full:https://registry.npmjs.org/@next%2fswc-darwin-x64 cache-miss
309 http fetch GET 200 https://registry.npmjs.org/@swc%2fhelpers 1960ms (cache miss)
310 silly packumentCache full:https://registry.npmjs.org/@swc%2fhelpers set size:undefined disposed:false
311 silly fetch manifest @next/swc-darwin-arm64@16.3.3
312 silly packumentCache full:https://registry.npmjs.org/@next%2fswc-darwin-arm64 cache-miss
313 http fetch GET 200 https://registry.npmjs.org/baseline-browser-mapping 2014ms (cache miss)
314 silly packumentCache full:https://registry.npmjs.org/baseline-browser-mapping set size:undefined disposed:false
315 silly fetch manifest @next/swc-linux-x64-gnu@16.3.3
316 silly packumentCache full:https://registry.npmjs.org/@next%2fswc-linux-x64-gnu cache-miss
317 http fetch GET 200 https://registry.npmjs.org/sharp 2903ms (cache miss)
318 silly packumentCache full:https://registry.npmjs.org/sharp set size:undefined disposed:false
319 silly fetch manifest @next/swc-linux-x64-musl@16.3.3
320 silly packumentCache full:https://registry.npmjs.org/@next%2fswc-linux-x64-musl cache-miss
321 http fetch GET 200 https://registry.npmjs.org/styled-jsx 4051ms (cache miss)
322 silly packumentCache full:https://registry.npmjs.org/styled-jsx set size:undefined disposed:false
323 silly fetch manifest @next/swc-win32-x64-msvc@16.3.3
324 silly packumentCache full:https://registry.npmjs.org/@next%2fswc-win32-x64-msvc cache-miss
325 http fetch GET 200 https://registry.npmjs.org/caniuse-lite 4452ms (cache miss)
326 silly packumentCache full:https://registry.npmjs.org/caniuse-lite set size:undefined disposed:false
327 silly fetch manifest @next/swc-linux-arm64-gnu@16.3.3
328 silly packumentCache full:https://registry.npmjs.org/@next%2fswc-linux-arm64-gnu cache-miss
329 http fetch GET 200 https://registry.npmjs.org/@next%2fswc-win32-x64-msvc 9343ms (cache miss)
330 silly packumentCache full:https://registry.npmjs.org/@next%2fswc-win32-x64-msvc set size:undefined disposed:false
331 silly fetch manifest @next/swc-linux-arm64-musl@16.3.3
332 silly packumentCache full:https://registry.npmjs.org/@next%2fswc-linux-arm64-musl cache-miss
333 http fetch GET 200 https://registry.npmjs.org/@next%2fswc-linux-arm64-gnu 9756ms (cache miss)
334 silly packumentCache full:https://registry.npmjs.org/@next%2fswc-linux-arm64-gnu set size:undefined disposed:false
335 silly fetch manifest @next/swc-win32-arm64-msvc@16.3.3
336 silly packumentCache full:https://registry.npmjs.org/@next%2fswc-win32-arm64-msvc cache-miss
337 http fetch GET 200 https://registry.npmjs.org/@next%2feslint-plugin-next 17792ms (cache miss)
338 silly packumentCache full:https://registry.npmjs.org/@next%2feslint-plugin-next set size:undefined disposed:false
339 silly fetch manifest scheduler@^0.27.0
340 silly packumentCache full:https://registry.npmjs.org/scheduler cache-miss
341 http fetch GET 200 https://registry.npmjs.org/@next%2fswc-linux-x64-musl 19462ms (cache miss)
342 silly packumentCache full:https://registry.npmjs.org/@next%2fswc-linux-x64-musl set size:undefined disposed:false
343 http fetch GET 200 https://registry.npmjs.org/@next%2fswc-linux-x64-gnu 21913ms (cache miss)
344 silly packumentCache full:https://registry.npmjs.org/@next%2fswc-linux-x64-gnu set size:undefined disposed:false
345 http fetch GET 200 https://registry.npmjs.org/@next%2fenv 25103ms (cache miss)
346 silly packumentCache full:https://registry.npmjs.org/@next%2fenv set size:undefined disposed:false
347 http fetch GET 200 https://registry.npmjs.org/@next%2fswc-win32-arm64-msvc 14287ms (cache miss)
348 silly packumentCache full:https://registry.npmjs.org/@next%2fswc-win32-arm64-msvc set size:undefined disposed:false
349 http fetch GET 200 https://registry.npmjs.org/@next%2fswc-linux-arm64-musl 15810ms (cache miss)
350 silly packumentCache full:https://registry.npmjs.org/@next%2fswc-linux-arm64-musl set size:undefined disposed:false
351 http fetch GET 200 https://registry.npmjs.org/eslint-plugin-react-hooks 32032ms (cache miss)
352 silly packumentCache full:https://registry.npmjs.org/eslint-plugin-react-hooks set size:undefined disposed:false
353 http fetch GET 200 https://registry.npmjs.org/@next%2fswc-darwin-arm64 31408ms (cache miss)
354 silly packumentCache full:https://registry.npmjs.org/@next%2fswc-darwin-arm64 set size:undefined disposed:false
355 http fetch GET 200 https://registry.npmjs.org/scheduler 18423ms (cache miss)
356 silly packumentCache full:https://registry.npmjs.org/scheduler set size:undefined disposed:false
357 http fetch GET 200 https://registry.npmjs.org/@next%2fswc-darwin-x64 35417ms (cache miss)
358 silly packumentCache full:https://registry.npmjs.org/@next%2fswc-darwin-x64 set size:undefined disposed:false
359 silly placeDep ROOT @alloc/quick-lru@5.2.0 OK for: @tailwindcss/postcss@4.3.3 want: ^5.2.0
360 silly placeDep ROOT @tailwindcss/node@4.3.3 OK for: @tailwindcss/postcss@4.3.3 want: 4.3.3
361 silly placeDep ROOT @tailwindcss/oxide@4.3.3 OK for: @tailwindcss/postcss@4.3.3 want: 4.3.3
362 silly placeDep ROOT postcss@8.5.26 OK for: @tailwindcss/postcss@4.3.3 want: ^8.5.16
363 silly fetch manifest jiti@^2.7.0
364 silly packumentCache full:https://registry.npmjs.org/jiti cache-miss
365 silly fetch manifest lightningcss@1.32.0
366 silly packumentCache full:https://registry.npmjs.org/lightningcss cache-miss
367 silly fetch manifest magic-string@^0.30.21
368 silly packumentCache full:https://registry.npmjs.org/magic-string cache-miss
369 silly fetch manifest source-map-js@^1.2.1
370 silly packumentCache full:https://registry.npmjs.org/source-map-js cache-miss
371 silly fetch manifest enhanced-resolve@^5.24.1
372 silly packumentCache full:https://registry.npmjs.org/enhanced-resolve cache-miss
373 silly fetch manifest @jridgewell/remapping@^2.3.5
374 silly packumentCache full:https://registry.npmjs.org/@jridgewell%2fremapping cache-miss
375 silly fetch manifest @tailwindcss/oxide-darwin-x64@4.3.3
376 silly packumentCache full:https://registry.npmjs.org/@tailwindcss%2foxide-darwin-x64 cache-miss
377 silly fetch manifest @tailwindcss/oxide-freebsd-x64@4.3.3
378 silly packumentCache full:https://registry.npmjs.org/@tailwindcss%2foxide-freebsd-x64 cache-miss
379 silly fetch manifest @tailwindcss/oxide-wasm32-wasi@4.3.3
380 silly packumentCache full:https://registry.npmjs.org/@tailwindcss%2foxide-wasm32-wasi cache-miss
381 http cache https://registry.npmjs.org/jiti 8ms (cache hit)
382 silly packumentCache full:https://registry.npmjs.org/jiti set size:387989 disposed:false
383 silly fetch manifest @tailwindcss/oxide-darwin-arm64@4.3.3
384 silly packumentCache full:https://registry.npmjs.org/@tailwindcss%2foxide-darwin-arm64 cache-miss
385 http fetch GET 200 https://registry.npmjs.org/@jridgewell%2fremapping 1150ms (cache miss)
386 silly packumentCache full:https://registry.npmjs.org/@jridgewell%2fremapping set size:undefined disposed:false
387 silly fetch manifest @tailwindcss/oxide-android-arm64@4.3.3
388 silly packumentCache full:https://registry.npmjs.org/@tailwindcss%2foxide-android-arm64 cache-miss
389 http fetch GET 200 https://registry.npmjs.org/source-map-js 1278ms (cache miss)
390 silly packumentCache full:https://registry.npmjs.org/source-map-js set size:undefined disposed:false
391 silly fetch manifest @tailwindcss/oxide-linux-x64-gnu@4.3.3
392 silly packumentCache full:https://registry.npmjs.org/@tailwindcss%2foxide-linux-x64-gnu cache-miss
393 http fetch GET 200 https://registry.npmjs.org/lightningcss 1603ms (cache miss)
394 silly packumentCache full:https://registry.npmjs.org/lightningcss set size:undefined disposed:false
395 silly fetch manifest @tailwindcss/oxide-linux-x64-musl@4.3.3
396 silly packumentCache full:https://registry.npmjs.org/@tailwindcss%2foxide-linux-x64-musl cache-miss
397 http fetch GET 200 https://registry.npmjs.org/enhanced-resolve 2179ms (cache miss)
398 silly packumentCache full:https://registry.npmjs.org/enhanced-resolve set size:undefined disposed:false
399 silly fetch manifest @tailwindcss/oxide-win32-x64-msvc@4.3.3
400 silly packumentCache full:https://registry.npmjs.org/@tailwindcss%2foxide-win32-x64-msvc cache-miss
401 http fetch GET 200 https://registry.npmjs.org/magic-string 2253ms (cache miss)
402 silly packumentCache full:https://registry.npmjs.org/magic-string set size:undefined disposed:false
403 silly fetch manifest @tailwindcss/oxide-linux-arm64-gnu@4.3.3
404 silly packumentCache full:https://registry.npmjs.org/@tailwindcss%2foxide-linux-arm64-gnu cache-miss
405 http fetch GET 200 https://registry.npmjs.org/@tailwindcss%2foxide-wasm32-wasi 4299ms (cache miss)
406 silly packumentCache full:https://registry.npmjs.org/@tailwindcss%2foxide-wasm32-wasi set size:undefined disposed:false
407 silly fetch manifest @tailwindcss/oxide-linux-arm64-musl@4.3.3
408 silly packumentCache full:https://registry.npmjs.org/@tailwindcss%2foxide-linux-arm64-musl cache-miss
409 http fetch GET 200 https://registry.npmjs.org/@tailwindcss%2foxide-android-arm64 4117ms (cache miss)
410 silly packumentCache full:https://registry.npmjs.org/@tailwindcss%2foxide-android-arm64 set size:undefined disposed:false
411 silly fetch manifest @tailwindcss/oxide-win32-arm64-msvc@4.3.3
412 silly packumentCache full:https://registry.npmjs.org/@tailwindcss%2foxide-win32-arm64-msvc cache-miss
413 http fetch GET 200 https://registry.npmjs.org/@tailwindcss%2foxide-win32-arm64-msvc 5843ms (cache miss)
414 silly packumentCache full:https://registry.npmjs.org/@tailwindcss%2foxide-win32-arm64-msvc set size:undefined disposed:false
415 silly fetch manifest @tailwindcss/oxide-linux-arm-gnueabihf@4.3.3
416 silly packumentCache full:https://registry.npmjs.org/@tailwindcss%2foxide-linux-arm-gnueabihf cache-miss
417 http fetch GET 200 https://registry.npmjs.org/@tailwindcss%2foxide-win32-x64-msvc 10668ms (cache miss)
418 silly packumentCache full:https://registry.npmjs.org/@tailwindcss%2foxide-win32-x64-msvc set size:undefined disposed:false
419 silly fetch manifest nanoid@^3.3.17
420 silly packumentCache full:https://registry.npmjs.org/nanoid cache-miss
421 http fetch GET 200 https://registry.npmjs.org/@tailwindcss%2foxide-freebsd-x64 14069ms (cache miss)
422 silly packumentCache full:https://registry.npmjs.org/@tailwindcss%2foxide-freebsd-x64 set size:undefined disposed:false
423 silly fetch manifest picocolors@^1.1.1
424 silly packumentCache full:https://registry.npmjs.org/picocolors cache-miss
425 http fetch GET 200 https://registry.npmjs.org/@tailwindcss%2foxide-linux-arm64-musl 10933ms (cache miss)
426 silly packumentCache full:https://registry.npmjs.org/@tailwindcss%2foxide-linux-arm64-musl set size:undefined disposed:false
427 http fetch GET 200 https://registry.npmjs.org/picocolors 1238ms (cache miss)
428 silly packumentCache full:https://registry.npmjs.org/picocolors set size:undefined disposed:false
429 http fetch GET 200 https://registry.npmjs.org/@tailwindcss%2foxide-darwin-x64 16141ms (cache miss)
430 silly packumentCache full:https://registry.npmjs.org/@tailwindcss%2foxide-darwin-x64 set size:undefined disposed:false
431 http fetch GET 200 https://registry.npmjs.org/nanoid 3361ms (cache miss)
432 silly packumentCache full:https://registry.npmjs.org/nanoid set size:undefined disposed:false
433 http fetch GET 200 https://registry.npmjs.org/@tailwindcss%2foxide-linux-x64-gnu 15878ms (cache miss)
434 silly packumentCache full:https://registry.npmjs.org/@tailwindcss%2foxide-linux-x64-gnu set size:undefined disposed:false
435 http fetch GET 200 https://registry.npmjs.org/@tailwindcss%2foxide-linux-arm-gnueabihf 6521ms (cache miss)
436 silly packumentCache full:https://registry.npmjs.org/@tailwindcss%2foxide-linux-arm-gnueabihf set size:undefined disposed:false
437 http fetch GET 200 https://registry.npmjs.org/@tailwindcss%2foxide-darwin-arm64 17734ms (cache miss)
438 silly packumentCache full:https://registry.npmjs.org/@tailwindcss%2foxide-darwin-arm64 set size:undefined disposed:false
439 http fetch GET 200 https://registry.npmjs.org/@tailwindcss%2foxide-linux-arm64-gnu 15693ms (cache miss)
440 silly packumentCache full:https://registry.npmjs.org/@tailwindcss%2foxide-linux-arm64-gnu set size:undefined disposed:false
441 http fetch GET 200 https://registry.npmjs.org/@tailwindcss%2foxide-linux-x64-musl 16700ms (cache miss)
442 silly packumentCache full:https://registry.npmjs.org/@tailwindcss%2foxide-linux-x64-musl set size:undefined disposed:false
443 silly placeDep ROOT @jridgewell/remapping@2.3.5 OK for: @tailwindcss/node@4.3.3 want: ^2.3.5
444 silly placeDep ROOT enhanced-resolve@5.24.5 OK for: @tailwindcss/node@4.3.3 want: ^5.24.1
445 silly placeDep ROOT jiti@2.7.0 OK for: @tailwindcss/node@4.3.3 want: ^2.7.0
446 silly placeDep ROOT lightningcss@1.32.0 OK for: @tailwindcss/node@4.3.3 want: 1.32.0
447 silly placeDep ROOT magic-string@0.30.21 OK for: @tailwindcss/node@4.3.3 want: ^0.30.21
448 silly placeDep ROOT source-map-js@1.2.1 OK for: @tailwindcss/node@4.3.3 want: ^1.2.1
449 silly fetch manifest @jridgewell/gen-mapping@^0.3.5
450 silly packumentCache full:https://registry.npmjs.org/@jridgewell%2fgen-mapping cache-miss
451 silly fetch manifest @jridgewell/trace-mapping@^0.3.24
452 silly packumentCache full:https://registry.npmjs.org/@jridgewell%2ftrace-mapping cache-miss
453 silly fetch manifest tapable@^2.3.3
454 silly packumentCache full:https://registry.npmjs.org/tapable cache-miss
455 silly fetch manifest graceful-fs@^4.2.4
456 silly packumentCache full:https://registry.npmjs.org/graceful-fs cache-miss
457 silly fetch manifest detect-libc@^2.0.3
458 silly packumentCache full:https://registry.npmjs.org/detect-libc cache-miss
459 silly fetch manifest lightningcss-darwin-x64@1.32.0
460 silly packumentCache full:https://registry.npmjs.org/lightningcss-darwin-x64 cache-miss
461 silly fetch manifest lightningcss-freebsd-x64@1.32.0
462 silly packumentCache full:https://registry.npmjs.org/lightningcss-freebsd-x64 cache-miss
463 silly fetch manifest lightningcss-darwin-arm64@1.32.0
464 silly packumentCache full:https://registry.npmjs.org/lightningcss-darwin-arm64 cache-miss
465 silly fetch manifest lightningcss-android-arm64@1.32.0
466 silly packumentCache full:https://registry.npmjs.org/lightningcss-android-arm64 cache-miss
467 http fetch GET 200 https://registry.npmjs.org/lightningcss-android-arm64 958ms (cache miss)
468 silly packumentCache full:https://registry.npmjs.org/lightningcss-android-arm64 set size:undefined disposed:false
469 silly fetch manifest lightningcss-linux-x64-gnu@1.32.0
470 silly packumentCache full:https://registry.npmjs.org/lightningcss-linux-x64-gnu cache-miss
471 http fetch GET 200 https://registry.npmjs.org/lightningcss-darwin-x64 1031ms (cache miss)
472 silly packumentCache full:https://registry.npmjs.org/lightningcss-darwin-x64 set size:undefined disposed:false
473 silly fetch manifest lightningcss-linux-x64-musl@1.32.0
474 silly packumentCache full:https://registry.npmjs.org/lightningcss-linux-x64-musl cache-miss
475 http fetch GET 200 https://registry.npmjs.org/lightningcss-freebsd-x64 1107ms (cache miss)
476 silly packumentCache full:https://registry.npmjs.org/lightningcss-freebsd-x64 set size:undefined disposed:false
477 silly fetch manifest lightningcss-win32-x64-msvc@1.32.0
478 silly packumentCache full:https://registry.npmjs.org/lightningcss-win32-x64-msvc cache-miss
479 http fetch GET 200 https://registry.npmjs.org/@jridgewell%2fgen-mapping 1108ms (cache miss)
480 silly packumentCache full:https://registry.npmjs.org/@jridgewell%2fgen-mapping set size:undefined disposed:false
481 silly fetch manifest lightningcss-linux-arm64-gnu@1.32.0
482 silly packumentCache full:https://registry.npmjs.org/lightningcss-linux-arm64-gnu cache-miss
483 http fetch GET 200 https://registry.npmjs.org/detect-libc 1133ms (cache miss)
484 silly packumentCache full:https://registry.npmjs.org/detect-libc set size:undefined disposed:false
485 silly fetch manifest lightningcss-linux-arm64-musl@1.32.0
486 silly packumentCache full:https://registry.npmjs.org/lightningcss-linux-arm64-musl cache-miss
487 http fetch GET 200 https://registry.npmjs.org/lightningcss-darwin-arm64 1220ms (cache miss)
488 silly packumentCache full:https://registry.npmjs.org/lightningcss-darwin-arm64 set size:undefined disposed:false
489 silly fetch manifest lightningcss-win32-arm64-msvc@1.32.0
490 silly packumentCache full:https://registry.npmjs.org/lightningcss-win32-arm64-msvc cache-miss
491 http fetch GET 200 https://registry.npmjs.org/graceful-fs 1408ms (cache miss)
492 silly packumentCache full:https://registry.npmjs.org/graceful-fs set size:undefined disposed:false
493 silly fetch manifest lightningcss-linux-arm-gnueabihf@1.32.0
494 silly packumentCache full:https://registry.npmjs.org/lightningcss-linux-arm-gnueabihf cache-miss
495 http fetch GET 200 https://registry.npmjs.org/@jridgewell%2ftrace-mapping 1541ms (cache miss)
496 silly packumentCache full:https://registry.npmjs.org/@jridgewell%2ftrace-mapping set size:undefined disposed:false
497 silly fetch manifest @jridgewell/sourcemap-codec@^1.5.5
498 silly packumentCache full:https://registry.npmjs.org/@jridgewell%2fsourcemap-codec cache-miss
499 http fetch GET 200 https://registry.npmjs.org/tapable 1835ms (cache miss)
500 silly packumentCache full:https://registry.npmjs.org/tapable set size:undefined disposed:false
501 http fetch GET 200 https://registry.npmjs.org/lightningcss-linux-x64-musl 1285ms (cache miss)
502 silly packumentCache full:https://registry.npmjs.org/lightningcss-linux-x64-musl set size:undefined disposed:false
503 http fetch GET 200 https://registry.npmjs.org/lightningcss-win32-arm64-msvc 1142ms (cache miss)
504 silly packumentCache full:https://registry.npmjs.org/lightningcss-win32-arm64-msvc set size:undefined disposed:false
505 http fetch GET 200 https://registry.npmjs.org/lightningcss-win32-x64-msvc 1314ms (cache miss)
506 silly packumentCache full:https://registry.npmjs.org/lightningcss-win32-x64-msvc set size:undefined disposed:false
507 http fetch GET 200 https://registry.npmjs.org/@jridgewell%2fsourcemap-codec 899ms (cache miss)
508 silly packumentCache full:https://registry.npmjs.org/@jridgewell%2fsourcemap-codec set size:undefined disposed:false
509 http fetch GET 200 https://registry.npmjs.org/lightningcss-linux-x64-gnu 1902ms (cache miss)
510 silly packumentCache full:https://registry.npmjs.org/lightningcss-linux-x64-gnu set size:undefined disposed:false
511 http fetch GET 200 https://registry.npmjs.org/lightningcss-linux-arm64-gnu 1753ms (cache miss)
512 silly packumentCache full:https://registry.npmjs.org/lightningcss-linux-arm64-gnu set size:undefined disposed:false
513 http fetch GET 200 https://registry.npmjs.org/lightningcss-linux-arm64-musl 2137ms (cache miss)
514 silly packumentCache full:https://registry.npmjs.org/lightningcss-linux-arm64-musl set size:undefined disposed:false
515 http fetch GET 200 https://registry.npmjs.org/lightningcss-linux-arm-gnueabihf 3154ms (cache miss)
516 silly packumentCache full:https://registry.npmjs.org/lightningcss-linux-arm-gnueabihf set size:undefined disposed:false
517 silly placeDep ROOT @jridgewell/gen-mapping@0.3.13 OK for: @jridgewell/remapping@2.3.5 want: ^0.3.5
518 silly placeDep ROOT @jridgewell/trace-mapping@0.3.31 OK for: @jridgewell/remapping@2.3.5 want: ^0.3.24
519 silly fetch manifest @jridgewell/sourcemap-codec@^1.5.0
520 silly packumentCache full:https://registry.npmjs.org/@jridgewell%2fsourcemap-codec cache-miss
521 silly fetch manifest @jridgewell/resolve-uri@^3.1.0
522 silly packumentCache full:https://registry.npmjs.org/@jridgewell%2fresolve-uri cache-miss
523 silly fetch manifest @jridgewell/sourcemap-codec@^1.4.14
524 silly packumentCache full:https://registry.npmjs.org/@jridgewell%2fsourcemap-codec cache-miss
525 http cache https://registry.npmjs.org/@jridgewell%2fsourcemap-codec 7ms (cache hit)
526 silly packumentCache full:https://registry.npmjs.org/@jridgewell%2fsourcemap-codec set size:65255 disposed:false
527 http cache https://registry.npmjs.org/@jridgewell%2fsourcemap-codec 8ms (cache hit)
528 silly packumentCache full:https://registry.npmjs.org/@jridgewell%2fsourcemap-codec set size:65255 disposed:false
529 silly packumentCache full:https://registry.npmjs.org/@jridgewell%2fsourcemap-codec dispose
530 http fetch GET 200 https://registry.npmjs.org/@jridgewell%2fresolve-uri 1132ms (cache miss)
531 silly packumentCache full:https://registry.npmjs.org/@jridgewell%2fresolve-uri set size:undefined disposed:false
532 silly placeDep ROOT @jridgewell/sourcemap-codec@1.6.0 OK for: @jridgewell/gen-mapping@0.3.13 want: ^1.5.0
533 silly placeDep ROOT @jridgewell/resolve-uri@3.1.2 OK for: @jridgewell/trace-mapping@0.3.31 want: ^3.1.0
534 silly placeDep ROOT @tailwindcss/oxide-android-arm64@4.3.3 OK for: @tailwindcss/oxide@4.3.3 want: 4.3.3
535 silly placeDep ROOT @tailwindcss/oxide-darwin-arm64@4.3.3 OK for: @tailwindcss/oxide@4.3.3 want: 4.3.3
536 silly placeDep ROOT @tailwindcss/oxide-darwin-x64@4.3.3 OK for: @tailwindcss/oxide@4.3.3 want: 4.3.3
537 silly placeDep ROOT @tailwindcss/oxide-freebsd-x64@4.3.3 OK for: @tailwindcss/oxide@4.3.3 want: 4.3.3
538 silly placeDep ROOT @tailwindcss/oxide-linux-arm-gnueabihf@4.3.3 OK for: @tailwindcss/oxide@4.3.3 want: 4.3.3
539 silly placeDep ROOT @tailwindcss/oxide-linux-arm64-gnu@4.3.3 OK for: @tailwindcss/oxide@4.3.3 want: 4.3.3
540 silly placeDep ROOT @tailwindcss/oxide-linux-arm64-musl@4.3.3 OK for: @tailwindcss/oxide@4.3.3 want: 4.3.3
541 silly placeDep ROOT @tailwindcss/oxide-linux-x64-gnu@4.3.3 OK for: @tailwindcss/oxide@4.3.3 want: 4.3.3
542 silly placeDep ROOT @tailwindcss/oxide-linux-x64-musl@4.3.3 OK for: @tailwindcss/oxide@4.3.3 want: 4.3.3
543 silly placeDep ROOT @tailwindcss/oxide-wasm32-wasi@4.3.3 OK for: @tailwindcss/oxide@4.3.3 want: 4.3.3
544 silly placeDep ROOT @tailwindcss/oxide-win32-arm64-msvc@4.3.3 OK for: @tailwindcss/oxide@4.3.3 want: 4.3.3
545 silly placeDep ROOT @tailwindcss/oxide-win32-x64-msvc@4.3.3 OK for: @tailwindcss/oxide@4.3.3 want: 4.3.3
546 silly placeDep ROOT undici-types@6.21.0 OK for: @types/node@20.19.43 want: ~6.21.0
547 silly placeDep ROOT csstype@3.2.3 OK for: @types/react@19.2.18 want: ^3.2.2
548 silly placeDep ROOT graceful-fs@4.2.11 OK for: enhanced-resolve@5.24.5 want: ^4.2.4
549 silly placeDep ROOT tapable@2.3.3 OK for: enhanced-resolve@5.24.5 want: ^2.3.3
550 silly fetch manifest eslint@^6.0.0 || ^7.0.0 || >=8.0.0
551 silly packumentCache full:https://registry.npmjs.org/eslint cache-miss
552 http cache https://registry.npmjs.org/eslint 3ms (cache hit)
553 silly packumentCache full:https://registry.npmjs.org/eslint set size:2070000 disposed:false
554 silly placeDep ROOT @eslint-community/eslint-utils@4.10.1 OK for: eslint@9.39.5 want: ^4.8.0
555 silly placeDep ROOT @eslint-community/regexpp@4.12.2 OK for: eslint@9.39.5 want: ^4.12.1
556 silly placeDep ROOT @eslint/config-array@0.21.2 OK for: eslint@9.39.5 want: ^0.21.2
557 silly placeDep ROOT @eslint/config-helpers@0.4.2 OK for: eslint@9.39.5 want: ^0.4.2
558 silly placeDep ROOT @eslint/core@0.17.0 OK for: eslint@9.39.5 want: ^0.17.0
559 silly placeDep ROOT @eslint/eslintrc@3.3.6 OK for: eslint@9.39.5 want: ^3.3.6
560 silly placeDep ROOT @eslint/js@9.39.5 OK for: eslint@9.39.5 want: 9.39.5
561 silly placeDep ROOT @eslint/plugin-kit@0.4.1 OK for: eslint@9.39.5 want: ^0.4.1
562 silly placeDep ROOT @humanfs/node@0.16.8 OK for: eslint@9.39.5 want: ^0.16.6
563 silly placeDep ROOT @humanwhocodes/module-importer@1.0.1 OK for: eslint@9.39.5 want: ^1.0.1
564 silly placeDep ROOT @humanwhocodes/retry@0.4.3 OK for: eslint@9.39.5 want: ^0.4.2
565 silly placeDep ROOT @types/estree@1.0.9 OK for: eslint@9.39.5 want: ^1.0.6
566 silly placeDep ROOT ajv@6.15.0 OK for: eslint@9.39.5 want: ^6.14.0
567 silly placeDep ROOT chalk@4.1.2 OK for: eslint@9.39.5 want: ^4.0.0
568 silly placeDep ROOT cross-spawn@7.0.6 OK for: eslint@9.39.5 want: ^7.0.6
569 silly placeDep ROOT debug@4.4.3 OK for: eslint@9.39.5 want: ^4.3.2
570 silly placeDep ROOT escape-string-regexp@4.0.0 OK for: eslint@9.39.5 want: ^4.0.0
571 silly placeDep ROOT eslint-scope@8.4.0 OK for: eslint@9.39.5 want: ^8.4.0
572 silly placeDep ROOT eslint-visitor-keys@4.2.1 OK for: eslint@9.39.5 want: ^4.2.1
573 silly placeDep ROOT espree@10.4.0 OK for: eslint@9.39.5 want: ^10.4.0
574 silly placeDep ROOT esquery@1.7.0 OK for: eslint@9.39.5 want: ^1.5.0
575 silly placeDep ROOT esutils@2.0.3 OK for: eslint@9.39.5 want: ^2.0.2
576 silly placeDep ROOT fast-deep-equal@3.1.3 OK for: eslint@9.39.5 want: ^3.1.3
577 silly placeDep ROOT file-entry-cache@8.0.0 OK for: eslint@9.39.5 want: ^8.0.0
578 silly placeDep ROOT find-up@5.0.0 OK for: eslint@9.39.5 want: ^5.0.0
579 silly placeDep ROOT glob-parent@6.0.2 OK for: eslint@9.39.5 want: ^6.0.2
580 silly placeDep ROOT ignore@5.3.2 OK for: eslint@9.39.5 want: ^5.2.0
581 silly placeDep ROOT imurmurhash@0.1.4 OK for: eslint@9.39.5 want: ^0.1.4
582 silly placeDep ROOT is-glob@4.0.3 OK for: eslint@9.39.5 want: ^4.0.0
583 silly placeDep ROOT json-stable-stringify-without-jsonify@1.0.1 OK for: eslint@9.39.5 want: ^1.0.1
584 silly placeDep ROOT lodash.merge@4.6.2 OK for: eslint@9.39.5 want: ^4.6.2
585 silly placeDep ROOT minimatch@3.1.5 OK for: eslint@9.39.5 want: ^3.1.5
586 silly placeDep ROOT natural-compare@1.4.0 OK for: eslint@9.39.5 want: ^1.4.0
587 silly placeDep ROOT optionator@0.9.4 OK for: eslint@9.39.5 want: ^0.9.3
588 silly fetch manifest eslint-visitor-keys@^3.4.3
589 silly packumentCache full:https://registry.npmjs.org/eslint-visitor-keys cache-miss
590 silly fetch manifest debug@^4.3.1
591 silly packumentCache full:https://registry.npmjs.org/debug cache-miss
592 silly fetch manifest @eslint/object-schema@^2.1.7
593 silly packumentCache full:https://registry.npmjs.org/@eslint%2fobject-schema cache-miss
594 silly fetch manifest @types/json-schema@^7.0.15
595 silly packumentCache full:https://registry.npmjs.org/@types%2fjson-schema cache-miss
596 silly fetch manifest espree@^10.0.1
597 silly packumentCache full:https://registry.npmjs.org/espree cache-miss
598 silly fetch manifest globals@^14.0.0
599 silly packumentCache full:https://registry.npmjs.org/globals cache-miss
600 silly fetch manifest import-fresh@^3.2.1
601 silly packumentCache full:https://registry.npmjs.org/import-fresh cache-miss
602 silly fetch manifest js-yaml@^4.3.0
603 silly packumentCache full:https://registry.npmjs.org/js-yaml cache-miss
604 silly fetch manifest strip-json-comments@^3.1.1
605 silly packumentCache full:https://registry.npmjs.org/strip-json-comments cache-miss
606 http cache https://registry.npmjs.org/globals 4ms (cache hit)
607 silly packumentCache full:https://registry.npmjs.org/globals set size:335107 disposed:false
608 silly fetch manifest levn@^0.4.1
609 silly packumentCache full:https://registry.npmjs.org/levn cache-miss
610 http cache https://registry.npmjs.org/debug 7ms (cache hit)
611 silly packumentCache full:https://registry.npmjs.org/debug set size:195840 disposed:false
612 silly fetch manifest @humanwhocodes/retry@^0.4.0
613 silly packumentCache full:https://registry.npmjs.org/@humanwhocodes%2fretry cache-miss
614 http cache https://registry.npmjs.org/eslint-visitor-keys 9ms (cache hit)
615 silly packumentCache full:https://registry.npmjs.org/eslint-visitor-keys set size:69949 disposed:false
616 silly fetch manifest @humanfs/core@^0.19.2
617 silly packumentCache full:https://registry.npmjs.org/@humanfs%2fcore cache-miss
618 http cache https://registry.npmjs.org/espree 9ms (cache hit)
619 silly packumentCache full:https://registry.npmjs.org/espree set size:326080 disposed:false
620 silly fetch manifest @humanfs/types@^0.15.0
621 silly packumentCache full:https://registry.npmjs.org/@humanfs%2ftypes cache-miss
622 http cache https://registry.npmjs.org/@humanwhocodes%2fretry 4ms (cache hit)
623 silly packumentCache full:https://registry.npmjs.org/@humanwhocodes%2fretry set size:42348 disposed:false
624 silly fetch manifest uri-js@^4.2.2
625 silly packumentCache full:https://registry.npmjs.org/uri-js cache-miss
626 http fetch GET 200 https://registry.npmjs.org/@eslint%2fobject-schema 1741ms (cache miss)
627 silly packumentCache full:https://registry.npmjs.org/@eslint%2fobject-schema set size:undefined disposed:false
628 silly fetch manifest fast-deep-equal@^3.1.1
629 silly packumentCache full:https://registry.npmjs.org/fast-deep-equal cache-miss
630 http fetch GET 200 https://registry.npmjs.org/@humanfs%2ftypes 1733ms (cache miss)
631 silly packumentCache full:https://registry.npmjs.org/@humanfs%2ftypes set size:undefined disposed:false
632 silly fetch manifest json-schema-traverse@^0.4.1
633 silly packumentCache full:https://registry.npmjs.org/json-schema-traverse cache-miss
634 http cache https://registry.npmjs.org/fast-deep-equal 6ms (cache hit)
635 silly packumentCache full:https://registry.npmjs.org/fast-deep-equal set size:48634 disposed:false
636 silly fetch manifest fast-json-stable-stringify@^2.0.0
637 silly packumentCache full:https://registry.npmjs.org/fast-json-stable-stringify cache-miss
638 http fetch GET 200 https://registry.npmjs.org/levn 1893ms (cache miss)
639 silly packumentCache full:https://registry.npmjs.org/levn set size:undefined disposed:false
640 silly fetch manifest ansi-styles@^4.1.0
641 silly packumentCache full:https://registry.npmjs.org/ansi-styles cache-miss
642 http fetch GET 200 https://registry.npmjs.org/import-fresh 1917ms (cache miss)
643 silly packumentCache full:https://registry.npmjs.org/import-fresh set size:undefined disposed:false
644 silly fetch manifest supports-color@^7.1.0
645 silly packumentCache full:https://registry.npmjs.org/supports-color cache-miss
646 http fetch GET 200 https://registry.npmjs.org/@types%2fjson-schema 1938ms (cache miss)
647 silly packumentCache full:https://registry.npmjs.org/@types%2fjson-schema set size:undefined disposed:false
648 silly fetch manifest which@^2.0.1
649 silly packumentCache full:https://registry.npmjs.org/which cache-miss
650 http fetch GET 200 https://registry.npmjs.org/strip-json-comments 1957ms (cache miss)
651 silly packumentCache full:https://registry.npmjs.org/strip-json-comments set size:undefined disposed:false
652 silly fetch manifest path-key@^3.1.0
653 silly packumentCache full:https://registry.npmjs.org/path-key cache-miss
654 http fetch GET 200 https://registry.npmjs.org/uri-js 1969ms (cache miss)
655 silly packumentCache full:https://registry.npmjs.org/uri-js set size:undefined disposed:false
656 silly fetch manifest shebang-command@^2.0.0
657 silly packumentCache full:https://registry.npmjs.org/shebang-command cache-miss
658 http fetch GET 200 https://registry.npmjs.org/js-yaml 2187ms (cache miss)
659 silly packumentCache full:https://registry.npmjs.org/js-yaml set size:undefined disposed:false
660 silly fetch manifest ms@^2.1.3
661 silly packumentCache full:https://registry.npmjs.org/ms cache-miss
662 http fetch GET 200 https://registry.npmjs.org/@humanfs%2fcore 2203ms (cache miss)
663 silly packumentCache full:https://registry.npmjs.org/@humanfs%2fcore set size:undefined disposed:false
664 silly fetch manifest esrecurse@^4.3.0
665 silly packumentCache full:https://registry.npmjs.org/esrecurse cache-miss
666 http fetch GET 200 https://registry.npmjs.org/fast-json-stable-stringify 1373ms (cache miss)
667 silly packumentCache full:https://registry.npmjs.org/fast-json-stable-stringify set size:undefined disposed:false
668 silly fetch manifest estraverse@^5.2.0
669 silly packumentCache full:https://registry.npmjs.org/estraverse cache-miss
670 http fetch GET 200 https://registry.npmjs.org/shebang-command 1312ms (cache miss)
671 silly packumentCache full:https://registry.npmjs.org/shebang-command set size:undefined disposed:false
672 silly fetch manifest acorn@^8.15.0
673 silly packumentCache full:https://registry.npmjs.org/acorn cache-miss
674 http fetch GET 200 https://registry.npmjs.org/path-key 1370ms (cache miss)
675 silly packumentCache full:https://registry.npmjs.org/path-key set size:undefined disposed:false
676 silly fetch manifest acorn-jsx@^5.3.2
677 silly packumentCache full:https://registry.npmjs.org/acorn-jsx cache-miss
678 http fetch GET 200 https://registry.npmjs.org/ms 1211ms (cache miss)
679 silly packumentCache full:https://registry.npmjs.org/ms set size:undefined disposed:false
680 silly fetch manifest estraverse@^5.1.0
681 silly packumentCache full:https://registry.npmjs.org/estraverse cache-miss
682 http fetch GET 200 https://registry.npmjs.org/esrecurse 1219ms (cache miss)
683 silly packumentCache full:https://registry.npmjs.org/esrecurse set size:undefined disposed:false
684 silly fetch manifest flat-cache@^4.0.0
685 silly packumentCache full:https://registry.npmjs.org/flat-cache cache-miss
686 http fetch GET 200 https://registry.npmjs.org/which 1642ms (cache miss)
687 silly packumentCache full:https://registry.npmjs.org/which set size:undefined disposed:false
688 silly fetch manifest locate-path@^6.0.0
689 silly packumentCache full:https://registry.npmjs.org/locate-path cache-miss
690 http fetch GET 200 https://registry.npmjs.org/ansi-styles 1727ms (cache miss)
691 silly packumentCache full:https://registry.npmjs.org/ansi-styles set size:undefined disposed:false
692 silly fetch manifest path-exists@^4.0.0
693 silly packumentCache full:https://registry.npmjs.org/path-exists cache-miss
694 http fetch GET 200 https://registry.npmjs.org/supports-color 1864ms (cache miss)
695 silly packumentCache full:https://registry.npmjs.org/supports-color set size:undefined disposed:false
696 silly fetch manifest is-glob@^4.0.3
697 silly packumentCache full:https://registry.npmjs.org/is-glob cache-miss
698 http cache https://registry.npmjs.org/is-glob 4ms (cache hit)
699 silly packumentCache full:https://registry.npmjs.org/is-glob set size:40530 disposed:false
700 silly fetch manifest is-extglob@^2.1.1
701 silly packumentCache full:https://registry.npmjs.org/is-extglob cache-miss
702 http fetch GET 200 https://registry.npmjs.org/json-schema-traverse 2143ms (cache miss)
703 silly packumentCache full:https://registry.npmjs.org/json-schema-traverse set size:undefined disposed:false
704 silly fetch manifest brace-expansion@^1.1.7
705 silly packumentCache full:https://registry.npmjs.org/brace-expansion cache-miss
706 http fetch GET 200 https://registry.npmjs.org/estraverse 1238ms (cache miss)
707 silly packumentCache full:https://registry.npmjs.org/estraverse set size:undefined disposed:false
708 silly fetch manifest prelude-ls@^1.2.1
709 silly packumentCache full:https://registry.npmjs.org/prelude-ls cache-miss
710 http fetch GET 200 https://registry.npmjs.org/path-exists 1674ms (cache miss)
711 silly packumentCache full:https://registry.npmjs.org/path-exists set size:undefined disposed:false
712 silly fetch manifest deep-is@^0.1.3
713 silly packumentCache full:https://registry.npmjs.org/deep-is cache-miss
714 http fetch GET 200 https://registry.npmjs.org/brace-expansion 1490ms (cache miss)
715 silly packumentCache full:https://registry.npmjs.org/brace-expansion set size:undefined disposed:false
716 silly fetch manifest word-wrap@^1.2.5
717 silly packumentCache full:https://registry.npmjs.org/word-wrap cache-miss
718 http fetch GET 200 https://registry.npmjs.org/estraverse 2008ms (cache miss)
719 silly packumentCache full:https://registry.npmjs.org/estraverse set size:undefined disposed:false
720 silly fetch manifest type-check@^0.4.0
721 silly packumentCache full:https://registry.npmjs.org/type-check cache-miss
722 http fetch GET 200 https://registry.npmjs.org/locate-path 1832ms (cache miss)
723 silly packumentCache full:https://registry.npmjs.org/locate-path set size:undefined disposed:false
724 silly fetch manifest fast-levenshtein@^2.0.6
725 silly packumentCache full:https://registry.npmjs.org/fast-levenshtein cache-miss
726 http fetch GET 200 https://registry.npmjs.org/is-extglob 1841ms (cache miss)
727 silly packumentCache full:https://registry.npmjs.org/is-extglob set size:undefined disposed:false
728 http fetch GET 200 https://registry.npmjs.org/flat-cache 2285ms (cache miss)
729 silly packumentCache full:https://registry.npmjs.org/flat-cache set size:undefined disposed:false
730 http fetch GET 200 https://registry.npmjs.org/word-wrap 429ms (cache miss)
731 silly packumentCache full:https://registry.npmjs.org/word-wrap set size:undefined disposed:false
732 http fetch GET 200 https://registry.npmjs.org/deep-is 508ms (cache miss)
733 silly packumentCache full:https://registry.npmjs.org/deep-is set size:undefined disposed:false
734 http fetch GET 200 https://registry.npmjs.org/acorn-jsx 2482ms (cache miss)
735 silly packumentCache full:https://registry.npmjs.org/acorn-jsx set size:undefined disposed:false
736 http fetch GET 200 https://registry.npmjs.org/type-check 832ms (cache miss)
737 silly packumentCache full:https://registry.npmjs.org/type-check set size:undefined disposed:false
738 http fetch GET 200 https://registry.npmjs.org/prelude-ls 2054ms (cache miss)
739 silly packumentCache full:https://registry.npmjs.org/prelude-ls set size:undefined disposed:false
740 http fetch GET 200 https://registry.npmjs.org/fast-levenshtein 1063ms (cache miss)
741 silly packumentCache full:https://registry.npmjs.org/fast-levenshtein set size:undefined disposed:false
742 http fetch GET 200 https://registry.npmjs.org/acorn 4306ms (cache miss)
743 silly packumentCache full:https://registry.npmjs.org/acorn set size:undefined disposed:false
744 silly placeDep node_modules/@eslint-community/eslint-utils eslint-visitor-keys@3.4.3 OK for: @eslint-community/eslint-utils@4.10.1 want: ^3.4.3
745 silly placeDep ROOT @eslint/object-schema@2.1.7 OK for: @eslint/config-array@0.21.2 want: ^2.1.7
746 silly placeDep ROOT @types/json-schema@7.0.15 OK for: @eslint/core@0.17.0 want: ^7.0.15
747 silly placeDep ROOT globals@14.0.0 OK for: @eslint/eslintrc@3.3.6 want: ^14.0.0
748 silly placeDep ROOT import-fresh@3.3.1 OK for: @eslint/eslintrc@3.3.6 want: ^3.2.1
749 silly placeDep ROOT js-yaml@4.3.2 OK for: @eslint/eslintrc@3.3.6 want: ^4.3.0
750 silly placeDep ROOT strip-json-comments@3.1.1 OK for: @eslint/eslintrc@3.3.6 want: ^3.1.1
751 silly fetch manifest resolve-from@^4.0.0
752 silly packumentCache full:https://registry.npmjs.org/resolve-from cache-miss
753 silly fetch manifest parent-module@^1.0.0
754 silly packumentCache full:https://registry.npmjs.org/parent-module cache-miss
755 silly fetch manifest argparse@^2.0.1
756 silly packumentCache full:https://registry.npmjs.org/argparse cache-miss
757 http fetch GET 200 https://registry.npmjs.org/argparse 679ms (cache miss)
758 silly packumentCache full:https://registry.npmjs.org/argparse set size:undefined disposed:false
759 http fetch GET 200 https://registry.npmjs.org/resolve-from 680ms (cache miss)
760 silly packumentCache full:https://registry.npmjs.org/resolve-from set size:undefined disposed:false
761 http fetch GET 200 https://registry.npmjs.org/parent-module 700ms (cache miss)
762 silly packumentCache full:https://registry.npmjs.org/parent-module set size:undefined disposed:false
763 silly placeDep ROOT levn@0.4.1 OK for: @eslint/plugin-kit@0.4.1 want: ^0.4.1
764 silly fetch manifest type-check@~0.4.0
765 silly packumentCache full:https://registry.npmjs.org/type-check cache-miss
766 http cache https://registry.npmjs.org/type-check 1ms (cache hit)
767 silly packumentCache full:https://registry.npmjs.org/type-check set size:21221 disposed:false
768 silly placeDep ROOT @humanfs/core@0.19.2 OK for: @humanfs/node@0.16.8 want: ^0.19.2
769 silly placeDep ROOT @humanfs/types@0.15.0 OK for: @humanfs/node@0.16.8 want: ^0.15.0
770 silly placeDep ROOT fast-json-stable-stringify@2.1.0 OK for: ajv@6.15.0 want: ^2.0.0
771 silly placeDep ROOT json-schema-traverse@0.4.1 OK for: ajv@6.15.0 want: ^0.4.1
772 silly placeDep ROOT uri-js@4.4.1 OK for: ajv@6.15.0 want: ^4.2.2
773 silly fetch manifest punycode@^2.1.0
774 silly packumentCache full:https://registry.npmjs.org/punycode cache-miss
775 http fetch GET 200 https://registry.npmjs.org/punycode 667ms (cache miss)
776 silly packumentCache full:https://registry.npmjs.org/punycode set size:undefined disposed:false
777 silly placeDep ROOT ansi-styles@4.3.0 OK for: chalk@4.1.2 want: ^4.1.0
778 silly placeDep ROOT supports-color@7.2.0 OK for: chalk@4.1.2 want: ^7.1.0
779 silly fetch manifest color-convert@^2.0.1
780 silly packumentCache full:https://registry.npmjs.org/color-convert cache-miss
781 silly fetch manifest has-flag@^4.0.0
782 silly packumentCache full:https://registry.npmjs.org/has-flag cache-miss
783 http fetch GET 200 https://registry.npmjs.org/has-flag 315ms (cache miss)
784 silly packumentCache full:https://registry.npmjs.org/has-flag set size:undefined disposed:false
785 http fetch GET 200 https://registry.npmjs.org/color-convert 826ms (cache miss)
786 silly packumentCache full:https://registry.npmjs.org/color-convert set size:undefined disposed:false
787 silly placeDep ROOT color-convert@2.0.1 OK for: ansi-styles@4.3.0 want: ^2.0.1
788 silly fetch manifest color-name@~1.1.4
789 silly packumentCache full:https://registry.npmjs.org/color-name cache-miss
790 http fetch GET 200 https://registry.npmjs.org/color-name 897ms (cache miss)
791 silly packumentCache full:https://registry.npmjs.org/color-name set size:undefined disposed:false
792 silly placeDep ROOT color-name@1.1.4 OK for: color-convert@2.0.1 want: ~1.1.4
793 silly placeDep ROOT path-key@3.1.1 OK for: cross-spawn@7.0.6 want: ^3.1.0
794 silly placeDep ROOT shebang-command@2.0.0 OK for: cross-spawn@7.0.6 want: ^2.0.0
795 silly placeDep ROOT which@2.0.2 OK for: cross-spawn@7.0.6 want: ^2.0.1
796 silly fetch manifest shebang-regex@^3.0.0
797 silly packumentCache full:https://registry.npmjs.org/shebang-regex cache-miss
798 silly fetch manifest isexe@^2.0.0
799 silly packumentCache full:https://registry.npmjs.org/isexe cache-miss
800 http fetch GET 200 https://registry.npmjs.org/shebang-regex 378ms (cache miss)
801 silly packumentCache full:https://registry.npmjs.org/shebang-regex set size:undefined disposed:false
802 http fetch GET 200 https://registry.npmjs.org/isexe 530ms (cache miss)
803 silly packumentCache full:https://registry.npmjs.org/isexe set size:undefined disposed:false
804 silly placeDep ROOT ms@2.1.3 OK for: debug@4.4.3 want: ^2.1.3
805 silly fetch manifest eslint@>=9.0.0
806 silly packumentCache full:https://registry.npmjs.org/eslint cache-miss
807 http cache https://registry.npmjs.org/eslint 3ms (cache hit)
808 silly packumentCache full:https://registry.npmjs.org/eslint set size:2070000 disposed:false
809 silly fetch manifest typescript@>=3.3.1
810 silly packumentCache full:https://registry.npmjs.org/typescript cache-miss
811 http cache https://registry.npmjs.org/typescript 16ms (cache hit)
812 silly packumentCache full:https://registry.npmjs.org/typescript set size:15601863 disposed:false
813 silly fetch manifest typescript@>=4.8.4 <6.1.0
814 silly packumentCache full:https://registry.npmjs.org/typescript cache-miss
815 http cache https://registry.npmjs.org/typescript 14ms (cache hit)
816 silly packumentCache full:https://registry.npmjs.org/typescript set size:15601863 disposed:false
817 silly fetch manifest eslint@^3 || ^4 || ^5 || ^6 || ^7 || ^8 || ^9.7
818 silly packumentCache full:https://registry.npmjs.org/eslint cache-miss
819 http cache https://registry.npmjs.org/eslint 2ms (cache hit)
820 silly packumentCache full:https://registry.npmjs.org/eslint set size:2070000 disposed:false
821 silly fetch manifest eslint@^2 || ^3 || ^4 || ^5 || ^6 || ^7.2.0 || ^8 || ^9
822 silly packumentCache full:https://registry.npmjs.org/eslint cache-miss
823 http cache https://registry.npmjs.org/eslint 3ms (cache hit)
824 silly packumentCache full:https://registry.npmjs.org/eslint set size:2070000 disposed:false
825 silly fetch manifest eslint@^3 || ^4 || ^5 || ^6 || ^7 || ^8 || ^9
826 silly packumentCache full:https://registry.npmjs.org/eslint cache-miss
827 http cache https://registry.npmjs.org/eslint 2ms (cache hit)
828 silly packumentCache full:https://registry.npmjs.org/eslint set size:2070000 disposed:false
829 silly fetch manifest eslint-plugin-import-x@*
830 silly packumentCache full:https://registry.npmjs.org/eslint-plugin-import-x cache-miss
831 http fetch GET 200 https://registry.npmjs.org/eslint-plugin-import-x 1378ms (cache miss)
832 silly packumentCache full:https://registry.npmjs.org/eslint-plugin-import-x set size:undefined disposed:false
833 silly fetch manifest @typescript-eslint/utils@^8.56.0
834 silly packumentCache full:https://registry.npmjs.org/@typescript-eslint%2futils cache-miss
835 http fetch GET 200 https://registry.npmjs.org/@typescript-eslint%2futils 30214ms (cache miss)
836 silly packumentCache full:https://registry.npmjs.org/@typescript-eslint%2futils set size:undefined disposed:false
837 silly placeDep ROOT @next/eslint-plugin-next@16.3.3 OK for: eslint-config-next@16.3.3 want: 16.3.3
838 silly placeDep ROOT eslint-import-resolver-node@0.3.10 OK for: eslint-config-next@16.3.3 want: ^0.3.6
839 silly placeDep ROOT eslint-import-resolver-typescript@3.10.1 OK for: eslint-config-next@16.3.3 want: ^3.5.2
840 silly placeDep ROOT eslint-plugin-import@2.32.0 OK for: eslint-config-next@16.3.3 want: ^2.32.0
841 silly placeDep ROOT eslint-plugin-jsx-a11y@6.10.2 OK for: eslint-config-next@16.3.3 want: ^6.10.0
842 silly placeDep ROOT eslint-plugin-react@7.37.5 OK for: eslint-config-next@16.3.3 want: ^7.37.0
843 silly placeDep ROOT eslint-plugin-react-hooks@7.1.1 OK for: eslint-config-next@16.3.3 want: ^7.0.0
844 silly placeDep node_modules/eslint-config-next globals@16.4.0 OK for: eslint-config-next@16.3.3 want: 16.4.0
845 silly placeDep ROOT typescript-eslint@8.68.0 OK for: eslint-config-next@16.3.3 want: ^8.46.0
846 silly fetch manifest fast-glob@3.3.1
847 silly packumentCache full:https://registry.npmjs.org/fast-glob cache-miss
848 silly fetch manifest @eslint-community/eslint-utils@4.9.1
849 silly packumentCache full:https://registry.npmjs.org/@eslint-community%2feslint-utils cache-miss
850 silly fetch manifest debug@^3.2.7
851 silly packumentCache full:https://registry.npmjs.org/debug cache-hit
852 silly fetch manifest resolve@^2.0.0-next.6
853 silly packumentCache full:https://registry.npmjs.org/resolve cache-miss
854 silly fetch manifest is-core-module@^2.16.1
855 silly packumentCache full:https://registry.npmjs.org/is-core-module cache-miss
856 silly fetch manifest tinyglobby@^0.2.13
857 silly packumentCache full:https://registry.npmjs.org/tinyglobby cache-miss
858 silly fetch manifest stable-hash@^0.0.5
859 silly packumentCache full:https://registry.npmjs.org/stable-hash cache-miss
860 silly fetch manifest get-tsconfig@^4.10.0
861 silly packumentCache full:https://registry.npmjs.org/get-tsconfig cache-miss
862 silly fetch manifest is-bun-module@^2.0.0
863 silly packumentCache full:https://registry.npmjs.org/is-bun-module cache-miss
864 silly fetch manifest unrs-resolver@^1.6.2
865 silly packumentCache full:https://registry.npmjs.org/unrs-resolver cache-miss
866 http cache https://registry.npmjs.org/@eslint-community%2feslint-utils 5ms (cache hit)
867 silly packumentCache full:https://registry.npmjs.org/@eslint-community%2feslint-utils set size:108339 disposed:false
868 silly fetch manifest @nolyfill/is-core-module@1.0.39
869 silly packumentCache full:https://registry.npmjs.org/@nolyfill%2fis-core-module cache-miss
870 http fetch GET 200 https://registry.npmjs.org/@nolyfill%2fis-core-module 566ms (cache miss)
871 silly packumentCache full:https://registry.npmjs.org/@nolyfill%2fis-core-module set size:undefined disposed:false
872 silly fetch manifest @rtsao/scc@^1.1.0
873 silly packumentCache full:https://registry.npmjs.org/@rtsao%2fscc cache-miss
874 http fetch GET 200 https://registry.npmjs.org/is-bun-module 690ms (cache miss)
875 silly packumentCache full:https://registry.npmjs.org/is-bun-module set size:undefined disposed:false
876 silly fetch manifest array-includes@^3.1.9
877 silly packumentCache full:https://registry.npmjs.org/array-includes cache-miss
878 http fetch GET 200 https://registry.npmjs.org/tinyglobby 826ms (cache miss)
879 silly packumentCache full:https://registry.npmjs.org/tinyglobby set size:undefined disposed:false
880 silly fetch manifest array.prototype.findlastindex@^1.2.6
881 silly packumentCache full:https://registry.npmjs.org/array.prototype.findlastindex cache-miss
882 http fetch GET 200 https://registry.npmjs.org/stable-hash 971ms (cache miss)
883 silly packumentCache full:https://registry.npmjs.org/stable-hash set size:undefined disposed:false
884 silly fetch manifest array.prototype.flat@^1.3.3
885 silly packumentCache full:https://registry.npmjs.org/array.prototype.flat cache-miss
886 http fetch GET 200 https://registry.npmjs.org/unrs-resolver 1005ms (cache miss)
887 silly packumentCache full:https://registry.npmjs.org/unrs-resolver set size:undefined disposed:false
888 silly fetch manifest array.prototype.flatmap@^1.3.3
889 silly packumentCache full:https://registry.npmjs.org/array.prototype.flatmap cache-miss
890 http fetch GET 200 https://registry.npmjs.org/is-core-module 1157ms (cache miss)
891 silly packumentCache full:https://registry.npmjs.org/is-core-module set size:undefined disposed:false
892 silly fetch manifest doctrine@^2.1.0
893 silly packumentCache full:https://registry.npmjs.org/doctrine cache-miss
894 http fetch GET 200 https://registry.npmjs.org/@rtsao%2fscc 679ms (cache miss)
895 silly packumentCache full:https://registry.npmjs.org/@rtsao%2fscc set size:undefined disposed:false
896 silly fetch manifest eslint-module-utils@^2.12.1
897 silly packumentCache full:https://registry.npmjs.org/eslint-module-utils cache-miss
898 http fetch GET 200 https://registry.npmjs.org/get-tsconfig 1270ms (cache miss)
899 silly packumentCache full:https://registry.npmjs.org/get-tsconfig set size:undefined disposed:false
900 silly fetch manifest hasown@^2.0.2
901 silly packumentCache full:https://registry.npmjs.org/hasown cache-miss
902 http fetch GET 200 https://registry.npmjs.org/array.prototype.findlastindex 515ms (cache miss)
903 silly packumentCache full:https://registry.npmjs.org/array.prototype.findlastindex set size:undefined disposed:false
904 silly fetch manifest object.fromentries@^2.0.8
905 silly packumentCache full:https://registry.npmjs.org/object.fromentries cache-miss
906 http fetch GET 200 https://registry.npmjs.org/array.prototype.flat 416ms (cache miss)
907 silly packumentCache full:https://registry.npmjs.org/array.prototype.flat set size:undefined disposed:false
908 silly fetch manifest object.groupby@^1.0.3
909 silly packumentCache full:https://registry.npmjs.org/object.groupby cache-miss
910 http fetch GET 200 https://registry.npmjs.org/fast-glob 1463ms (cache miss)
911 silly packumentCache full:https://registry.npmjs.org/fast-glob set size:undefined disposed:false
912 silly fetch manifest object.values@^1.2.1
913 silly packumentCache full:https://registry.npmjs.org/object.values cache-miss
914 http fetch GET 200 https://registry.npmjs.org/resolve 1876ms (cache miss)
915 silly packumentCache full:https://registry.npmjs.org/resolve set size:undefined disposed:false
916 silly fetch manifest semver@^6.3.1
917 silly packumentCache full:https://registry.npmjs.org/semver cache-miss
918 http fetch GET 200 https://registry.npmjs.org/array-includes 1191ms (cache miss)
919 silly packumentCache full:https://registry.npmjs.org/array-includes set size:undefined disposed:false
920 silly fetch manifest string.prototype.trimend@^1.0.9
921 silly packumentCache full:https://registry.npmjs.org/string.prototype.trimend cache-miss
922 http fetch GET 200 https://registry.npmjs.org/hasown 615ms (cache miss)
923 silly packumentCache full:https://registry.npmjs.org/hasown set size:undefined disposed:false
924 silly fetch manifest tsconfig-paths@^3.15.0
925 silly packumentCache full:https://registry.npmjs.org/tsconfig-paths cache-miss
926 http fetch GET 200 https://registry.npmjs.org/object.fromentries 568ms (cache miss)
927 silly packumentCache full:https://registry.npmjs.org/object.fromentries set size:undefined disposed:false
928 silly fetch manifest aria-query@^5.3.2
929 silly packumentCache full:https://registry.npmjs.org/aria-query cache-miss
930 http fetch GET 200 https://registry.npmjs.org/object.groupby 584ms (cache miss)
931 silly packumentCache full:https://registry.npmjs.org/object.groupby set size:undefined disposed:false
932 silly fetch manifest array-includes@^3.1.8
933 silly packumentCache full:https://registry.npmjs.org/array-includes cache-miss
934 http cache https://registry.npmjs.org/array-includes 2ms (cache hit)
935 silly packumentCache full:https://registry.npmjs.org/array-includes set size:77143 disposed:false
936 silly fetch manifest array.prototype.flatmap@^1.3.2
937 silly packumentCache full:https://registry.npmjs.org/array.prototype.flatmap cache-miss
938 http fetch GET 200 https://registry.npmjs.org/object.values 521ms (cache miss)
939 silly packumentCache full:https://registry.npmjs.org/object.values set size:undefined disposed:false
940 silly fetch manifest ast-types-flow@^0.0.8
941 silly packumentCache full:https://registry.npmjs.org/ast-types-flow cache-miss
942 http fetch GET 200 https://registry.npmjs.org/doctrine 875ms (cache miss)
943 silly packumentCache full:https://registry.npmjs.org/doctrine set size:undefined disposed:false
944 silly fetch manifest axe-core@^4.10.0
945 silly packumentCache full:https://registry.npmjs.org/axe-core cache-miss
946 http fetch GET 200 https://registry.npmjs.org/array.prototype.flatmap 1052ms (cache miss)
947 silly packumentCache full:https://registry.npmjs.org/array.prototype.flatmap set size:undefined disposed:false
948 silly fetch manifest axobject-query@^4.1.0
949 silly packumentCache full:https://registry.npmjs.org/axobject-query cache-miss
950 http fetch GET 200 https://registry.npmjs.org/eslint-module-utils 837ms (cache miss)
951 silly packumentCache full:https://registry.npmjs.org/eslint-module-utils set size:undefined disposed:false
952 silly fetch manifest damerau-levenshtein@^1.0.8
953 silly packumentCache full:https://registry.npmjs.org/damerau-levenshtein cache-miss
954 http fetch GET 200 https://registry.npmjs.org/ast-types-flow 271ms (cache miss)
955 silly packumentCache full:https://registry.npmjs.org/ast-types-flow set size:undefined disposed:false
956 silly fetch manifest emoji-regex@^9.2.2
957 silly packumentCache full:https://registry.npmjs.org/emoji-regex cache-miss
958 http fetch GET 200 https://registry.npmjs.org/array.prototype.flatmap 360ms (cache miss)
959 silly packumentCache full:https://registry.npmjs.org/array.prototype.flatmap set size:undefined disposed:false
960 silly fetch manifest jsx-ast-utils@^3.3.5
961 silly packumentCache full:https://registry.npmjs.org/jsx-ast-utils cache-miss
962 http fetch GET 200 https://registry.npmjs.org/string.prototype.trimend 458ms (cache miss)
963 silly packumentCache full:https://registry.npmjs.org/string.prototype.trimend set size:undefined disposed:false
964 silly fetch manifest language-tags@^1.0.9
965 silly packumentCache full:https://registry.npmjs.org/language-tags cache-miss
966 http fetch GET 200 https://registry.npmjs.org/damerau-levenshtein 251ms (cache miss)
967 silly packumentCache full:https://registry.npmjs.org/damerau-levenshtein set size:undefined disposed:false
968 silly fetch manifest safe-regex-test@^1.0.3
969 silly packumentCache full:https://registry.npmjs.org/safe-regex-test cache-miss
970 http fetch GET 200 https://registry.npmjs.org/axobject-query 382ms (cache miss)
971 silly packumentCache full:https://registry.npmjs.org/axobject-query set size:undefined disposed:false
972 silly fetch manifest string.prototype.includes@^2.0.1
973 silly packumentCache full:https://registry.npmjs.org/string.prototype.includes cache-miss
974 http fetch GET 200 https://registry.npmjs.org/aria-query 558ms (cache miss)
975 silly packumentCache full:https://registry.npmjs.org/aria-query set size:undefined disposed:false
976 silly fetch manifest array.prototype.findlast@^1.2.5
977 silly packumentCache full:https://registry.npmjs.org/array.prototype.findlast cache-miss
978 http fetch GET 200 https://registry.npmjs.org/string.prototype.includes 271ms (cache miss)
979 silly packumentCache full:https://registry.npmjs.org/string.prototype.includes set size:undefined disposed:false
980 silly fetch manifest array.prototype.tosorted@^1.1.4
981 silly packumentCache full:https://registry.npmjs.org/array.prototype.tosorted cache-miss
982 http fetch GET 200 https://registry.npmjs.org/array.prototype.findlast 247ms (cache miss)
983 silly packumentCache full:https://registry.npmjs.org/array.prototype.findlast set size:undefined disposed:false
984 silly fetch manifest es-iterator-helpers@^1.2.1
985 silly packumentCache full:https://registry.npmjs.org/es-iterator-helpers cache-miss
986 http fetch GET 200 https://registry.npmjs.org/language-tags 379ms (cache miss)
987 silly packumentCache full:https://registry.npmjs.org/language-tags set size:undefined disposed:false
988 silly fetch manifest estraverse@^5.3.0
989 silly packumentCache full:https://registry.npmjs.org/estraverse cache-miss
990 http fetch GET 200 https://registry.npmjs.org/safe-regex-test 379ms (cache miss)
991 silly packumentCache full:https://registry.npmjs.org/safe-regex-test set size:undefined disposed:false
992 silly fetch manifest jsx-ast-utils@^2.4.1 || ^3.0.0
993 silly packumentCache full:https://registry.npmjs.org/jsx-ast-utils cache-miss
994 http fetch GET 200 https://registry.npmjs.org/tsconfig-paths 838ms (cache miss)
995 silly packumentCache full:https://registry.npmjs.org/tsconfig-paths set size:undefined disposed:false
996 silly fetch manifest object.entries@^1.1.9
997 silly packumentCache full:https://registry.npmjs.org/object.entries cache-miss
998 http cache https://registry.npmjs.org/estraverse 5ms (cache hit)
999 silly packumentCache full:https://registry.npmjs.org/estraverse set size:62412 disposed:false
1000 silly fetch manifest prop-types@^15.8.1
1001 silly packumentCache full:https://registry.npmjs.org/prop-types cache-miss
1002 http fetch GET 200 https://registry.npmjs.org/emoji-regex 730ms (cache miss)
1003 silly packumentCache full:https://registry.npmjs.org/emoji-regex set size:undefined disposed:false
1004 silly fetch manifest resolve@^2.0.0-next.5
1005 silly packumentCache full:https://registry.npmjs.org/resolve cache-miss
1006 http fetch GET 200 https://registry.npmjs.org/jsx-ast-utils 652ms (cache miss)
1007 silly packumentCache full:https://registry.npmjs.org/jsx-ast-utils set size:undefined disposed:false
1008 silly fetch manifest semver@^6.3.1
1009 silly packumentCache full:https://registry.npmjs.org/semver cache-miss
1010 http fetch GET 200 https://registry.npmjs.org/array.prototype.tosorted 275ms (cache miss)
1011 silly packumentCache full:https://registry.npmjs.org/array.prototype.tosorted set size:undefined disposed:false
1012 silly fetch manifest string.prototype.matchall@^4.0.12
1013 silly packumentCache full:https://registry.npmjs.org/string.prototype.matchall cache-miss
1014 http fetch GET 200 https://registry.npmjs.org/object.entries 272ms (cache miss)
1015 silly packumentCache full:https://registry.npmjs.org/object.entries set size:undefined disposed:false
1016 silly fetch manifest string.prototype.repeat@^1.0.0
1017 silly packumentCache full:https://registry.npmjs.org/string.prototype.repeat cache-miss
1018 http cache https://registry.npmjs.org/resolve 8ms (cache hit)
1019 silly packumentCache full:https://registry.npmjs.org/resolve set size:244568 disposed:false
1020 silly fetch manifest zod@^3.25.0 || ^4.0.0
1021 silly packumentCache full:https://registry.npmjs.org/zod cache-miss
1022 http fetch GET 200 https://registry.npmjs.org/jsx-ast-utils 441ms (cache miss)
1023 silly packumentCache full:https://registry.npmjs.org/jsx-ast-utils set size:undefined disposed:false
1024 silly fetch manifest @babel/core@^7.24.4
1025 silly packumentCache full:https://registry.npmjs.org/@babel%2fcore cache-miss
1026 http fetch GET 200 https://registry.npmjs.org/es-iterator-helpers 448ms (cache miss)
1027 silly packumentCache full:https://registry.npmjs.org/es-iterator-helpers set size:undefined disposed:false
1028 silly fetch manifest @babel/parser@^7.24.4
1029 silly packumentCache full:https://registry.npmjs.org/@babel%2fparser cache-miss
1030 http fetch GET 200 https://registry.npmjs.org/string.prototype.repeat 175ms (cache miss)
1031 silly packumentCache full:https://registry.npmjs.org/string.prototype.repeat set size:undefined disposed:false
1032 silly fetch manifest hermes-parser@^0.25.1
1033 silly packumentCache full:https://registry.npmjs.org/hermes-parser cache-miss
1034 http fetch GET 200 https://registry.npmjs.org/semver 1458ms (cache miss)
1035 silly packumentCache full:https://registry.npmjs.org/semver set size:undefined disposed:false
1036 silly fetch manifest zod-validation-error@^3.5.0 || ^4.0.0
1037 silly packumentCache full:https://registry.npmjs.org/zod-validation-error cache-miss
1038 http fetch GET 200 https://registry.npmjs.org/prop-types 615ms (cache miss)
1039 silly packumentCache full:https://registry.npmjs.org/prop-types set size:undefined disposed:false
1040 silly fetch manifest @typescript-eslint/utils@8.68.0
1041 silly packumentCache full:https://registry.npmjs.org/@typescript-eslint%2futils cache-miss
1042 http cache https://registry.npmjs.org/@typescript-eslint%2futils 11ms (cache hit)
1043 silly packumentCache full:https://registry.npmjs.org/@typescript-eslint%2futils set size:10804857 disposed:false
1044 silly fetch manifest @typescript-eslint/parser@8.68.0
1045 silly packumentCache full:https://registry.npmjs.org/@typescript-eslint%2fparser cache-miss
1046 http fetch GET 200 https://registry.npmjs.org/string.prototype.matchall 491ms (cache miss)
1047 silly packumentCache full:https://registry.npmjs.org/string.prototype.matchall set size:undefined disposed:false
1048 silly fetch manifest @typescript-eslint/eslint-plugin@8.68.0
1049 silly packumentCache full:https://registry.npmjs.org/@typescript-eslint%2feslint-plugin cache-miss
1050 http fetch GET 200 https://registry.npmjs.org/hermes-parser 846ms (cache miss)
1051 silly packumentCache full:https://registry.npmjs.org/hermes-parser set size:undefined disposed:false
1052 silly fetch manifest @typescript-eslint/typescript-estree@8.68.0
1053 silly packumentCache full:https://registry.npmjs.org/@typescript-eslint%2ftypescript-estree cache-miss
1054 http fetch GET 200 https://registry.npmjs.org/zod-validation-error 683ms (cache miss)
1055 silly packumentCache full:https://registry.npmjs.org/zod-validation-error set size:undefined disposed:false
1056 http fetch GET 200 https://registry.npmjs.org/semver 1313ms (cache miss)
1057 silly packumentCache full:https://registry.npmjs.org/semver set size:undefined disposed:false
1058 http fetch GET 200 https://registry.npmjs.org/@babel%2fcore 2029ms (cache miss)
1059 silly packumentCache full:https://registry.npmjs.org/@babel%2fcore set size:undefined disposed:false
1060 http fetch GET 200 https://registry.npmjs.org/@babel%2fparser 2438ms (cache miss)
1061 silly packumentCache full:https://registry.npmjs.org/@babel%2fparser set size:undefined disposed:false
1062 http fetch GET 200 https://registry.npmjs.org/zod 6898ms (cache miss)
1063 silly packumentCache full:https://registry.npmjs.org/zod set size:undefined disposed:false
1064 http fetch GET 200 https://registry.npmjs.org/axe-core 11508ms (cache miss)
1065 silly packumentCache full:https://registry.npmjs.org/axe-core set size:undefined disposed:false
1066 http fetch GET 200 https://registry.npmjs.org/@typescript-eslint%2feslint-plugin 55744ms (cache miss)
1067 silly packumentCache full:https://registry.npmjs.org/@typescript-eslint%2feslint-plugin set size:undefined disposed:false
1068 http fetch GET 200 https://registry.npmjs.org/@typescript-eslint%2fparser 59485ms (cache miss)
1069 silly packumentCache full:https://registry.npmjs.org/@typescript-eslint%2fparser set size:undefined disposed:false
1070 http fetch GET 200 https://registry.npmjs.org/@typescript-eslint%2ftypescript-estree 67548ms (cache miss)
1071 silly packumentCache full:https://registry.npmjs.org/@typescript-eslint%2ftypescript-estree set size:undefined disposed:false
1072 silly placeDep node_modules/@next/eslint-plugin-next @eslint-community/eslint-utils@4.9.1 OK for: @next/eslint-plugin-next@16.3.3 want: 4.9.1
1073 silly placeDep ROOT fast-glob@3.3.1 OK for: @next/eslint-plugin-next@16.3.3 want: 3.3.1
1074 silly fetch manifest merge2@^1.3.0
1075 silly packumentCache full:https://registry.npmjs.org/merge2 cache-miss
1076 silly fetch manifest micromatch@^4.0.4
1077 silly packumentCache full:https://registry.npmjs.org/micromatch cache-miss
1078 silly fetch manifest glob-parent@^5.1.2
1079 silly packumentCache full:https://registry.npmjs.org/glob-parent cache-miss
1080 silly fetch manifest @nodelib/fs.stat@^2.0.2
1081 silly packumentCache full:https://registry.npmjs.org/@nodelib%2ffs.stat cache-miss
1082 silly fetch manifest @nodelib/fs.walk@^1.2.3
1083 silly packumentCache full:https://registry.npmjs.org/@nodelib%2ffs.walk cache-miss
1084 http cache https://registry.npmjs.org/glob-parent 5ms (cache hit)
1085 silly packumentCache full:https://registry.npmjs.org/glob-parent set size:42445 disposed:false
1086 http fetch GET 200 https://registry.npmjs.org/@nodelib%2ffs.stat 1162ms (cache miss)
1087 silly packumentCache full:https://registry.npmjs.org/@nodelib%2ffs.stat set size:undefined disposed:false
1088 http fetch GET 200 https://registry.npmjs.org/@nodelib%2ffs.walk 1198ms (cache miss)
1089 silly packumentCache full:https://registry.npmjs.org/@nodelib%2ffs.walk set size:undefined disposed:false
1090 http fetch GET 200 https://registry.npmjs.org/merge2 1253ms (cache miss)
1091 silly packumentCache full:https://registry.npmjs.org/merge2 set size:undefined disposed:false
1092 http fetch GET 200 https://registry.npmjs.org/micromatch 1943ms (cache miss)
1093 silly packumentCache full:https://registry.npmjs.org/micromatch set size:undefined disposed:false
1094 silly placeDep node_modules/eslint-import-resolver-node debug@3.2.7 OK for: eslint-import-resolver-node@0.3.10 want: ^3.2.7
1095 silly placeDep ROOT is-core-module@2.16.2 OK for: eslint-import-resolver-node@0.3.10 want: ^2.16.1
1096 silly placeDep ROOT resolve@2.0.0-next.7 OK for: eslint-import-resolver-node@0.3.10 want: ^2.0.0-next.6
1097 silly fetch manifest hasown@^2.0.3
1098 silly packumentCache full:https://registry.npmjs.org/hasown cache-miss
1099 silly fetch manifest es-errors@^1.3.0
1100 silly packumentCache full:https://registry.npmjs.org/es-errors cache-miss
1101 silly fetch manifest node-exports-info@^1.6.0
1102 silly packumentCache full:https://registry.npmjs.org/node-exports-info cache-miss
1103 silly fetch manifest object-keys@^1.1.1
1104 silly packumentCache full:https://registry.npmjs.org/object-keys cache-miss
1105 silly fetch manifest path-parse@^1.0.7
1106 silly packumentCache full:https://registry.npmjs.org/path-parse cache-miss
1107 silly fetch manifest supports-preserve-symlinks-flag@^1.0.0
1108 silly packumentCache full:https://registry.npmjs.org/supports-preserve-symlinks-flag cache-miss
1109 http cache https://registry.npmjs.org/hasown 6ms (cache hit)
1110 silly packumentCache full:https://registry.npmjs.org/hasown set size:18361 disposed:false
1111 http fetch GET 200 https://registry.npmjs.org/supports-preserve-symlinks-flag 1453ms (cache miss)
1112 silly packumentCache full:https://registry.npmjs.org/supports-preserve-symlinks-flag set size:undefined disposed:false
1113 http fetch GET 200 https://registry.npmjs.org/es-errors 1454ms (cache miss)
1114 silly packumentCache full:https://registry.npmjs.org/es-errors set size:undefined disposed:false
1115 http fetch GET 200 https://registry.npmjs.org/path-parse 1508ms (cache miss)
1116 silly packumentCache full:https://registry.npmjs.org/path-parse set size:undefined disposed:false
1117 http fetch GET 200 https://registry.npmjs.org/node-exports-info 1509ms (cache miss)
1118 silly packumentCache full:https://registry.npmjs.org/node-exports-info set size:undefined disposed:false
1119 http fetch GET 200 https://registry.npmjs.org/object-keys 1637ms (cache miss)
1120 silly packumentCache full:https://registry.npmjs.org/object-keys set size:undefined disposed:false
1121 silly placeDep ROOT @nolyfill/is-core-module@1.0.39 OK for: eslint-import-resolver-typescript@3.10.1 want: 1.0.39
1122 silly placeDep ROOT get-tsconfig@4.14.3 OK for: eslint-import-resolver-typescript@3.10.1 want: ^4.10.0
1123 silly placeDep ROOT is-bun-module@2.0.0 OK for: eslint-import-resolver-typescript@3.10.1 want: ^2.0.0
1124 silly placeDep ROOT stable-hash@0.0.5 OK for: eslint-import-resolver-typescript@3.10.1 want: ^0.0.5
1125 silly placeDep ROOT tinyglobby@0.2.17 OK for: eslint-import-resolver-typescript@3.10.1 want: ^0.2.13
1126 silly placeDep ROOT unrs-resolver@1.12.2 OK for: eslint-import-resolver-typescript@3.10.1 want: ^1.6.2
1127 silly fetch manifest resolve-pkg-maps@^1.0.0
1128 silly packumentCache full:https://registry.npmjs.org/resolve-pkg-maps cache-miss
1129 silly fetch manifest semver@^7.7.1
1130 silly packumentCache full:https://registry.npmjs.org/semver cache-miss
1131 silly fetch manifest fdir@^6.5.0
1132 silly packumentCache full:https://registry.npmjs.org/fdir cache-miss
1133 silly fetch manifest picomatch@^4.0.4
1134 silly packumentCache full:https://registry.npmjs.org/picomatch cache-miss
1135 silly fetch manifest napi-postinstall@^0.3.4
1136 silly packumentCache full:https://registry.npmjs.org/napi-postinstall cache-miss
1137 silly fetch manifest @unrs/resolver-binding-darwin-arm64@1.12.2
1138 silly packumentCache full:https://registry.npmjs.org/@unrs%2fresolver-binding-darwin-arm64 cache-miss
1139 silly fetch manifest @unrs/resolver-binding-android-arm64@1.12.2
1140 silly packumentCache full:https://registry.npmjs.org/@unrs%2fresolver-binding-android-arm64 cache-miss
1141 silly fetch manifest @unrs/resolver-binding-win32-arm64-msvc@1.12.2
1142 silly packumentCache full:https://registry.npmjs.org/@unrs%2fresolver-binding-win32-arm64-msvc cache-miss
1143 silly fetch manifest @unrs/resolver-binding-linux-arm64-gnu@1.12.2
1144 silly packumentCache full:https://registry.npmjs.org/@unrs%2fresolver-binding-linux-arm64-gnu cache-miss
1145 http cache https://registry.npmjs.org/semver 8ms (cache hit)
1146 silly packumentCache full:https://registry.npmjs.org/semver set size:246069 disposed:false
1147 silly fetch manifest @unrs/resolver-binding-linux-arm64-musl@1.12.2
1148 silly packumentCache full:https://registry.npmjs.org/@unrs%2fresolver-binding-linux-arm64-musl cache-miss
1149 http fetch GET 200 https://registry.npmjs.org/resolve-pkg-maps 1008ms (cache miss)
1150 silly packumentCache full:https://registry.npmjs.org/resolve-pkg-maps set size:undefined disposed:false
1151 silly fetch manifest @unrs/resolver-binding-openharmony-arm64@1.12.2
1152 silly packumentCache full:https://registry.npmjs.org/@unrs%2fresolver-binding-openharmony-arm64 cache-miss
1153 http fetch GET 200 https://registry.npmjs.org/@unrs%2fresolver-binding-linux-arm64-gnu 1176ms (cache miss)
1154 silly packumentCache full:https://registry.npmjs.org/@unrs%2fresolver-binding-linux-arm64-gnu set size:undefined disposed:false
1155 silly fetch manifest @unrs/resolver-binding-android-arm-eabi@1.12.2
1156 silly packumentCache full:https://registry.npmjs.org/@unrs%2fresolver-binding-android-arm-eabi cache-miss
1157 http fetch GET 200 https://registry.npmjs.org/@unrs%2fresolver-binding-android-arm64 1236ms (cache miss)
1158 silly packumentCache full:https://registry.npmjs.org/@unrs%2fresolver-binding-android-arm64 set size:undefined disposed:false
1159 silly fetch manifest @unrs/resolver-binding-linux-arm-gnueabihf@1.12.2
1160 silly packumentCache full:https://registry.npmjs.org/@unrs%2fresolver-binding-linux-arm-gnueabihf cache-miss
1161 http fetch GET 200 https://registry.npmjs.org/napi-postinstall 1238ms (cache miss)
1162 silly packumentCache full:https://registry.npmjs.org/napi-postinstall set size:undefined disposed:false
1163 silly fetch manifest @unrs/resolver-binding-linux-arm-musleabihf@1.12.2
1164 silly packumentCache full:https://registry.npmjs.org/@unrs%2fresolver-binding-linux-arm-musleabihf cache-miss
1165 http fetch GET 200 https://registry.npmjs.org/@unrs%2fresolver-binding-darwin-arm64 1326ms (cache miss)
1166 silly packumentCache full:https://registry.npmjs.org/@unrs%2fresolver-binding-darwin-arm64 set size:undefined disposed:false
1167 silly fetch manifest @unrs/resolver-binding-win32-ia32-msvc@1.12.2
1168 silly packumentCache full:https://registry.npmjs.org/@unrs%2fresolver-binding-win32-ia32-msvc cache-miss
1169 http fetch GET 200 https://registry.npmjs.org/@unrs%2fresolver-binding-linux-arm64-musl 1422ms (cache miss)
1170 silly packumentCache full:https://registry.npmjs.org/@unrs%2fresolver-binding-linux-arm64-musl set size:undefined disposed:false
1171 silly fetch manifest @unrs/resolver-binding-linux-loong64-gnu@1.12.2
1172 silly packumentCache full:https://registry.npmjs.org/@unrs%2fresolver-binding-linux-loong64-gnu cache-miss
1173 http fetch GET 200 https://registry.npmjs.org/@unrs%2fresolver-binding-win32-arm64-msvc 1433ms (cache miss)
1174 silly packumentCache full:https://registry.npmjs.org/@unrs%2fresolver-binding-win32-arm64-msvc set size:undefined disposed:false
1175 silly fetch manifest @unrs/resolver-binding-linux-loong64-musl@1.12.2
1176 silly packumentCache full:https://registry.npmjs.org/@unrs%2fresolver-binding-linux-loong64-musl cache-miss
1177 http fetch GET 200 https://registry.npmjs.org/fdir 1604ms (cache miss)
1178 silly packumentCache full:https://registry.npmjs.org/fdir set size:undefined disposed:false
1179 silly fetch manifest @unrs/resolver-binding-linux-ppc64-gnu@1.12.2
1180 silly packumentCache full:https://registry.npmjs.org/@unrs%2fresolver-binding-linux-ppc64-gnu cache-miss
1181 http fetch GET 200 https://registry.npmjs.org/picomatch 1826ms (cache miss)
1182 silly packumentCache full:https://registry.npmjs.org/picomatch set size:undefined disposed:false
1183 silly fetch manifest @unrs/resolver-binding-linux-riscv64-gnu@1.12.2
1184 silly packumentCache full:https://registry.npmjs.org/@unrs%2fresolver-binding-linux-riscv64-gnu cache-miss
1185 http fetch GET 200 https://registry.npmjs.org/@unrs%2fresolver-binding-openharmony-arm64 1152ms (cache miss)
1186 silly packumentCache full:https://registry.npmjs.org/@unrs%2fresolver-binding-openharmony-arm64 set size:undefined disposed:false
1187 silly fetch manifest @unrs/resolver-binding-linux-riscv64-musl@1.12.2
1188 silly packumentCache full:https://registry.npmjs.org/@unrs%2fresolver-binding-linux-riscv64-musl cache-miss
1189 http fetch GET 200 https://registry.npmjs.org/@unrs%2fresolver-binding-android-arm-eabi 983ms (cache miss)
1190 silly packumentCache full:https://registry.npmjs.org/@unrs%2fresolver-binding-android-arm-eabi set size:undefined disposed:false
1191 silly fetch manifest @unrs/resolver-binding-linux-s390x-gnu@1.12.2
1192 silly packumentCache full:https://registry.npmjs.org/@unrs%2fresolver-binding-linux-s390x-gnu cache-miss
1193 http fetch GET 200 https://registry.npmjs.org/@unrs%2fresolver-binding-linux-loong64-musl 878ms (cache miss)
1194 silly packumentCache full:https://registry.npmjs.org/@unrs%2fresolver-binding-linux-loong64-musl set size:undefined disposed:false
1195 silly fetch manifest @unrs/resolver-binding-wasm32-wasi@1.12.2
1196 silly packumentCache full:https://registry.npmjs.org/@unrs%2fresolver-binding-wasm32-wasi cache-miss
1197 http fetch GET 200 https://registry.npmjs.org/@unrs%2fresolver-binding-linux-arm-musleabihf 1074ms (cache miss)
1198 silly packumentCache full:https://registry.npmjs.org/@unrs%2fresolver-binding-linux-arm-musleabihf set size:undefined disposed:false
1199 silly fetch manifest @unrs/resolver-binding-darwin-x64@1.12.2
1200 silly packumentCache full:https://registry.npmjs.org/@unrs%2fresolver-binding-darwin-x64 cache-miss
1201 http fetch GET 200 https://registry.npmjs.org/@unrs%2fresolver-binding-linux-loong64-gnu 927ms (cache miss)
1202 silly packumentCache full:https://registry.npmjs.org/@unrs%2fresolver-binding-linux-loong64-gnu set size:undefined disposed:false
1203 silly fetch manifest @unrs/resolver-binding-win32-x64-msvc@1.12.2
1204 silly packumentCache full:https://registry.npmjs.org/@unrs%2fresolver-binding-win32-x64-msvc cache-miss
1205 http fetch GET 200 https://registry.npmjs.org/@unrs%2fresolver-binding-win32-ia32-msvc 1032ms (cache miss)
1206 silly packumentCache full:https://registry.npmjs.org/@unrs%2fresolver-binding-win32-ia32-msvc set size:undefined disposed:false
1207 silly fetch manifest @unrs/resolver-binding-freebsd-x64@1.12.2
1208 silly packumentCache full:https://registry.npmjs.org/@unrs%2fresolver-binding-freebsd-x64 cache-miss
1209 http fetch GET 200 https://registry.npmjs.org/@unrs%2fresolver-binding-linux-ppc64-gnu 863ms (cache miss)
1210 silly packumentCache full:https://registry.npmjs.org/@unrs%2fresolver-binding-linux-ppc64-gnu set size:undefined disposed:false
1211 silly fetch manifest @unrs/resolver-binding-linux-x64-gnu@1.12.2
1212 silly packumentCache full:https://registry.npmjs.org/@unrs%2fresolver-binding-linux-x64-gnu cache-miss
1213 http fetch GET 200 https://registry.npmjs.org/@unrs%2fresolver-binding-linux-arm-gnueabihf 1234ms (cache miss)
1214 silly packumentCache full:https://registry.npmjs.org/@unrs%2fresolver-binding-linux-arm-gnueabihf set size:undefined disposed:false
1215 silly fetch manifest @unrs/resolver-binding-linux-x64-musl@1.12.2
1216 silly packumentCache full:https://registry.npmjs.org/@unrs%2fresolver-binding-linux-x64-musl cache-miss
1217 http fetch GET 200 https://registry.npmjs.org/@unrs%2fresolver-binding-linux-riscv64-gnu 687ms (cache miss)
1218 silly packumentCache full:https://registry.npmjs.org/@unrs%2fresolver-binding-linux-riscv64-gnu set size:undefined disposed:false
1219 http fetch GET 200 https://registry.npmjs.org/@unrs%2fresolver-binding-linux-riscv64-musl 455ms (cache miss)
1220 silly packumentCache full:https://registry.npmjs.org/@unrs%2fresolver-binding-linux-riscv64-musl set size:undefined disposed:false
1221 http fetch GET 200 https://registry.npmjs.org/@unrs%2fresolver-binding-linux-s390x-gnu 538ms (cache miss)
1222 silly packumentCache full:https://registry.npmjs.org/@unrs%2fresolver-binding-linux-s390x-gnu set size:undefined disposed:false
1223 http fetch GET 200 https://registry.npmjs.org/@unrs%2fresolver-binding-darwin-x64 438ms (cache miss)
1224 silly packumentCache full:https://registry.npmjs.org/@unrs%2fresolver-binding-darwin-x64 set size:undefined disposed:false
1225 http fetch GET 200 https://registry.npmjs.org/@unrs%2fresolver-binding-wasm32-wasi 440ms (cache miss)
1226 silly packumentCache full:https://registry.npmjs.org/@unrs%2fresolver-binding-wasm32-wasi set size:undefined disposed:false
1227 http fetch GET 200 https://registry.npmjs.org/@unrs%2fresolver-binding-win32-x64-msvc 510ms (cache miss)
1228 silly packumentCache full:https://registry.npmjs.org/@unrs%2fresolver-binding-win32-x64-msvc set size:undefined disposed:false
1229 http fetch GET 200 https://registry.npmjs.org/@unrs%2fresolver-binding-freebsd-x64 663ms (cache miss)
1230 silly packumentCache full:https://registry.npmjs.org/@unrs%2fresolver-binding-freebsd-x64 set size:undefined disposed:false
1231 http fetch GET 200 https://registry.npmjs.org/@unrs%2fresolver-binding-linux-x64-musl 585ms (cache miss)
1232 silly packumentCache full:https://registry.npmjs.org/@unrs%2fresolver-binding-linux-x64-musl set size:undefined disposed:false
1233 http fetch GET 200 https://registry.npmjs.org/@unrs%2fresolver-binding-linux-x64-gnu 680ms (cache miss)
1234 silly packumentCache full:https://registry.npmjs.org/@unrs%2fresolver-binding-linux-x64-gnu set size:undefined disposed:false
1235 silly placeDep ROOT @rtsao/scc@1.1.0 OK for: eslint-plugin-import@2.32.0 want: ^1.1.0
1236 silly placeDep ROOT array-includes@3.1.9 OK for: eslint-plugin-import@2.32.0 want: ^3.1.9
1237 silly placeDep ROOT array.prototype.findlastindex@1.2.6 OK for: eslint-plugin-import@2.32.0 want: ^1.2.6
1238 silly placeDep ROOT array.prototype.flat@1.3.3 OK for: eslint-plugin-import@2.32.0 want: ^1.3.3
1239 silly placeDep ROOT array.prototype.flatmap@1.3.3 OK for: eslint-plugin-import@2.32.0 want: ^1.3.3
1240 silly placeDep node_modules/eslint-plugin-import debug@3.2.7 OK for: eslint-plugin-import@2.32.0 want: ^3.2.7
1241 silly placeDep ROOT doctrine@2.1.0 OK for: eslint-plugin-import@2.32.0 want: ^2.1.0
1242 silly placeDep ROOT eslint-module-utils@2.14.0 OK for: eslint-plugin-import@2.32.0 want: ^2.12.1
1243 silly placeDep ROOT hasown@2.0.4 OK for: eslint-plugin-import@2.32.0 want: ^2.0.2
1244 silly placeDep ROOT object.fromentries@2.0.8 OK for: eslint-plugin-import@2.32.0 want: ^2.0.8
1245 silly placeDep ROOT object.groupby@1.0.3 OK for: eslint-plugin-import@2.32.0 want: ^1.0.3
1246 silly placeDep ROOT object.values@1.2.1 OK for: eslint-plugin-import@2.32.0 want: ^1.2.1
1247 silly placeDep ROOT semver@6.3.1 OK for: eslint-plugin-import@2.32.0 want: ^6.3.1
1248 silly placeDep ROOT string.prototype.trimend@1.0.10 OK for: eslint-plugin-import@2.32.0 want: ^1.0.9
1249 silly placeDep ROOT tsconfig-paths@3.15.0 OK for: eslint-plugin-import@2.32.0 want: ^3.15.0
1250 silly fetch manifest call-bind@^1.0.8
1251 silly packumentCache full:https://registry.npmjs.org/call-bind cache-miss
1252 silly fetch manifest call-bound@^1.0.4
1253 silly packumentCache full:https://registry.npmjs.org/call-bound cache-miss
1254 silly fetch manifest define-properties@^1.2.1
1255 silly packumentCache full:https://registry.npmjs.org/define-properties cache-miss
1256 silly fetch manifest es-abstract@^1.24.0
1257 silly packumentCache full:https://registry.npmjs.org/es-abstract cache-miss
1258 silly fetch manifest es-object-atoms@^1.1.1
1259 silly packumentCache full:https://registry.npmjs.org/es-object-atoms cache-miss
1260 silly fetch manifest get-intrinsic@^1.3.0
1261 silly packumentCache full:https://registry.npmjs.org/get-intrinsic cache-miss
1262 silly fetch manifest is-string@^1.1.1
1263 silly packumentCache full:https://registry.npmjs.org/is-string cache-miss
1264 silly fetch manifest math-intrinsics@^1.1.0
1265 silly packumentCache full:https://registry.npmjs.org/math-intrinsics cache-miss
1266 silly fetch manifest call-bind@^1.0.8
1267 silly packumentCache full:https://registry.npmjs.org/call-bind cache-miss
1268 http fetch GET 200 https://registry.npmjs.org/call-bound 321ms (cache miss)
1269 silly packumentCache full:https://registry.npmjs.org/call-bound set size:undefined disposed:false
1270 silly fetch manifest define-properties@^1.2.1
1271 silly packumentCache full:https://registry.npmjs.org/define-properties cache-miss
1272 http fetch GET 200 https://registry.npmjs.org/es-object-atoms 334ms (cache miss)
1273 silly packumentCache full:https://registry.npmjs.org/es-object-atoms set size:undefined disposed:false
1274 silly fetch manifest es-abstract@^1.23.9
1275 silly packumentCache full:https://registry.npmjs.org/es-abstract cache-miss
1276 http fetch GET 200 https://registry.npmjs.org/math-intrinsics 336ms (cache miss)
1277 silly packumentCache full:https://registry.npmjs.org/math-intrinsics set size:undefined disposed:false
1278 silly fetch manifest es-shim-unscopables@^1.1.0
1279 silly packumentCache full:https://registry.npmjs.org/es-shim-unscopables cache-miss
1280 http fetch GET 200 https://registry.npmjs.org/define-properties 455ms (cache miss)
1281 silly packumentCache full:https://registry.npmjs.org/define-properties set size:undefined disposed:false
1282 silly fetch manifest call-bind@^1.0.8
1283 silly packumentCache full:https://registry.npmjs.org/call-bind cache-miss
1284 http fetch GET 200 https://registry.npmjs.org/is-string 456ms (cache miss)
1285 silly packumentCache full:https://registry.npmjs.org/is-string set size:undefined disposed:false
1286 silly fetch manifest es-abstract@^1.23.5
1287 silly packumentCache full:https://registry.npmjs.org/es-abstract cache-miss
1288 http fetch GET 200 https://registry.npmjs.org/call-bind 457ms (cache miss)
1289 silly packumentCache full:https://registry.npmjs.org/call-bind set size:undefined disposed:false
1290 silly fetch manifest es-shim-unscopables@^1.0.2
1291 silly packumentCache full:https://registry.npmjs.org/es-shim-unscopables cache-miss
1292 http fetch GET 200 https://registry.npmjs.org/call-bind 593ms (cache miss)
1293 silly packumentCache full:https://registry.npmjs.org/call-bind set size:undefined disposed:false
1294 silly fetch manifest es-abstract@^1.23.5
1295 silly packumentCache full:https://registry.npmjs.org/es-abstract cache-miss
1296 http fetch GET 200 https://registry.npmjs.org/get-intrinsic 596ms (cache miss)
1297 silly packumentCache full:https://registry.npmjs.org/get-intrinsic set size:undefined disposed:false
1298 silly fetch manifest es-shim-unscopables@^1.0.2
1299 silly packumentCache full:https://registry.npmjs.org/es-shim-unscopables cache-miss
1300 http fetch GET 200 https://registry.npmjs.org/define-properties 557ms (cache miss)
1301 silly packumentCache full:https://registry.npmjs.org/define-properties set size:undefined disposed:false
1302 silly fetch manifest function-bind@^1.1.2
1303 silly packumentCache full:https://registry.npmjs.org/function-bind cache-miss
1304 http fetch GET 200 https://registry.npmjs.org/es-shim-unscopables 544ms (cache miss)
1305 silly packumentCache full:https://registry.npmjs.org/es-shim-unscopables set size:undefined disposed:false
1306 silly fetch manifest call-bind@^1.0.7
1307 silly packumentCache full:https://registry.npmjs.org/call-bind cache-miss
1308 http cache https://registry.npmjs.org/call-bind 2ms (cache hit)
1309 silly packumentCache full:https://registry.npmjs.org/call-bind set size:32985 disposed:false
1310 silly fetch manifest es-abstract@^1.23.2
1311 silly packumentCache full:https://registry.npmjs.org/es-abstract cache-miss
1312 http fetch GET 200 https://registry.npmjs.org/es-abstract 1054ms (cache miss)
1313 silly packumentCache full:https://registry.npmjs.org/es-abstract set size:undefined disposed:false
1314 silly fetch manifest es-object-atoms@^1.0.0
1315 silly packumentCache full:https://registry.npmjs.org/es-object-atoms cache-miss
1316 http cache https://registry.npmjs.org/es-object-atoms 2ms (cache hit)
1317 silly packumentCache full:https://registry.npmjs.org/es-object-atoms set size:18278 disposed:false
1318 silly fetch manifest es-abstract@^1.23.2
1319 silly packumentCache full:https://registry.npmjs.org/es-abstract cache-miss
1320 http cache https://registry.npmjs.org/es-abstract 2ms (cache hit)
1321 silly packumentCache full:https://registry.npmjs.org/es-abstract set size:384124 disposed:false
1322 silly fetch manifest call-bound@^1.0.3
1323 silly packumentCache full:https://registry.npmjs.org/call-bound cache-miss
1324 http cache https://registry.npmjs.org/call-bound 5ms (cache hit)
1325 silly packumentCache full:https://registry.npmjs.org/call-bound set size:15317 disposed:false
1326 silly fetch manifest call-bind@^1.0.9
1327 silly packumentCache full:https://registry.npmjs.org/call-bind cache-hit
1328 silly fetch manifest es-object-atoms@^1.1.2
1329 silly packumentCache full:https://registry.npmjs.org/es-object-atoms cache-hit
1330 silly fetch manifest json5@^1.0.2
1331 silly packumentCache full:https://registry.npmjs.org/json5 cache-miss
1332 http fetch GET 200 https://registry.npmjs.org/es-shim-unscopables 774ms (cache miss)
1333 silly packumentCache full:https://registry.npmjs.org/es-shim-unscopables set size:undefined disposed:false
1334 silly fetch manifest minimist@^1.2.6
1335 silly packumentCache full:https://registry.npmjs.org/minimist cache-miss
1336 http fetch GET 200 https://registry.npmjs.org/call-bind 777ms (cache miss)
1337 silly packumentCache full:https://registry.npmjs.org/call-bind set size:undefined disposed:false
1338 silly packumentCache full:https://registry.npmjs.org/call-bind dispose
1339 silly fetch manifest strip-bom@^3.0.0
1340 silly packumentCache full:https://registry.npmjs.org/strip-bom cache-miss
1341 http fetch GET 200 https://registry.npmjs.org/es-shim-unscopables 636ms (cache miss)
1342 silly packumentCache full:https://registry.npmjs.org/es-shim-unscopables set size:undefined disposed:false
1343 silly fetch manifest @types/json5@^0.0.29
1344 silly packumentCache full:https://registry.npmjs.org/@types%2fjson5 cache-miss
1345 http fetch GET 200 https://registry.npmjs.org/function-bind 868ms (cache miss)
1346 silly packumentCache full:https://registry.npmjs.org/function-bind set size:undefined disposed:false
1347 http fetch GET 200 https://registry.npmjs.org/es-abstract 1588ms (cache miss)
1348 silly packumentCache full:https://registry.npmjs.org/es-abstract set size:undefined disposed:false
1349 silly packumentCache full:https://registry.npmjs.org/es-abstract dispose
1350 http fetch GET 200 https://registry.npmjs.org/strip-bom 711ms (cache miss)
1351 silly packumentCache full:https://registry.npmjs.org/strip-bom set size:undefined disposed:false
1352 http fetch GET 200 https://registry.npmjs.org/@types%2fjson5 711ms (cache miss)
1353 silly packumentCache full:https://registry.npmjs.org/@types%2fjson5 set size:undefined disposed:false
1354 http fetch GET 200 https://registry.npmjs.org/es-abstract 2077ms (cache miss)
1355 silly packumentCache full:https://registry.npmjs.org/es-abstract set size:undefined disposed:true
1356 http fetch GET 200 https://registry.npmjs.org/es-abstract 1944ms (cache miss)
1357 silly packumentCache full:https://registry.npmjs.org/es-abstract set size:undefined disposed:false
1358 http fetch GET 200 https://registry.npmjs.org/es-abstract 1828ms (cache miss)
1359 silly packumentCache full:https://registry.npmjs.org/es-abstract set size:undefined disposed:false
1360 http fetch GET 200 https://registry.npmjs.org/minimist 1483ms (cache miss)
1361 silly packumentCache full:https://registry.npmjs.org/minimist set size:undefined disposed:false
1362 http fetch GET 200 https://registry.npmjs.org/json5 1814ms (cache miss)
1363 silly packumentCache full:https://registry.npmjs.org/json5 set size:undefined disposed:false
1364 silly placeDep ROOT call-bind@1.0.9 OK for: array-includes@3.1.9 want: ^1.0.8
1365 silly placeDep ROOT call-bound@1.0.4 OK for: array-includes@3.1.9 want: ^1.0.4
1366 silly placeDep ROOT define-properties@1.2.1 OK for: array-includes@3.1.9 want: ^1.2.1
1367 silly placeDep ROOT es-abstract@1.24.2 OK for: array-includes@3.1.9 want: ^1.24.0
1368 silly placeDep ROOT es-object-atoms@1.1.2 OK for: array-includes@3.1.9 want: ^1.1.1
1369 silly placeDep ROOT get-intrinsic@1.3.0 OK for: array-includes@3.1.9 want: ^1.3.0
1370 silly placeDep ROOT is-string@1.1.1 OK for: array-includes@3.1.9 want: ^1.1.1
1371 silly placeDep ROOT math-intrinsics@1.1.0 OK for: array-includes@3.1.9 want: ^1.1.0
1372 silly fetch manifest call-bind-apply-helpers@^1.0.2
1373 silly packumentCache full:https://registry.npmjs.org/call-bind-apply-helpers cache-miss
1374 silly fetch manifest es-define-property@^1.0.1
1375 silly packumentCache full:https://registry.npmjs.org/es-define-property cache-miss
1376 silly fetch manifest set-function-length@^1.2.2
1377 silly packumentCache full:https://registry.npmjs.org/set-function-length cache-miss
1378 silly fetch manifest call-bind-apply-helpers@^1.0.2
1379 silly packumentCache full:https://registry.npmjs.org/call-bind-apply-helpers cache-miss
1380 silly fetch manifest define-data-property@^1.0.1
1381 silly packumentCache full:https://registry.npmjs.org/define-data-property cache-miss
1382 silly fetch manifest has-property-descriptors@^1.0.0
1383 silly packumentCache full:https://registry.npmjs.org/has-property-descriptors cache-miss
1384 silly fetch manifest array-buffer-byte-length@^1.0.2
1385 silly packumentCache full:https://registry.npmjs.org/array-buffer-byte-length cache-miss
1386 silly fetch manifest arraybuffer.prototype.slice@^1.0.4
1387 silly packumentCache full:https://registry.npmjs.org/arraybuffer.prototype.slice cache-miss
1388 silly fetch manifest available-typed-arrays@^1.0.7
1389 silly packumentCache full:https://registry.npmjs.org/available-typed-arrays cache-miss
1390 http fetch GET 200 https://registry.npmjs.org/es-define-property 509ms (cache miss)
1391 silly packumentCache full:https://registry.npmjs.org/es-define-property set size:undefined disposed:false
1392 silly fetch manifest data-view-buffer@^1.0.2
1393 silly packumentCache full:https://registry.npmjs.org/data-view-buffer cache-miss
1394 http fetch GET 200 https://registry.npmjs.org/call-bind-apply-helpers 511ms (cache miss)
1395 silly packumentCache full:https://registry.npmjs.org/call-bind-apply-helpers set size:undefined disposed:false
1396 silly fetch manifest data-view-byte-length@^1.0.2
1397 silly packumentCache full:https://registry.npmjs.org/data-view-byte-length cache-miss
1398 http fetch GET 200 https://registry.npmjs.org/has-property-descriptors 651ms (cache miss)
1399 silly packumentCache full:https://registry.npmjs.org/has-property-descriptors set size:undefined disposed:false
1400 silly fetch manifest data-view-byte-offset@^1.0.1
1401 silly packumentCache full:https://registry.npmjs.org/data-view-byte-offset cache-miss
1402 http fetch GET 200 https://registry.npmjs.org/define-data-property 652ms (cache miss)
1403 silly packumentCache full:https://registry.npmjs.org/define-data-property set size:undefined disposed:false
1404 silly fetch manifest es-set-tostringtag@^2.1.0
1405 silly packumentCache full:https://registry.npmjs.org/es-set-tostringtag cache-miss
1406 http fetch GET 200 https://registry.npmjs.org/call-bind-apply-helpers 653ms (cache miss)
1407 silly packumentCache full:https://registry.npmjs.org/call-bind-apply-helpers set size:undefined disposed:false
1408 silly fetch manifest es-to-primitive@^1.3.0
1409 silly packumentCache full:https://registry.npmjs.org/es-to-primitive cache-miss
1410 http fetch GET 200 https://registry.npmjs.org/array-buffer-byte-length 693ms (cache miss)
1411 silly packumentCache full:https://registry.npmjs.org/array-buffer-byte-length set size:undefined disposed:false
1412 silly fetch manifest function.prototype.name@^1.1.8
1413 silly packumentCache full:https://registry.npmjs.org/function.prototype.name cache-miss
1414 http fetch GET 200 https://registry.npmjs.org/set-function-length 695ms (cache miss)
1415 silly packumentCache full:https://registry.npmjs.org/set-function-length set size:undefined disposed:false
1416 silly fetch manifest get-proto@^1.0.1
1417 silly packumentCache full:https://registry.npmjs.org/get-proto cache-miss
1418 http fetch GET 200 https://registry.npmjs.org/available-typed-arrays 695ms (cache miss)
1419 silly packumentCache full:https://registry.npmjs.org/available-typed-arrays set size:undefined disposed:false
1420 silly fetch manifest get-symbol-description@^1.1.0
1421 silly packumentCache full:https://registry.npmjs.org/get-symbol-description cache-miss
1422 http fetch GET 200 https://registry.npmjs.org/data-view-byte-length 327ms (cache miss)
1423 silly packumentCache full:https://registry.npmjs.org/data-view-byte-length set size:undefined disposed:false
1424 silly fetch manifest globalthis@^1.0.4
1425 silly packumentCache full:https://registry.npmjs.org/globalthis cache-miss
1426 http fetch GET 200 https://registry.npmjs.org/data-view-buffer 331ms (cache miss)
1427 silly packumentCache full:https://registry.npmjs.org/data-view-buffer set size:undefined disposed:false
1428 silly fetch manifest gopd@^1.2.0
1429 silly packumentCache full:https://registry.npmjs.org/gopd cache-miss
1430 http fetch GET 200 https://registry.npmjs.org/get-proto 147ms (cache miss)
1431 silly packumentCache full:https://registry.npmjs.org/get-proto set size:undefined disposed:false
1432 silly fetch manifest has-property-descriptors@^1.0.2
1433 silly packumentCache full:https://registry.npmjs.org/has-property-descriptors cache-miss
1434 http cache https://registry.npmjs.org/has-property-descriptors 3ms (cache hit)
1435 silly packumentCache full:https://registry.npmjs.org/has-property-descriptors set size:12452 disposed:false
1436 silly fetch manifest has-proto@^1.2.0
1437 silly packumentCache full:https://registry.npmjs.org/has-proto cache-miss
1438 http fetch GET 200 https://registry.npmjs.org/data-view-byte-offset 255ms (cache miss)
1439 silly packumentCache full:https://registry.npmjs.org/data-view-byte-offset set size:undefined disposed:false
1440 silly fetch manifest has-symbols@^1.1.0
1441 silly packumentCache full:https://registry.npmjs.org/has-symbols cache-miss
1442 http fetch GET 200 https://registry.npmjs.org/es-set-tostringtag 256ms (cache miss)
1443 silly packumentCache full:https://registry.npmjs.org/es-set-tostringtag set size:undefined disposed:false
1444 silly fetch manifest internal-slot@^1.1.0
1445 silly packumentCache full:https://registry.npmjs.org/internal-slot cache-miss
1446 http fetch GET 200 https://registry.npmjs.org/get-symbol-description 214ms (cache miss)
1447 silly packumentCache full:https://registry.npmjs.org/get-symbol-description set size:undefined disposed:false
1448 silly fetch manifest is-array-buffer@^3.0.5
1449 silly packumentCache full:https://registry.npmjs.org/is-array-buffer cache-miss
1450 http fetch GET 200 https://registry.npmjs.org/es-to-primitive 258ms (cache miss)
1451 silly packumentCache full:https://registry.npmjs.org/es-to-primitive set size:undefined disposed:false
1452 silly fetch manifest is-callable@^1.2.7
1453 silly packumentCache full:https://registry.npmjs.org/is-callable cache-miss
1454 http fetch GET 200 https://registry.npmjs.org/function.prototype.name 328ms (cache miss)
1455 silly packumentCache full:https://registry.npmjs.org/function.prototype.name set size:undefined disposed:false
1456 silly fetch manifest is-data-view@^1.0.2
1457 silly packumentCache full:https://registry.npmjs.org/is-data-view cache-miss
1458 http fetch GET 200 https://registry.npmjs.org/globalthis 373ms (cache miss)
1459 silly packumentCache full:https://registry.npmjs.org/globalthis set size:undefined disposed:false
1460 silly fetch manifest is-negative-zero@^2.0.3
1461 silly packumentCache full:https://registry.npmjs.org/is-negative-zero cache-miss
1462 http fetch GET 200 https://registry.npmjs.org/is-data-view 191ms (cache miss)
1463 silly packumentCache full:https://registry.npmjs.org/is-data-view set size:undefined disposed:false
1464 silly fetch manifest is-regex@^1.2.1
1465 silly packumentCache full:https://registry.npmjs.org/is-regex cache-miss
1466 http fetch GET 200 https://registry.npmjs.org/gopd 372ms (cache miss)
1467 silly packumentCache full:https://registry.npmjs.org/gopd set size:undefined disposed:false
1468 silly fetch manifest is-set@^2.0.3
1469 silly packumentCache full:https://registry.npmjs.org/is-set cache-miss
1470 http fetch GET 200 https://registry.npmjs.org/arraybuffer.prototype.slice 1264ms (cache miss)
1471 silly packumentCache full:https://registry.npmjs.org/arraybuffer.prototype.slice set size:undefined disposed:false
1472 silly fetch manifest is-shared-array-buffer@^1.0.4
1473 silly packumentCache full:https://registry.npmjs.org/is-shared-array-buffer cache-miss
1474 http fetch GET 200 https://registry.npmjs.org/has-proto 420ms (cache miss)
1475 silly packumentCache full:https://registry.npmjs.org/has-proto set size:undefined disposed:false
1476 silly fetch manifest is-typed-array@^1.1.15
1477 silly packumentCache full:https://registry.npmjs.org/is-typed-array cache-miss
1478 http fetch GET 200 https://registry.npmjs.org/has-symbols 410ms (cache miss)
1479 silly packumentCache full:https://registry.npmjs.org/has-symbols set size:undefined disposed:false
1480 silly fetch manifest is-weakref@^1.1.1
1481 silly packumentCache full:https://registry.npmjs.org/is-weakref cache-miss
1482 http fetch GET 200 https://registry.npmjs.org/is-array-buffer 453ms (cache miss)
1483 silly packumentCache full:https://registry.npmjs.org/is-array-buffer set size:undefined disposed:false
1484 silly fetch manifest object-inspect@^1.13.4
1485 silly packumentCache full:https://registry.npmjs.org/object-inspect cache-miss
1486 http fetch GET 200 https://registry.npmjs.org/internal-slot 497ms (cache miss)
1487 silly packumentCache full:https://registry.npmjs.org/internal-slot set size:undefined disposed:false
1488 silly fetch manifest object.assign@^4.1.7
1489 silly packumentCache full:https://registry.npmjs.org/object.assign cache-miss
1490 http fetch GET 200 https://registry.npmjs.org/is-callable 561ms (cache miss)
1491 silly packumentCache full:https://registry.npmjs.org/is-callable set size:undefined disposed:false
1492 silly fetch manifest own-keys@^1.0.1
1493 silly packumentCache full:https://registry.npmjs.org/own-keys cache-miss
1494 http fetch GET 200 https://registry.npmjs.org/is-set 380ms (cache miss)
1495 silly packumentCache full:https://registry.npmjs.org/is-set set size:undefined disposed:false
1496 silly fetch manifest regexp.prototype.flags@^1.5.4
1497 silly packumentCache full:https://registry.npmjs.org/regexp.prototype.flags cache-miss
1498 http fetch GET 200 https://registry.npmjs.org/is-negative-zero 413ms (cache miss)
1499 silly packumentCache full:https://registry.npmjs.org/is-negative-zero set size:undefined disposed:false
1500 silly fetch manifest safe-array-concat@^1.1.3
1501 silly packumentCache full:https://registry.npmjs.org/safe-array-concat cache-miss
1502 http fetch GET 200 https://registry.npmjs.org/is-regex 487ms (cache miss)
1503 silly packumentCache full:https://registry.npmjs.org/is-regex set size:undefined disposed:false
1504 silly fetch manifest safe-push-apply@^1.0.0
1505 silly packumentCache full:https://registry.npmjs.org/safe-push-apply cache-miss
1506 http fetch GET 200 https://registry.npmjs.org/is-weakref 396ms (cache miss)
1507 silly packumentCache full:https://registry.npmjs.org/is-weakref set size:undefined disposed:false
1508 silly fetch manifest safe-regex-test@^1.1.0
1509 silly packumentCache full:https://registry.npmjs.org/safe-regex-test cache-miss
1510 http cache https://registry.npmjs.org/safe-regex-test 1ms (cache hit)
1511 silly packumentCache full:https://registry.npmjs.org/safe-regex-test set size:17412 disposed:false
1512 silly fetch manifest set-proto@^1.0.0
1513 silly packumentCache full:https://registry.npmjs.org/set-proto cache-miss
1514 http fetch GET 200 https://registry.npmjs.org/own-keys 388ms (cache miss)
1515 silly packumentCache full:https://registry.npmjs.org/own-keys set size:undefined disposed:false
1516 silly fetch manifest stop-iteration-iterator@^1.1.0
1517 silly packumentCache full:https://registry.npmjs.org/stop-iteration-iterator cache-miss
1518 http fetch GET 200 https://registry.npmjs.org/is-typed-array 597ms (cache miss)
1519 silly packumentCache full:https://registry.npmjs.org/is-typed-array set size:undefined disposed:false
1520 silly fetch manifest string.prototype.trim@^1.2.10
1521 silly packumentCache full:https://registry.npmjs.org/string.prototype.trim cache-miss
1522 http fetch GET 200 https://registry.npmjs.org/object-inspect 564ms (cache miss)
1523 silly packumentCache full:https://registry.npmjs.org/object-inspect set size:undefined disposed:false
1524 silly fetch manifest string.prototype.trimstart@^1.0.8
1525 silly packumentCache full:https://registry.npmjs.org/string.prototype.trimstart cache-miss
1526 http fetch GET 200 https://registry.npmjs.org/object.assign 523ms (cache miss)
1527 silly packumentCache full:https://registry.npmjs.org/object.assign set size:undefined disposed:false
1528 silly fetch manifest typed-array-buffer@^1.0.3
1529 silly packumentCache full:https://registry.npmjs.org/typed-array-buffer cache-miss
1530 http fetch GET 200 https://registry.npmjs.org/safe-push-apply 306ms (cache miss)
1531 silly packumentCache full:https://registry.npmjs.org/safe-push-apply set size:undefined disposed:false
1532 silly fetch manifest typed-array-byte-length@^1.0.3
1533 silly packumentCache full:https://registry.npmjs.org/typed-array-byte-length cache-miss
1534 http fetch GET 200 https://registry.npmjs.org/set-proto 349ms (cache miss)
1535 silly packumentCache full:https://registry.npmjs.org/set-proto set size:undefined disposed:false
1536 silly fetch manifest typed-array-byte-offset@^1.0.4
1537 silly packumentCache full:https://registry.npmjs.org/typed-array-byte-offset cache-miss
1538 http fetch GET 200 https://registry.npmjs.org/stop-iteration-iterator 203ms (cache miss)
1539 silly packumentCache full:https://registry.npmjs.org/stop-iteration-iterator set size:undefined disposed:false
1540 silly fetch manifest typed-array-length@^1.0.7
1541 silly packumentCache full:https://registry.npmjs.org/typed-array-length cache-miss
1542 http fetch GET 200 https://registry.npmjs.org/safe-array-concat 575ms (cache miss)
1543 silly packumentCache full:https://registry.npmjs.org/safe-array-concat set size:undefined disposed:false
1544 silly fetch manifest unbox-primitive@^1.1.0
1545 silly packumentCache full:https://registry.npmjs.org/unbox-primitive cache-miss
1546 http fetch GET 200 https://registry.npmjs.org/regexp.prototype.flags 616ms (cache miss)
1547 silly packumentCache full:https://registry.npmjs.org/regexp.prototype.flags set size:undefined disposed:false
1548 silly fetch manifest which-typed-array@^1.1.19
1549 silly packumentCache full:https://registry.npmjs.org/which-typed-array cache-miss
1550 http fetch GET 200 https://registry.npmjs.org/typed-array-buffer 297ms (cache miss)
1551 silly packumentCache full:https://registry.npmjs.org/typed-array-buffer set size:undefined disposed:false
1552 silly fetch manifest has-tostringtag@^1.0.2
1553 silly packumentCache full:https://registry.npmjs.org/has-tostringtag cache-miss
1554 http fetch GET 200 https://registry.npmjs.org/typed-array-byte-length 222ms (cache miss)
1555 silly packumentCache full:https://registry.npmjs.org/typed-array-byte-length set size:undefined disposed:false
1556 http fetch GET 200 https://registry.npmjs.org/is-shared-array-buffer 999ms (cache miss)
1557 silly packumentCache full:https://registry.npmjs.org/is-shared-array-buffer set size:undefined disposed:false
1558 http fetch GET 200 https://registry.npmjs.org/string.prototype.trim 400ms (cache miss)
1559 silly packumentCache full:https://registry.npmjs.org/string.prototype.trim set size:undefined disposed:false
1560 http fetch GET 200 https://registry.npmjs.org/string.prototype.trimstart 414ms (cache miss)
1561 silly packumentCache full:https://registry.npmjs.org/string.prototype.trimstart set size:undefined disposed:false
1562 http fetch GET 200 https://registry.npmjs.org/typed-array-byte-offset 412ms (cache miss)
1563 silly packumentCache full:https://registry.npmjs.org/typed-array-byte-offset set size:undefined disposed:false
1564 http fetch GET 200 https://registry.npmjs.org/has-tostringtag 345ms (cache miss)
1565 silly packumentCache full:https://registry.npmjs.org/has-tostringtag set size:undefined disposed:false
1566 http fetch GET 200 https://registry.npmjs.org/unbox-primitive 422ms (cache miss)
1567 silly packumentCache full:https://registry.npmjs.org/unbox-primitive set size:undefined disposed:false
1568 http fetch GET 200 https://registry.npmjs.org/typed-array-length 561ms (cache miss)
1569 silly packumentCache full:https://registry.npmjs.org/typed-array-length set size:undefined disposed:false
1570 http fetch GET 200 https://registry.npmjs.org/which-typed-array 525ms (cache miss)
1571 silly packumentCache full:https://registry.npmjs.org/which-typed-array set size:undefined disposed:false
1572 silly placeDep ROOT es-errors@1.3.0 OK for: array.prototype.findlastindex@1.2.6 want: ^1.3.0
1573 silly placeDep ROOT es-shim-unscopables@1.1.0 OK for: array.prototype.findlastindex@1.2.6 want: ^1.1.0
1574 silly placeDep ROOT call-bind-apply-helpers@1.0.2 OK for: call-bind@1.0.9 want: ^1.0.2
1575 silly placeDep ROOT es-define-property@1.0.1 OK for: call-bind@1.0.9 want: ^1.0.1
1576 silly placeDep ROOT set-function-length@1.2.2 OK for: call-bind@1.0.9 want: ^1.2.2
1577 silly fetch manifest define-data-property@^1.1.4
1578 silly packumentCache full:https://registry.npmjs.org/define-data-property cache-miss
1579 silly fetch manifest gopd@^1.0.1
1580 silly packumentCache full:https://registry.npmjs.org/gopd cache-miss
1581 http cache https://registry.npmjs.org/gopd 1ms (cache hit)
1582 silly packumentCache full:https://registry.npmjs.org/gopd set size:11483 disposed:false
1583 http cache https://registry.npmjs.org/define-data-property 1ms (cache hit)
1584 silly packumentCache full:https://registry.npmjs.org/define-data-property set size:28048 disposed:false
1585 silly placeDep ROOT function-bind@1.1.2 OK for: call-bind-apply-helpers@1.0.2 want: ^1.1.2
1586 silly placeDep ROOT define-data-property@1.1.4 OK for: define-properties@1.2.1 want: ^1.0.1
1587 silly placeDep ROOT has-property-descriptors@1.0.2 OK for: define-properties@1.2.1 want: ^1.0.0
1588 silly placeDep ROOT object-keys@1.1.1 OK for: define-properties@1.2.1 want: ^1.1.1
1589 silly placeDep ROOT gopd@1.2.0 OK for: define-data-property@1.1.4 want: ^1.0.1
1590 silly placeDep ROOT array-buffer-byte-length@1.0.2 OK for: es-abstract@1.24.2 want: ^1.0.2
1591 silly placeDep ROOT arraybuffer.prototype.slice@1.0.4 OK for: es-abstract@1.24.2 want: ^1.0.4
1592 silly placeDep ROOT available-typed-arrays@1.0.7 OK for: es-abstract@1.24.2 want: ^1.0.7
1593 silly placeDep ROOT data-view-buffer@1.0.2 OK for: es-abstract@1.24.2 want: ^1.0.2
1594 silly placeDep ROOT data-view-byte-length@1.0.2 OK for: es-abstract@1.24.2 want: ^1.0.2
1595 silly placeDep ROOT data-view-byte-offset@1.0.1 OK for: es-abstract@1.24.2 want: ^1.0.1
1596 silly placeDep ROOT es-set-tostringtag@2.1.0 OK for: es-abstract@1.24.2 want: ^2.1.0
1597 silly placeDep ROOT es-to-primitive@1.3.4 OK for: es-abstract@1.24.2 want: ^1.3.0
1598 silly placeDep ROOT function.prototype.name@1.2.0 OK for: es-abstract@1.24.2 want: ^1.1.8
1599 silly placeDep ROOT get-proto@1.0.1 OK for: es-abstract@1.24.2 want: ^1.0.1
1600 silly placeDep ROOT get-symbol-description@1.1.0 OK for: es-abstract@1.24.2 want: ^1.1.0
1601 silly placeDep ROOT globalthis@1.0.4 OK for: es-abstract@1.24.2 want: ^1.0.4
1602 silly placeDep ROOT has-proto@1.2.0 OK for: es-abstract@1.24.2 want: ^1.2.0
1603 silly placeDep ROOT has-symbols@1.1.0 OK for: es-abstract@1.24.2 want: ^1.1.0
1604 silly placeDep ROOT internal-slot@1.1.0 OK for: es-abstract@1.24.2 want: ^1.1.0
1605 silly placeDep ROOT is-array-buffer@3.0.5 OK for: es-abstract@1.24.2 want: ^3.0.5
1606 silly placeDep ROOT is-callable@1.2.7 OK for: es-abstract@1.24.2 want: ^1.2.7
1607 silly placeDep ROOT is-data-view@1.0.2 OK for: es-abstract@1.24.2 want: ^1.0.2
1608 silly placeDep ROOT is-negative-zero@2.0.3 OK for: es-abstract@1.24.2 want: ^2.0.3
1609 silly placeDep ROOT is-regex@1.2.1 OK for: es-abstract@1.24.2 want: ^1.2.1
1610 silly placeDep ROOT is-set@2.0.3 OK for: es-abstract@1.24.2 want: ^2.0.3
1611 silly placeDep ROOT is-shared-array-buffer@1.0.4 OK for: es-abstract@1.24.2 want: ^1.0.4
1612 silly placeDep ROOT is-typed-array@1.1.15 OK for: es-abstract@1.24.2 want: ^1.1.15
1613 silly placeDep ROOT is-weakref@1.1.1 OK for: es-abstract@1.24.2 want: ^1.1.1
1614 silly placeDep ROOT object-inspect@1.13.4 OK for: es-abstract@1.24.2 want: ^1.13.4
1615 silly placeDep ROOT object.assign@4.1.7 OK for: es-abstract@1.24.2 want: ^4.1.7
1616 silly placeDep ROOT own-keys@1.0.2 OK for: es-abstract@1.24.2 want: ^1.0.1
1617 silly placeDep ROOT regexp.prototype.flags@1.5.4 OK for: es-abstract@1.24.2 want: ^1.5.4
1618 silly placeDep ROOT safe-array-concat@1.1.4 OK for: es-abstract@1.24.2 want: ^1.1.3
1619 silly placeDep ROOT safe-push-apply@1.0.0 OK for: es-abstract@1.24.2 want: ^1.0.0
1620 silly placeDep ROOT safe-regex-test@1.1.0 OK for: es-abstract@1.24.2 want: ^1.1.0
1621 silly placeDep ROOT set-proto@1.0.0 OK for: es-abstract@1.24.2 want: ^1.0.0
1622 silly placeDep ROOT stop-iteration-iterator@1.1.0 OK for: es-abstract@1.24.2 want: ^1.1.0
1623 silly placeDep ROOT string.prototype.trim@1.2.11 OK for: es-abstract@1.24.2 want: ^1.2.10
1624 silly placeDep ROOT string.prototype.trimstart@1.0.8 OK for: es-abstract@1.24.2 want: ^1.0.8
1625 silly placeDep ROOT typed-array-buffer@1.0.3 OK for: es-abstract@1.24.2 want: ^1.0.3
1626 silly placeDep ROOT typed-array-byte-length@1.0.3 OK for: es-abstract@1.24.2 want: ^1.0.3
1627 silly placeDep ROOT typed-array-byte-offset@1.0.4 OK for: es-abstract@1.24.2 want: ^1.0.4
1628 silly placeDep ROOT typed-array-length@1.0.8 OK for: es-abstract@1.24.2 want: ^1.0.7
1629 silly placeDep ROOT unbox-primitive@1.1.0 OK for: es-abstract@1.24.2 want: ^1.1.0
1630 silly placeDep ROOT which-typed-array@1.1.22 OK for: es-abstract@1.24.2 want: ^1.1.19
1631 silly fetch manifest is-array-buffer@^3.0.4
1632 silly packumentCache full:https://registry.npmjs.org/is-array-buffer cache-miss
1633 silly fetch manifest possible-typed-array-names@^1.0.0
1634 silly packumentCache full:https://registry.npmjs.org/possible-typed-array-names cache-miss
1635 silly fetch manifest is-data-view@^1.0.1
1636 silly packumentCache full:https://registry.npmjs.org/is-data-view cache-miss
1637 silly fetch manifest is-symbol@^1.1.1
1638 silly packumentCache full:https://registry.npmjs.org/is-symbol cache-miss
1639 silly fetch manifest is-date-object@^1.1.0
1640 silly packumentCache full:https://registry.npmjs.org/is-date-object cache-miss
1641 silly fetch manifest es-abstract-get@^1.0.0
1642 silly packumentCache full:https://registry.npmjs.org/es-abstract-get cache-miss
1643 silly fetch manifest is-document.all@^1.0.0
1644 silly packumentCache full:https://registry.npmjs.org/is-document.all cache-miss
1645 silly fetch manifest functions-have-names@^1.2.3
1646 silly packumentCache full:https://registry.npmjs.org/functions-have-names cache-miss
1647 silly fetch manifest dunder-proto@^1.0.1
1648 silly packumentCache full:https://registry.npmjs.org/dunder-proto cache-miss
1649 http cache https://registry.npmjs.org/is-data-view 2ms (cache hit)
1650 silly packumentCache full:https://registry.npmjs.org/is-data-view set size:13756 disposed:false
1651 silly fetch manifest dunder-proto@^1.0.0
1652 silly packumentCache full:https://registry.npmjs.org/dunder-proto cache-miss
1653 http cache https://registry.npmjs.org/is-array-buffer 3ms (cache hit)
1654 silly packumentCache full:https://registry.npmjs.org/is-array-buffer set size:33562 disposed:false
1655 silly fetch manifest side-channel@^1.1.0
1656 silly packumentCache full:https://registry.npmjs.org/side-channel cache-miss
1657 http fetch GET 200 https://registry.npmjs.org/is-document.all 162ms (cache miss)
1658 silly packumentCache full:https://registry.npmjs.org/is-document.all set size:undefined disposed:false
1659 silly fetch manifest is-typed-array@^1.1.13
1660 silly packumentCache full:https://registry.npmjs.org/is-typed-array cache-miss
1661 http fetch GET 200 https://registry.npmjs.org/dunder-proto 162ms (cache miss)
1662 silly packumentCache full:https://registry.npmjs.org/dunder-proto set size:undefined disposed:false
1663 silly fetch manifest which-typed-array@^1.1.16
1664 silly packumentCache full:https://registry.npmjs.org/which-typed-array cache-miss
1665 http fetch GET 200 https://registry.npmjs.org/possible-typed-array-names 165ms (cache miss)
1666 silly packumentCache full:https://registry.npmjs.org/possible-typed-array-names set size:undefined disposed:false
1667 silly fetch manifest set-function-name@^2.0.2
1668 silly packumentCache full:https://registry.npmjs.org/set-function-name cache-miss
1669 http cache https://registry.npmjs.org/is-typed-array 4ms (cache hit)
1670 silly packumentCache full:https://registry.npmjs.org/is-typed-array set size:79965 disposed:false
1671 silly fetch manifest isarray@^2.0.5
1672 silly packumentCache full:https://registry.npmjs.org/isarray cache-miss
1673 http cache https://registry.npmjs.org/which-typed-array 4ms (cache hit)
1674 silly packumentCache full:https://registry.npmjs.org/which-typed-array set size:101551 disposed:false
1675 silly fetch manifest isarray@^2.0.5
1676 silly packumentCache full:https://registry.npmjs.org/isarray cache-miss
1677 http fetch GET 200 https://registry.npmjs.org/es-abstract-get 231ms (cache miss)
1678 silly packumentCache full:https://registry.npmjs.org/es-abstract-get set size:undefined disposed:false
1679 silly fetch manifest dunder-proto@^1.0.1
1680 silly packumentCache full:https://registry.npmjs.org/dunder-proto cache-miss
1681 http cache https://registry.npmjs.org/dunder-proto 3ms (cache hit)
1682 silly packumentCache full:https://registry.npmjs.org/dunder-proto set size:8256 disposed:false
1683 silly fetch manifest for-each@^0.3.3
1684 silly packumentCache full:https://registry.npmjs.org/for-each cache-miss
1685 http fetch GET 200 https://registry.npmjs.org/functions-have-names 237ms (cache miss)
1686 silly packumentCache full:https://registry.npmjs.org/functions-have-names set size:undefined disposed:false
1687 silly fetch manifest for-each@^0.3.3
1688 silly packumentCache full:https://registry.npmjs.org/for-each cache-miss
1689 http fetch GET 200 https://registry.npmjs.org/dunder-proto 269ms (cache miss)
1690 silly packumentCache full:https://registry.npmjs.org/dunder-proto set size:undefined disposed:false
1691 silly packumentCache full:https://registry.npmjs.org/dunder-proto dispose
1692 silly fetch manifest reflect.getprototypeof@^1.0.9
1693 silly packumentCache full:https://registry.npmjs.org/reflect.getprototypeof cache-miss
1694 http fetch GET 200 https://registry.npmjs.org/is-date-object 337ms (cache miss)
1695 silly packumentCache full:https://registry.npmjs.org/is-date-object set size:undefined disposed:false
1696 silly fetch manifest for-each@^0.3.5
1697 silly packumentCache full:https://registry.npmjs.org/for-each cache-miss
1698 http fetch GET 200 https://registry.npmjs.org/side-channel 521ms (cache miss)
1699 silly packumentCache full:https://registry.npmjs.org/side-channel set size:undefined disposed:false
1700 silly fetch manifest possible-typed-array-names@^1.1.0
1701 silly packumentCache full:https://registry.npmjs.org/possible-typed-array-names cache-miss
1702 http cache https://registry.npmjs.org/possible-typed-array-names 2ms (cache hit)
1703 silly packumentCache full:https://registry.npmjs.org/possible-typed-array-names set size:9167 disposed:false
1704 silly fetch manifest reflect.getprototypeof@^1.0.10
1705 silly packumentCache full:https://registry.npmjs.org/reflect.getprototypeof cache-miss
1706 http fetch GET 200 https://registry.npmjs.org/set-function-name 488ms (cache miss)
1707 silly packumentCache full:https://registry.npmjs.org/set-function-name set size:undefined disposed:false
1708 silly fetch manifest has-bigints@^1.0.2
1709 silly packumentCache full:https://registry.npmjs.org/has-bigints cache-miss
1710 http fetch GET 200 https://registry.npmjs.org/for-each 416ms (cache miss)
1711 silly packumentCache full:https://registry.npmjs.org/for-each set size:undefined disposed:false
1712 silly fetch manifest which-boxed-primitive@^1.1.1
1713 silly packumentCache full:https://registry.npmjs.org/which-boxed-primitive cache-miss
1714 http fetch GET 200 https://registry.npmjs.org/isarray 487ms (cache miss)
1715 silly packumentCache full:https://registry.npmjs.org/isarray set size:undefined disposed:false
1716 silly fetch manifest for-each@^0.3.5
1717 silly packumentCache full:https://registry.npmjs.org/for-each cache-miss
1718 http fetch GET 200 https://registry.npmjs.org/isarray 487ms (cache miss)
1719 silly packumentCache full:https://registry.npmjs.org/isarray set size:undefined disposed:false
1720 http cache https://registry.npmjs.org/for-each 2ms (cache hit)
1721 silly packumentCache full:https://registry.npmjs.org/for-each set size:14327 disposed:false
1722 http fetch GET 200 https://registry.npmjs.org/for-each 454ms (cache miss)
1723 silly packumentCache full:https://registry.npmjs.org/for-each set size:undefined disposed:false
1724 silly packumentCache full:https://registry.npmjs.org/for-each dispose
1725 http fetch GET 200 https://registry.npmjs.org/for-each 414ms (cache miss)
1726 silly packumentCache full:https://registry.npmjs.org/for-each set size:undefined disposed:true
1727 http fetch GET 200 https://registry.npmjs.org/is-symbol 754ms (cache miss)
1728 silly packumentCache full:https://registry.npmjs.org/is-symbol set size:undefined disposed:false
1729 http fetch GET 200 https://registry.npmjs.org/reflect.getprototypeof 513ms (cache miss)
1730 silly packumentCache full:https://registry.npmjs.org/reflect.getprototypeof set size:undefined disposed:false
1731 http fetch GET 200 https://registry.npmjs.org/has-bigints 202ms (cache miss)
1732 silly packumentCache full:https://registry.npmjs.org/has-bigints set size:undefined disposed:false
1733 http fetch GET 200 https://registry.npmjs.org/reflect.getprototypeof 393ms (cache miss)
1734 silly packumentCache full:https://registry.npmjs.org/reflect.getprototypeof set size:undefined disposed:false
1735 http fetch GET 200 https://registry.npmjs.org/which-boxed-primitive 267ms (cache miss)
1736 silly packumentCache full:https://registry.npmjs.org/which-boxed-primitive set size:undefined disposed:false
1737 silly placeDep ROOT possible-typed-array-names@1.1.0 OK for: available-typed-arrays@1.0.7 want: ^1.0.0
1738 silly placeDep ROOT has-tostringtag@1.0.2 OK for: es-set-tostringtag@2.1.0 want: ^1.0.2
1739 silly placeDep ROOT es-abstract-get@1.0.0 OK for: es-to-primitive@1.3.4 want: ^1.0.0
1740 silly placeDep ROOT is-date-object@1.1.0 OK for: es-to-primitive@1.3.4 want: ^1.1.0
1741 silly placeDep ROOT is-symbol@1.1.1 OK for: es-to-primitive@1.3.4 want: ^1.1.1
1742 silly placeDep node_modules/eslint-module-utils debug@3.2.7 OK for: eslint-module-utils@2.14.0 want: ^3.2.7
1743 silly placeDep ROOT aria-query@5.3.2 OK for: eslint-plugin-jsx-a11y@6.10.2 want: ^5.3.2
1744 silly placeDep ROOT ast-types-flow@0.0.8 OK for: eslint-plugin-jsx-a11y@6.10.2 want: ^0.0.8
1745 silly placeDep ROOT axe-core@4.13.0 OK for: eslint-plugin-jsx-a11y@6.10.2 want: ^4.10.0
1746 silly placeDep ROOT axobject-query@4.1.0 OK for: eslint-plugin-jsx-a11y@6.10.2 want: ^4.1.0
1747 silly placeDep ROOT damerau-levenshtein@1.0.8 OK for: eslint-plugin-jsx-a11y@6.10.2 want: ^1.0.8
1748 silly placeDep ROOT emoji-regex@9.2.2 OK for: eslint-plugin-jsx-a11y@6.10.2 want: ^9.2.2
1749 silly placeDep ROOT jsx-ast-utils@3.3.5 OK for: eslint-plugin-jsx-a11y@6.10.2 want: ^3.3.5
1750 silly placeDep ROOT language-tags@1.0.9 OK for: eslint-plugin-jsx-a11y@6.10.2 want: ^1.0.9
1751 silly placeDep ROOT string.prototype.includes@2.0.1 OK for: eslint-plugin-jsx-a11y@6.10.2 want: ^2.0.1
1752 silly fetch manifest language-subtag-registry@^0.3.20
1753 silly packumentCache full:https://registry.npmjs.org/language-subtag-registry cache-miss
1754 http fetch GET 200 https://registry.npmjs.org/language-subtag-registry 346ms (cache miss)
1755 silly packumentCache full:https://registry.npmjs.org/language-subtag-registry set size:undefined disposed:false
1756 silly placeDep ROOT array.prototype.findlast@1.2.5 OK for: eslint-plugin-react@7.37.5 want: ^1.2.5
1757 silly placeDep ROOT array.prototype.tosorted@1.1.4 OK for: eslint-plugin-react@7.37.5 want: ^1.1.4
1758 silly placeDep ROOT es-iterator-helpers@1.4.0 OK for: eslint-plugin-react@7.37.5 want: ^1.2.1
1759 silly placeDep ROOT estraverse@5.3.0 OK for: eslint-plugin-react@7.37.5 want: ^5.3.0
1760 silly placeDep ROOT object.entries@1.1.9 OK for: eslint-plugin-react@7.37.5 want: ^1.1.9
1761 silly placeDep ROOT prop-types@15.8.1 OK for: eslint-plugin-react@7.37.5 want: ^15.8.1
1762 silly placeDep ROOT string.prototype.matchall@4.0.12 OK for: eslint-plugin-react@7.37.5 want: ^4.0.12
1763 silly placeDep ROOT string.prototype.repeat@1.0.0 OK for: eslint-plugin-react@7.37.5 want: ^1.0.0
1764 silly fetch manifest iterator.prototype@^1.1.5
1765 silly packumentCache full:https://registry.npmjs.org/iterator.prototype cache-miss
1766 silly fetch manifest loose-envify@^1.4.0
1767 silly packumentCache full:https://registry.npmjs.org/loose-envify cache-miss
1768 silly fetch manifest object-assign@^4.1.1
1769 silly packumentCache full:https://registry.npmjs.org/object-assign cache-miss
1770 silly fetch manifest react-is@^16.13.1
1771 silly packumentCache full:https://registry.npmjs.org/react-is cache-miss
1772 http fetch GET 200 https://registry.npmjs.org/iterator.prototype 671ms (cache miss)
1773 silly packumentCache full:https://registry.npmjs.org/iterator.prototype set size:undefined disposed:false
1774 http fetch GET 200 https://registry.npmjs.org/loose-envify 745ms (cache miss)
1775 silly packumentCache full:https://registry.npmjs.org/loose-envify set size:undefined disposed:false
1776 http fetch GET 200 https://registry.npmjs.org/object-assign 1184ms (cache miss)
1777 silly packumentCache full:https://registry.npmjs.org/object-assign set size:undefined disposed:false
1778 http fetch GET 200 https://registry.npmjs.org/react-is 40120ms (cache miss)
1779 silly packumentCache full:https://registry.npmjs.org/react-is set size:undefined disposed:false
1780 silly placeDep ROOT iterator.prototype@1.1.5 OK for: es-iterator-helpers@1.4.0 want: ^1.1.5
1781 silly placeDep ROOT @babel/core@7.29.7 OK for: eslint-plugin-react-hooks@7.1.1 want: ^7.24.4
1782 silly placeDep ROOT @babel/parser@7.29.8 OK for: eslint-plugin-react-hooks@7.1.1 want: ^7.24.4
1783 silly placeDep ROOT hermes-parser@0.25.1 OK for: eslint-plugin-react-hooks@7.1.1 want: ^0.25.1
1784 silly placeDep ROOT zod@4.4.3 OK for: eslint-plugin-react-hooks@7.1.1 want: ^3.25.0 || ^4.0.0
1785 silly placeDep ROOT zod-validation-error@4.0.2 OK for: eslint-plugin-react-hooks@7.1.1 want: ^3.5.0 || ^4.0.0
1786 silly fetch manifest json5@^2.2.3
1787 silly packumentCache full:https://registry.npmjs.org/json5 cache-miss
1788 silly fetch manifest gensync@^1.0.0-beta.2
1789 silly packumentCache full:https://registry.npmjs.org/gensync cache-miss
1790 silly fetch manifest @babel/types@^7.29.7
1791 silly packumentCache full:https://registry.npmjs.org/@babel%2ftypes cache-miss
1792 silly fetch manifest @babel/parser@^7.29.7
1793 silly packumentCache full:https://registry.npmjs.org/@babel%2fparser cache-miss
1794 silly fetch manifest @babel/helpers@^7.29.7
1795 silly packumentCache full:https://registry.npmjs.org/@babel%2fhelpers cache-miss
1796 silly fetch manifest @babel/template@^7.29.7
1797 silly packumentCache full:https://registry.npmjs.org/@babel%2ftemplate cache-miss
1798 silly fetch manifest @babel/traverse@^7.29.7
1799 silly packumentCache full:https://registry.npmjs.org/@babel%2ftraverse cache-miss
1800 silly fetch manifest @babel/generator@^7.29.7
1801 silly packumentCache full:https://registry.npmjs.org/@babel%2fgenerator cache-miss
1802 silly fetch manifest @babel/code-frame@^7.29.7
1803 silly packumentCache full:https://registry.npmjs.org/@babel%2fcode-frame cache-miss
1804 http cache https://registry.npmjs.org/json5 6ms (cache hit)
1805 silly packumentCache full:https://registry.npmjs.org/json5 set size:86136 disposed:false
1806 silly fetch manifest convert-source-map@^2.0.0
1807 silly packumentCache full:https://registry.npmjs.org/convert-source-map cache-miss
1808 http cache https://registry.npmjs.org/@babel%2fparser 6ms (cache hit)
1809 silly packumentCache full:https://registry.npmjs.org/@babel%2fparser set size:737961 disposed:false
1810 silly fetch manifest @babel/helper-module-transforms@^7.29.7
1811 silly packumentCache full:https://registry.npmjs.org/@babel%2fhelper-module-transforms cache-miss
1812 http fetch GET 200 https://registry.npmjs.org/gensync 796ms (cache miss)
1813 silly packumentCache full:https://registry.npmjs.org/gensync set size:undefined disposed:false
1814 silly fetch manifest @babel/helper-compilation-targets@^7.29.7
1815 silly packumentCache full:https://registry.npmjs.org/@babel%2fhelper-compilation-targets cache-miss
1816 http fetch GET 200 https://registry.npmjs.org/convert-source-map 2017ms (cache miss)
1817 silly packumentCache full:https://registry.npmjs.org/convert-source-map set size:undefined disposed:false
1818 silly fetch manifest @babel/types@^7.29.8
1819 silly packumentCache full:https://registry.npmjs.org/@babel%2ftypes cache-miss
1820 http fetch GET 200 https://registry.npmjs.org/@babel%2ftemplate 2224ms (cache miss)
1821 silly packumentCache full:https://registry.npmjs.org/@babel%2ftemplate set size:undefined disposed:false
1822 silly fetch manifest hermes-estree@0.25.1
1823 silly packumentCache full:https://registry.npmjs.org/hermes-estree cache-miss
1824 http fetch GET 200 https://registry.npmjs.org/@babel%2ftypes 2555ms (cache miss)
1825 silly packumentCache full:https://registry.npmjs.org/@babel%2ftypes set size:undefined disposed:false
1826 http fetch GET 200 https://registry.npmjs.org/@babel%2fcode-frame 2982ms (cache miss)
1827 silly packumentCache full:https://registry.npmjs.org/@babel%2fcode-frame set size:undefined disposed:false
1828 http fetch GET 200 https://registry.npmjs.org/hermes-estree 932ms (cache miss)
1829 silly packumentCache full:https://registry.npmjs.org/hermes-estree set size:undefined disposed:false
1830 http fetch GET 200 https://registry.npmjs.org/@babel%2fhelper-compilation-targets 2379ms (cache miss)
1831 silly packumentCache full:https://registry.npmjs.org/@babel%2fhelper-compilation-targets set size:undefined disposed:false
1832 http fetch GET 200 https://registry.npmjs.org/@babel%2fgenerator 3335ms (cache miss)
1833 silly packumentCache full:https://registry.npmjs.org/@babel%2fgenerator set size:undefined disposed:false
1834 http fetch GET 200 https://registry.npmjs.org/@babel%2fhelper-module-transforms 3504ms (cache miss)
1835 silly packumentCache full:https://registry.npmjs.org/@babel%2fhelper-module-transforms set size:undefined disposed:false
1836 http fetch GET 200 https://registry.npmjs.org/@babel%2fhelpers 4307ms (cache miss)
1837 silly packumentCache full:https://registry.npmjs.org/@babel%2fhelpers set size:undefined disposed:false
1838 http fetch GET 200 https://registry.npmjs.org/@babel%2ftraverse 6856ms (cache miss)
1839 silly packumentCache full:https://registry.npmjs.org/@babel%2ftraverse set size:undefined disposed:false
1840 http fetch GET 200 https://registry.npmjs.org/@babel%2ftypes 7626ms (cache miss)
1841 silly packumentCache full:https://registry.npmjs.org/@babel%2ftypes set size:undefined disposed:false
1842 silly fetch manifest @babel/core@^7.0.0
1843 silly packumentCache full:https://registry.npmjs.org/@babel%2fcore cache-miss
1844 http cache https://registry.npmjs.org/@babel%2fcore 9ms (cache hit)
1845 silly packumentCache full:https://registry.npmjs.org/@babel%2fcore set size:788273 disposed:false
1846 silly placeDep ROOT @babel/code-frame@7.29.7 OK for: @babel/core@7.29.7 want: ^7.29.7
1847 silly placeDep ROOT @babel/generator@7.29.8 OK for: @babel/core@7.29.7 want: ^7.29.7
1848 silly placeDep ROOT @babel/helper-compilation-targets@7.29.7 OK for: @babel/core@7.29.7 want: ^7.29.7
1849 silly placeDep ROOT @babel/helper-module-transforms@7.29.7 OK for: @babel/core@7.29.7 want: ^7.29.7
1850 silly placeDep ROOT @babel/helpers@7.29.7 OK for: @babel/core@7.29.7 want: ^7.29.7
1851 silly placeDep ROOT @babel/template@7.29.7 OK for: @babel/core@7.29.7 want: ^7.29.7
1852 silly placeDep ROOT @babel/traverse@7.29.8 OK for: @babel/core@7.29.7 want: ^7.29.7
1853 silly placeDep ROOT @babel/types@7.29.8 OK for: @babel/core@7.29.7 want: ^7.29.7
1854 silly placeDep ROOT convert-source-map@2.0.0 OK for: @babel/core@7.29.7 want: ^2.0.0
1855 silly placeDep ROOT gensync@1.0.0-beta.2 OK for: @babel/core@7.29.7 want: ^1.0.0-beta.2
1856 silly placeDep ROOT json5@2.2.3 OK for: @babel/core@7.29.7 want: ^2.2.3
1857 silly fetch manifest js-tokens@^4.0.0
1858 silly packumentCache full:https://registry.npmjs.org/js-tokens cache-miss
1859 silly fetch manifest @babel/helper-validator-identifier@^7.29.7
1860 silly packumentCache full:https://registry.npmjs.org/@babel%2fhelper-validator-identifier cache-miss
1861 silly fetch manifest jsesc@^3.0.2
1862 silly packumentCache full:https://registry.npmjs.org/jsesc cache-miss
1863 silly fetch manifest lru-cache@^5.1.1
1864 silly packumentCache full:https://registry.npmjs.org/lru-cache cache-miss
1865 silly fetch manifest browserslist@^4.24.0
1866 silly packumentCache full:https://registry.npmjs.org/browserslist cache-miss
1867 silly fetch manifest @babel/compat-data@^7.29.7
1868 silly packumentCache full:https://registry.npmjs.org/@babel%2fcompat-data cache-miss
1869 silly fetch manifest @babel/helper-validator-option@^7.29.7
1870 silly packumentCache full:https://registry.npmjs.org/@babel%2fhelper-validator-option cache-miss
1871 silly fetch manifest @babel/helper-module-imports@^7.29.7
1872 silly packumentCache full:https://registry.npmjs.org/@babel%2fhelper-module-imports cache-miss
1873 silly fetch manifest @babel/helper-validator-identifier@^7.29.7
1874 silly packumentCache full:https://registry.npmjs.org/@babel%2fhelper-validator-identifier cache-miss
1875 http fetch GET 200 https://registry.npmjs.org/@babel%2fhelper-validator-identifier 2051ms (cache miss)
1876 silly packumentCache full:https://registry.npmjs.org/@babel%2fhelper-validator-identifier set size:undefined disposed:false
1877 silly fetch manifest @babel/helper-globals@^7.29.7
1878 silly packumentCache full:https://registry.npmjs.org/@babel%2fhelper-globals cache-miss
1879 http fetch GET 200 https://registry.npmjs.org/@babel%2fhelper-validator-option 2402ms (cache miss)
1880 silly packumentCache full:https://registry.npmjs.org/@babel%2fhelper-validator-option set size:undefined disposed:false
1881 silly fetch manifest @babel/helper-string-parser@^7.29.7
1882 silly packumentCache full:https://registry.npmjs.org/@babel%2fhelper-string-parser cache-miss
1883 http fetch GET 200 https://registry.npmjs.org/@babel%2fhelper-globals 782ms (cache miss)
1884 silly packumentCache full:https://registry.npmjs.org/@babel%2fhelper-globals set size:undefined disposed:false
1885 http fetch GET 200 https://registry.npmjs.org/jsesc 2836ms (cache miss)
1886 silly packumentCache full:https://registry.npmjs.org/jsesc set size:undefined disposed:false
1887 http fetch GET 200 https://registry.npmjs.org/@babel%2fcompat-data 3011ms (cache miss)
1888 silly packumentCache full:https://registry.npmjs.org/@babel%2fcompat-data set size:undefined disposed:false
1889 http fetch GET 200 https://registry.npmjs.org/js-tokens 3364ms (cache miss)
1890 silly packumentCache full:https://registry.npmjs.org/js-tokens set size:undefined disposed:false
1891 http fetch GET 200 https://registry.npmjs.org/browserslist 3366ms (cache miss)
1892 silly packumentCache full:https://registry.npmjs.org/browserslist set size:undefined disposed:false
1893 http fetch GET 200 https://registry.npmjs.org/@babel%2fhelper-string-parser 1132ms (cache miss)
1894 silly packumentCache full:https://registry.npmjs.org/@babel%2fhelper-string-parser set size:undefined disposed:false
1895 http fetch GET 200 https://registry.npmjs.org/@babel%2fhelper-module-imports 3676ms (cache miss)
1896 silly packumentCache full:https://registry.npmjs.org/@babel%2fhelper-module-imports set size:undefined disposed:false
1897 http fetch GET 200 https://registry.npmjs.org/@babel%2fhelper-validator-identifier 4117ms (cache miss)
1898 silly packumentCache full:https://registry.npmjs.org/@babel%2fhelper-validator-identifier set size:undefined disposed:false
1899 http fetch GET 200 https://registry.npmjs.org/lru-cache 4322ms (cache miss)
1900 silly packumentCache full:https://registry.npmjs.org/lru-cache set size:undefined disposed:false
1901 silly placeDep ROOT @babel/helper-validator-identifier@7.29.7 OK for: @babel/code-frame@7.29.7 want: ^7.29.7
1902 silly placeDep ROOT js-tokens@4.0.0 OK for: @babel/code-frame@7.29.7 want: ^4.0.0
1903 silly placeDep ROOT picocolors@1.1.1 OK for: @babel/code-frame@7.29.7 want: ^1.1.1
1904 silly placeDep ROOT jsesc@3.1.0 OK for: @babel/generator@7.29.8 want: ^3.0.2
1905 silly placeDep ROOT @babel/compat-data@7.29.7 OK for: @babel/helper-compilation-targets@7.29.7 want: ^7.29.7
1906 silly placeDep ROOT @babel/helper-validator-option@7.29.7 OK for: @babel/helper-compilation-targets@7.29.7 want: ^7.29.7
1907 silly placeDep ROOT browserslist@4.28.8 OK for: @babel/helper-compilation-targets@7.29.7 want: ^4.24.0
1908 silly placeDep ROOT lru-cache@5.1.1 OK for: @babel/helper-compilation-targets@7.29.7 want: ^5.1.1
1909 silly fetch manifest caniuse-lite@^1.0.30001809
1910 silly packumentCache full:https://registry.npmjs.org/caniuse-lite cache-miss
1911 silly fetch manifest node-releases@^2.0.53
1912 silly packumentCache full:https://registry.npmjs.org/node-releases cache-miss
1913 silly fetch manifest electron-to-chromium@^1.5.402
1914 silly packumentCache full:https://registry.npmjs.org/electron-to-chromium cache-miss
1915 silly fetch manifest update-browserslist-db@^1.3.0
1916 silly packumentCache full:https://registry.npmjs.org/update-browserslist-db cache-miss
1917 silly fetch manifest baseline-browser-mapping@^2.11.12
1918 silly packumentCache full:https://registry.npmjs.org/baseline-browser-mapping cache-miss
1919 silly fetch manifest yallist@^3.0.2
1920 silly packumentCache full:https://registry.npmjs.org/yallist cache-miss
1921 http cache https://registry.npmjs.org/baseline-browser-mapping 5ms (cache hit)
1922 silly packumentCache full:https://registry.npmjs.org/baseline-browser-mapping set size:621461 disposed:false
1923 http cache https://registry.npmjs.org/caniuse-lite 9ms (cache hit)
1924 silly packumentCache full:https://registry.npmjs.org/caniuse-lite set size:2313344 disposed:false
1925 http fetch GET 200 https://registry.npmjs.org/yallist 528ms (cache miss)
1926 silly packumentCache full:https://registry.npmjs.org/yallist set size:undefined disposed:false
1927 http fetch GET 200 https://registry.npmjs.org/update-browserslist-db 819ms (cache miss)
1928 silly packumentCache full:https://registry.npmjs.org/update-browserslist-db set size:undefined disposed:false
1929 http fetch GET 200 https://registry.npmjs.org/node-releases 1630ms (cache miss)
1930 silly packumentCache full:https://registry.npmjs.org/node-releases set size:undefined disposed:false
1931 http fetch GET 200 https://registry.npmjs.org/electron-to-chromium 32787ms (cache miss)
1932 silly packumentCache full:https://registry.npmjs.org/electron-to-chromium set size:undefined disposed:false
1933 silly placeDep ROOT @babel/helper-module-imports@7.29.7 OK for: @babel/helper-module-transforms@7.29.7 want: ^7.29.7
1934 silly placeDep ROOT @babel/helper-globals@7.29.7 OK for: @babel/traverse@7.29.8 want: ^7.29.7
1935 silly placeDep ROOT @babel/helper-string-parser@7.29.7 OK for: @babel/types@7.29.8 want: ^7.29.7
1936 silly fetch manifest browserslist@>= 4.21.0
1937 silly packumentCache full:https://registry.npmjs.org/browserslist cache-miss
1938 http cache https://registry.npmjs.org/browserslist 2ms (cache hit)
1939 silly packumentCache full:https://registry.npmjs.org/browserslist set size:518659 disposed:false
1940 silly placeDep ROOT baseline-browser-mapping@2.11.20 OK for: browserslist@4.28.8 want: ^2.11.12
1941 silly placeDep ROOT caniuse-lite@1.0.30001810 OK for: browserslist@4.28.8 want: ^1.0.30001809
1942 silly placeDep ROOT electron-to-chromium@1.5.416 OK for: browserslist@4.28.8 want: ^1.5.402
1943 silly placeDep ROOT node-releases@2.0.54 OK for: browserslist@4.28.8 want: ^2.0.53
1944 silly placeDep ROOT update-browserslist-db@1.3.2 OK for: browserslist@4.28.8 want: ^1.3.0
1945 silly fetch manifest escalade@^3.2.0
1946 silly packumentCache full:https://registry.npmjs.org/escalade cache-miss
1947 http fetch GET 200 https://registry.npmjs.org/escalade 1567ms (cache miss)
1948 silly packumentCache full:https://registry.npmjs.org/escalade set size:undefined disposed:false
1949 silly placeDep ROOT esrecurse@4.3.0 OK for: eslint-scope@8.4.0 want: ^4.3.0
1950 silly placeDep ROOT acorn@8.18.0 OK for: espree@10.4.0 want: ^8.15.0
1951 silly placeDep ROOT acorn-jsx@5.3.2 OK for: espree@10.4.0 want: ^5.3.2
1952 silly placeDep ROOT @nodelib/fs.stat@2.0.5 OK for: fast-glob@3.3.1 want: ^2.0.2
1953 silly placeDep ROOT @nodelib/fs.walk@1.2.8 OK for: fast-glob@3.3.1 want: ^1.2.3
1954 silly placeDep node_modules/fast-glob glob-parent@5.1.2 OK for: fast-glob@3.3.1 want: ^5.1.2
1955 silly placeDep ROOT merge2@1.4.1 OK for: fast-glob@3.3.1 want: ^1.3.0
1956 silly placeDep ROOT micromatch@4.0.8 OK for: fast-glob@3.3.1 want: ^4.0.4
1957 silly fetch manifest fastq@^1.6.0
1958 silly packumentCache full:https://registry.npmjs.org/fastq cache-miss
1959 silly fetch manifest @nodelib/fs.scandir@2.1.5
1960 silly packumentCache full:https://registry.npmjs.org/@nodelib%2ffs.scandir cache-miss
1961 silly fetch manifest braces@^3.0.3
1962 silly packumentCache full:https://registry.npmjs.org/braces cache-miss
1963 silly fetch manifest picomatch@^2.3.1
1964 silly packumentCache full:https://registry.npmjs.org/picomatch cache-miss
1965 http cache https://registry.npmjs.org/picomatch 5ms (cache hit)
1966 silly packumentCache full:https://registry.npmjs.org/picomatch set size:134451 disposed:false
1967 http fetch GET 200 https://registry.npmjs.org/fastq 1903ms (cache miss)
1968 silly packumentCache full:https://registry.npmjs.org/fastq set size:undefined disposed:false
1969 http fetch GET 200 https://registry.npmjs.org/braces 2314ms (cache miss)
1970 silly packumentCache full:https://registry.npmjs.org/braces set size:undefined disposed:false
1971 http fetch GET 200 https://registry.npmjs.org/@nodelib%2ffs.scandir 2317ms (cache miss)
1972 silly packumentCache full:https://registry.npmjs.org/@nodelib%2ffs.scandir set size:undefined disposed:false
1973 silly placeDep ROOT @nodelib/fs.scandir@2.1.5 OK for: @nodelib/fs.walk@1.2.8 want: 2.1.5
1974 silly placeDep ROOT fastq@1.20.2 OK for: @nodelib/fs.walk@1.2.8 want: ^1.6.0
1975 silly fetch manifest run-parallel@^1.1.9
1976 silly packumentCache full:https://registry.npmjs.org/run-parallel cache-miss
1977 silly fetch manifest reusify@^1.0.4
1978 silly packumentCache full:https://registry.npmjs.org/reusify cache-miss
1979 http fetch GET 200 https://registry.npmjs.org/reusify 346ms (cache miss)
1980 silly packumentCache full:https://registry.npmjs.org/reusify set size:undefined disposed:false
1981 http fetch GET 200 https://registry.npmjs.org/run-parallel 372ms (cache miss)
1982 silly packumentCache full:https://registry.npmjs.org/run-parallel set size:undefined disposed:false
1983 silly placeDep ROOT run-parallel@1.2.0 OK for: @nodelib/fs.scandir@2.1.5 want: ^1.1.9
1984 silly fetch manifest queue-microtask@^1.2.2
1985 silly packumentCache full:https://registry.npmjs.org/queue-microtask cache-miss
1986 http fetch GET 200 https://registry.npmjs.org/queue-microtask 862ms (cache miss)
1987 silly packumentCache full:https://registry.npmjs.org/queue-microtask set size:undefined disposed:false
1988 silly placeDep ROOT reusify@1.1.0 OK for: fastq@1.20.2 want: ^1.0.4
1989 silly placeDep ROOT flat-cache@4.0.1 OK for: file-entry-cache@8.0.0 want: ^4.0.0
1990 silly fetch manifest keyv@^4.5.4
1991 silly packumentCache full:https://registry.npmjs.org/keyv cache-miss
1992 silly fetch manifest flatted@^3.2.9
1993 silly packumentCache full:https://registry.npmjs.org/flatted cache-miss
1994 http fetch GET 200 https://registry.npmjs.org/keyv 719ms (cache miss)
1995 silly packumentCache full:https://registry.npmjs.org/keyv set size:undefined disposed:false
1996 http fetch GET 200 https://registry.npmjs.org/flatted 829ms (cache miss)
1997 silly packumentCache full:https://registry.npmjs.org/flatted set size:undefined disposed:false
1998 silly placeDep ROOT locate-path@6.0.0 OK for: find-up@5.0.0 want: ^6.0.0
1999 silly placeDep ROOT path-exists@4.0.0 OK for: find-up@5.0.0 want: ^4.0.0
2000 silly fetch manifest p-locate@^5.0.0
2001 silly packumentCache full:https://registry.npmjs.org/p-locate cache-miss
2002 http fetch GET 200 https://registry.npmjs.org/p-locate 775ms (cache miss)
2003 silly packumentCache full:https://registry.npmjs.org/p-locate set size:undefined disposed:false
2004 silly placeDep ROOT flatted@3.4.4 OK for: flat-cache@4.0.1 want: ^3.2.9
2005 silly placeDep ROOT keyv@4.5.4 OK for: flat-cache@4.0.1 want: ^4.5.4
2006 silly fetch manifest json-buffer@3.0.1
2007 silly packumentCache full:https://registry.npmjs.org/json-buffer cache-miss
2008 http fetch GET 200 https://registry.npmjs.org/json-buffer 369ms (cache miss)
2009 silly packumentCache full:https://registry.npmjs.org/json-buffer set size:undefined disposed:false
2010 silly placeDep ROOT functions-have-names@1.2.3 OK for: function.prototype.name@1.2.0 want: ^1.2.3
2011 silly placeDep ROOT is-document.all@1.0.0 OK for: function.prototype.name@1.2.0 want: ^1.0.0
2012 silly placeDep ROOT dunder-proto@1.0.1 OK for: get-proto@1.0.1 want: ^1.0.1
2013 silly placeDep ROOT resolve-pkg-maps@1.0.0 OK for: get-tsconfig@4.14.3 want: ^1.0.0
2014 silly placeDep ROOT hermes-estree@0.25.1 OK for: hermes-parser@0.25.1 want: 0.25.1
2015 silly placeDep ROOT parent-module@1.0.1 OK for: import-fresh@3.3.1 want: ^1.0.0
2016 silly placeDep ROOT resolve-from@4.0.0 OK for: import-fresh@3.3.1 want: ^4.0.0
2017 silly fetch manifest callsites@^3.0.0
2018 silly packumentCache full:https://registry.npmjs.org/callsites cache-miss
2019 http fetch GET 200 https://registry.npmjs.org/callsites 492ms (cache miss)
2020 silly packumentCache full:https://registry.npmjs.org/callsites set size:undefined disposed:false
2021 silly placeDep ROOT side-channel@1.1.1 OK for: internal-slot@1.1.0 want: ^1.1.0
2022 silly fetch manifest side-channel-list@^1.0.1
2023 silly packumentCache full:https://registry.npmjs.org/side-channel-list cache-miss
2024 silly fetch manifest side-channel-map@^1.0.1
2025 silly packumentCache full:https://registry.npmjs.org/side-channel-map cache-miss
2026 silly fetch manifest side-channel-weakmap@^1.0.2
2027 silly packumentCache full:https://registry.npmjs.org/side-channel-weakmap cache-miss
2028 http fetch GET 200 https://registry.npmjs.org/side-channel-map 294ms (cache miss)
2029 silly packumentCache full:https://registry.npmjs.org/side-channel-map set size:undefined disposed:false
2030 http fetch GET 200 https://registry.npmjs.org/side-channel-weakmap 383ms (cache miss)
2031 silly packumentCache full:https://registry.npmjs.org/side-channel-weakmap set size:undefined disposed:false
2032 http fetch GET 200 https://registry.npmjs.org/side-channel-list 384ms (cache miss)
2033 silly packumentCache full:https://registry.npmjs.org/side-channel-list set size:undefined disposed:false
2034 silly placeDep node_modules/is-bun-module semver@7.8.5 OK for: is-bun-module@2.0.0 want: ^7.7.1
2035 silly placeDep ROOT is-extglob@2.1.1 OK for: is-glob@4.0.3 want: ^2.1.1
2036 silly placeDep ROOT set-function-name@2.0.2 OK for: iterator.prototype@1.1.5 want: ^2.0.2
2037 silly placeDep ROOT argparse@2.0.1 OK for: js-yaml@4.3.2 want: ^2.0.1
2038 silly placeDep ROOT json-buffer@3.0.1 OK for: keyv@4.5.4 want: 3.0.1
2039 silly placeDep ROOT language-subtag-registry@0.3.23 OK for: language-tags@1.0.9 want: ^0.3.20
2040 silly placeDep ROOT prelude-ls@1.2.1 OK for: levn@0.4.1 want: ^1.2.1
2041 silly placeDep ROOT type-check@0.4.0 OK for: levn@0.4.1 want: ~0.4.0
2042 silly placeDep ROOT detect-libc@2.1.2 OK for: lightningcss@1.32.0 want: ^2.0.3
2043 silly placeDep ROOT lightningcss-android-arm64@1.32.0 OK for: lightningcss@1.32.0 want: 1.32.0
2044 silly placeDep ROOT lightningcss-darwin-arm64@1.32.0 OK for: lightningcss@1.32.0 want: 1.32.0
2045 silly placeDep ROOT lightningcss-darwin-x64@1.32.0 OK for: lightningcss@1.32.0 want: 1.32.0
2046 silly placeDep ROOT lightningcss-freebsd-x64@1.32.0 OK for: lightningcss@1.32.0 want: 1.32.0
2047 silly placeDep ROOT lightningcss-linux-arm-gnueabihf@1.32.0 OK for: lightningcss@1.32.0 want: 1.32.0
2048 silly placeDep ROOT lightningcss-linux-arm64-gnu@1.32.0 OK for: lightningcss@1.32.0 want: 1.32.0
2049 silly placeDep ROOT lightningcss-linux-arm64-musl@1.32.0 OK for: lightningcss@1.32.0 want: 1.32.0
2050 silly placeDep ROOT lightningcss-linux-x64-gnu@1.32.0 OK for: lightningcss@1.32.0 want: 1.32.0
2051 silly placeDep ROOT lightningcss-linux-x64-musl@1.32.0 OK for: lightningcss@1.32.0 want: 1.32.0
2052 silly placeDep ROOT lightningcss-win32-arm64-msvc@1.32.0 OK for: lightningcss@1.32.0 want: 1.32.0
2053 silly placeDep ROOT lightningcss-win32-x64-msvc@1.32.0 OK for: lightningcss@1.32.0 want: 1.32.0
2054 silly placeDep ROOT p-locate@5.0.0 OK for: locate-path@6.0.0 want: ^5.0.0
2055 silly fetch manifest p-limit@^3.0.2
2056 silly packumentCache full:https://registry.npmjs.org/p-limit cache-miss
2057 http fetch GET 200 https://registry.npmjs.org/p-limit 486ms (cache miss)
2058 silly packumentCache full:https://registry.npmjs.org/p-limit set size:undefined disposed:false
2059 silly placeDep ROOT yallist@3.1.1 OK for: lru-cache@5.1.1 want: ^3.0.2
2060 silly placeDep ROOT braces@3.0.3 OK for: micromatch@4.0.8 want: ^3.0.3
2061 silly placeDep ROOT picomatch@2.3.2 OK for: micromatch@4.0.8 want: ^2.3.1
2062 silly fetch manifest fill-range@^7.1.1
2063 silly packumentCache full:https://registry.npmjs.org/fill-range cache-miss
2064 http fetch GET 200 https://registry.npmjs.org/fill-range 380ms (cache miss)
2065 silly packumentCache full:https://registry.npmjs.org/fill-range set size:undefined disposed:false
2066 silly placeDep ROOT fill-range@7.1.1 OK for: braces@3.0.3 want: ^7.1.1
2067 silly fetch manifest to-regex-range@^5.0.1
2068 silly packumentCache full:https://registry.npmjs.org/to-regex-range cache-miss
2069 http fetch GET 200 https://registry.npmjs.org/to-regex-range 452ms (cache miss)
2070 silly packumentCache full:https://registry.npmjs.org/to-regex-range set size:undefined disposed:false
2071 silly placeDep ROOT to-regex-range@5.0.1 OK for: fill-range@7.1.1 want: ^5.0.1
2072 silly fetch manifest is-number@^7.0.0
2073 silly packumentCache full:https://registry.npmjs.org/is-number cache-miss
2074 http fetch GET 200 https://registry.npmjs.org/is-number 950ms (cache miss)
2075 silly packumentCache full:https://registry.npmjs.org/is-number set size:undefined disposed:false
2076 silly placeDep ROOT brace-expansion@1.1.18 OK for: minimatch@3.1.5 want: ^1.1.7
2077 silly fetch manifest concat-map@0.0.1
2078 silly packumentCache full:https://registry.npmjs.org/concat-map cache-miss
2079 silly fetch manifest balanced-match@^1.0.0
2080 silly packumentCache full:https://registry.npmjs.org/balanced-match cache-miss
2081 http fetch GET 200 https://registry.npmjs.org/concat-map 376ms (cache miss)
2082 silly packumentCache full:https://registry.npmjs.org/concat-map set size:undefined disposed:false
2083 http fetch GET 200 https://registry.npmjs.org/balanced-match 529ms (cache miss)
2084 silly packumentCache full:https://registry.npmjs.org/balanced-match set size:undefined disposed:false
2085 silly placeDep ROOT balanced-match@1.0.2 OK for: brace-expansion@1.1.18 want: ^1.0.0
2086 silly placeDep ROOT concat-map@0.0.1 OK for: brace-expansion@1.1.18 want: 0.0.1
2087 silly fetch manifest react@^18.2.0 || 19.0.0-rc-de68d2f4-20241204 || ^19.0.0
2088 silly packumentCache full:https://registry.npmjs.org/react cache-miss
2089 http fetch GET 200 https://registry.npmjs.org/react 401ms (cache revalidated)
2090 silly packumentCache full:https://registry.npmjs.org/react set size:6922122 disposed:false
2091 silly placeDep ROOT @next/env@16.3.3 OK for: next@16.3.3 want: 16.3.3
2092 silly placeDep ROOT @next/swc-darwin-arm64@16.3.3 OK for: next@16.3.3 want: 16.3.3
2093 silly placeDep ROOT @next/swc-darwin-x64@16.3.3 OK for: next@16.3.3 want: 16.3.3
2094 silly placeDep ROOT @next/swc-linux-arm64-gnu@16.3.3 OK for: next@16.3.3 want: 16.3.3
2095 silly placeDep ROOT @next/swc-linux-arm64-musl@16.3.3 OK for: next@16.3.3 want: 16.3.3
2096 silly placeDep ROOT @next/swc-linux-x64-gnu@16.3.3 OK for: next@16.3.3 want: 16.3.3
2097 silly placeDep ROOT @next/swc-linux-x64-musl@16.3.3 OK for: next@16.3.3 want: 16.3.3
2098 silly placeDep ROOT @next/swc-win32-arm64-msvc@16.3.3 OK for: next@16.3.3 want: 16.3.3
2099 silly placeDep ROOT @next/swc-win32-x64-msvc@16.3.3 OK for: next@16.3.3 want: 16.3.3
2100 silly placeDep ROOT @swc/helpers@0.5.23 OK for: next@16.3.3 want: 0.5.23
2101 silly placeDep node_modules/next postcss@8.5.23 OK for: next@16.3.3 want: 8.5.23
2102 silly placeDep ROOT sharp@0.35.4 OK for: next@16.3.3 want: ^0.35.3
2103 silly placeDep ROOT styled-jsx@5.1.6 OK for: next@16.3.3 want: 5.1.6
2104 silly fetch manifest tslib@^2.8.0
2105 silly packumentCache full:https://registry.npmjs.org/tslib cache-miss
2106 silly fetch manifest nanoid@^3.3.16
2107 silly packumentCache full:https://registry.npmjs.org/nanoid cache-miss
2108 silly fetch manifest semver@^7.8.5
2109 silly packumentCache full:https://registry.npmjs.org/semver cache-hit
2110 silly fetch manifest @img/colour@^1.1.0
2111 silly packumentCache full:https://registry.npmjs.org/@img%2fcolour cache-miss
2112 silly fetch manifest @img/sharp-linux-arm@0.35.4
2113 silly packumentCache full:https://registry.npmjs.org/@img%2fsharp-linux-arm cache-miss
2114 silly fetch manifest @img/sharp-linux-x64@0.35.4
2115 silly packumentCache full:https://registry.npmjs.org/@img%2fsharp-linux-x64 cache-miss
2116 silly fetch manifest @img/sharp-win32-x64@0.35.4
2117 silly packumentCache full:https://registry.npmjs.org/@img%2fsharp-win32-x64 cache-miss
2118 silly fetch manifest @img/sharp-darwin-x64@0.35.4
2119 silly packumentCache full:https://registry.npmjs.org/@img%2fsharp-darwin-x64 cache-miss
2120 silly fetch manifest @img/sharp-win32-ia32@0.35.4
2121 silly packumentCache full:https://registry.npmjs.org/@img%2fsharp-win32-ia32 cache-miss
2122 silly fetch manifest @img/sharp-linux-arm64@0.35.4
2123 silly packumentCache full:https://registry.npmjs.org/@img%2fsharp-linux-arm64 cache-miss
2124 http cache https://registry.npmjs.org/nanoid 10ms (cache hit)
2125 silly packumentCache full:https://registry.npmjs.org/nanoid set size:342705 disposed:false
2126 silly fetch manifest @img/sharp-linux-ppc64@0.35.4
2127 silly packumentCache full:https://registry.npmjs.org/@img%2fsharp-linux-ppc64 cache-miss
2128 http fetch GET 200 https://registry.npmjs.org/@img%2fsharp-linux-ppc64 374ms (cache miss)
2129 silly packumentCache full:https://registry.npmjs.org/@img%2fsharp-linux-ppc64 set size:undefined disposed:false
2130 silly fetch manifest @img/sharp-linux-s390x@0.35.4
2131 silly packumentCache full:https://registry.npmjs.org/@img%2fsharp-linux-s390x cache-miss
2132 http fetch GET 200 https://registry.npmjs.org/@img%2fcolour 417ms (cache miss)
2133 silly packumentCache full:https://registry.npmjs.org/@img%2fcolour set size:undefined disposed:false
2134 silly fetch manifest @img/sharp-win32-arm64@0.35.4
2135 silly packumentCache full:https://registry.npmjs.org/@img%2fsharp-win32-arm64 cache-miss
2136 http fetch GET 200 https://registry.npmjs.org/@img%2fsharp-linux-x64 503ms (cache miss)
2137 silly packumentCache full:https://registry.npmjs.org/@img%2fsharp-linux-x64 set size:undefined disposed:false
2138 silly fetch manifest @img/sharp-darwin-arm64@0.35.4
2139 silly packumentCache full:https://registry.npmjs.org/@img%2fsharp-darwin-arm64 cache-miss
2140 http fetch GET 200 https://registry.npmjs.org/@img%2fsharp-win32-x64 505ms (cache miss)
2141 silly packumentCache full:https://registry.npmjs.org/@img%2fsharp-win32-x64 set size:undefined disposed:false
2142 silly fetch manifest @img/sharp-linux-riscv64@0.35.4
2143 silly packumentCache full:https://registry.npmjs.org/@img%2fsharp-linux-riscv64 cache-miss
2144 http fetch GET 200 https://registry.npmjs.org/@img%2fsharp-linux-arm 673ms (cache miss)
2145 silly packumentCache full:https://registry.npmjs.org/@img%2fsharp-linux-arm set size:undefined disposed:false
2146 silly fetch manifest @img/sharp-linuxmusl-x64@0.35.4
2147 silly packumentCache full:https://registry.npmjs.org/@img%2fsharp-linuxmusl-x64 cache-miss
2148 http fetch GET 200 https://registry.npmjs.org/@img%2fsharp-linux-s390x 467ms (cache miss)
2149 silly packumentCache full:https://registry.npmjs.org/@img%2fsharp-linux-s390x set size:undefined disposed:false
2150 silly fetch manifest @img/sharp-freebsd-wasm32@0.35.4
2151 silly packumentCache full:https://registry.npmjs.org/@img%2fsharp-freebsd-wasm32 cache-miss
2152 http fetch GET 200 https://registry.npmjs.org/@img%2fsharp-linux-arm64 887ms (cache miss)
2153 silly packumentCache full:https://registry.npmjs.org/@img%2fsharp-linux-arm64 set size:undefined disposed:false
2154 silly fetch manifest @img/sharp-linuxmusl-arm64@0.35.4
2155 silly packumentCache full:https://registry.npmjs.org/@img%2fsharp-linuxmusl-arm64 cache-miss
2156 http fetch GET 200 https://registry.npmjs.org/@img%2fsharp-win32-ia32 893ms (cache miss)
2157 silly packumentCache full:https://registry.npmjs.org/@img%2fsharp-win32-ia32 set size:undefined disposed:false
2158 silly fetch manifest @img/sharp-libvips-linux-arm@1.3.3
2159 silly packumentCache full:https://registry.npmjs.org/@img%2fsharp-libvips-linux-arm cache-miss
2160 http fetch GET 200 https://registry.npmjs.org/@img%2fsharp-linux-riscv64 526ms (cache miss)
2161 silly packumentCache full:https://registry.npmjs.org/@img%2fsharp-linux-riscv64 set size:undefined disposed:false
2162 silly fetch manifest @img/sharp-libvips-linux-x64@1.3.3
2163 silly packumentCache full:https://registry.npmjs.org/@img%2fsharp-libvips-linux-x64 cache-miss
2164 http fetch GET 200 https://registry.npmjs.org/@img%2fsharp-darwin-x64 1195ms (cache miss)
2165 silly packumentCache full:https://registry.npmjs.org/@img%2fsharp-darwin-x64 set size:undefined disposed:false
2166 silly fetch manifest @img/sharp-libvips-darwin-x64@1.3.3
2167 silly packumentCache full:https://registry.npmjs.org/@img%2fsharp-libvips-darwin-x64 cache-miss
2168 http fetch GET 200 https://registry.npmjs.org/@img%2fsharp-darwin-arm64 693ms (cache miss)
2169 silly packumentCache full:https://registry.npmjs.org/@img%2fsharp-darwin-arm64 set size:undefined disposed:false
2170 silly fetch manifest @img/sharp-libvips-linux-arm64@1.3.3
2171 silly packumentCache full:https://registry.npmjs.org/@img%2fsharp-libvips-linux-arm64 cache-miss
2172 http fetch GET 200 https://registry.npmjs.org/@img%2fsharp-linuxmusl-x64 533ms (cache miss)
2173 silly packumentCache full:https://registry.npmjs.org/@img%2fsharp-linuxmusl-x64 set size:undefined disposed:false
2174 silly fetch manifest @img/sharp-libvips-linux-ppc64@1.3.3
2175 silly packumentCache full:https://registry.npmjs.org/@img%2fsharp-libvips-linux-ppc64 cache-miss
2176 http fetch GET 200 https://registry.npmjs.org/@img%2fsharp-win32-arm64 953ms (cache miss)
2177 silly packumentCache full:https://registry.npmjs.org/@img%2fsharp-win32-arm64 set size:undefined disposed:false
2178 silly fetch manifest @img/sharp-libvips-linux-s390x@1.3.3
2179 silly packumentCache full:https://registry.npmjs.org/@img%2fsharp-libvips-linux-s390x cache-miss
2180 http fetch GET 200 https://registry.npmjs.org/@img%2fsharp-freebsd-wasm32 518ms (cache miss)
2181 silly packumentCache full:https://registry.npmjs.org/@img%2fsharp-freebsd-wasm32 set size:undefined disposed:false
2182 silly fetch manifest @img/sharp-libvips-darwin-arm64@1.3.3
2183 silly packumentCache full:https://registry.npmjs.org/@img%2fsharp-libvips-darwin-arm64 cache-miss
2184 http fetch GET 200 https://registry.npmjs.org/tslib 1373ms (cache miss)
2185 silly packumentCache full:https://registry.npmjs.org/tslib set size:undefined disposed:false
2186 silly fetch manifest @img/sharp-webcontainers-wasm32@0.35.4
2187 silly packumentCache full:https://registry.npmjs.org/@img%2fsharp-webcontainers-wasm32 cache-miss
2188 http fetch GET 200 https://registry.npmjs.org/@img%2fsharp-libvips-linux-x64 518ms (cache miss)
2189 silly packumentCache full:https://registry.npmjs.org/@img%2fsharp-libvips-linux-x64 set size:undefined disposed:false
2190 silly fetch manifest @img/sharp-libvips-linux-riscv64@1.3.3
2191 silly packumentCache full:https://registry.npmjs.org/@img%2fsharp-libvips-linux-riscv64 cache-miss
2192 http fetch GET 200 https://registry.npmjs.org/@img%2fsharp-libvips-linux-ppc64 523ms (cache miss)
2193 silly packumentCache full:https://registry.npmjs.org/@img%2fsharp-libvips-linux-ppc64 set size:undefined disposed:false
2194 silly fetch manifest @img/sharp-libvips-linuxmusl-x64@1.3.3
2195 silly packumentCache full:https://registry.npmjs.org/@img%2fsharp-libvips-linuxmusl-x64 cache-miss
2196 http fetch GET 200 https://registry.npmjs.org/@img%2fsharp-libvips-linux-arm 839ms (cache miss)
2197 silly packumentCache full:https://registry.npmjs.org/@img%2fsharp-libvips-linux-arm set size:undefined disposed:false
2198 silly fetch manifest @img/sharp-libvips-linuxmusl-arm64@1.3.3
2199 silly packumentCache full:https://registry.npmjs.org/@img%2fsharp-libvips-linuxmusl-arm64 cache-miss
2200 http fetch GET 200 https://registry.npmjs.org/@img%2fsharp-libvips-darwin-x64 540ms (cache miss)
2201 silly packumentCache full:https://registry.npmjs.org/@img%2fsharp-libvips-darwin-x64 set size:undefined disposed:false
2202 silly fetch manifest client-only@0.0.1
2203 silly packumentCache full:https://registry.npmjs.org/client-only cache-miss
2204 http fetch GET 200 https://registry.npmjs.org/@img%2fsharp-libvips-linux-s390x 365ms (cache miss)
2205 silly packumentCache full:https://registry.npmjs.org/@img%2fsharp-libvips-linux-s390x set size:undefined disposed:false
2206 http fetch GET 200 https://registry.npmjs.org/@img%2fsharp-linuxmusl-arm64 1011ms (cache miss)
2207 silly packumentCache full:https://registry.npmjs.org/@img%2fsharp-linuxmusl-arm64 set size:undefined disposed:false
2208 http fetch GET 200 https://registry.npmjs.org/@img%2fsharp-webcontainers-wasm32 532ms (cache miss)
2209 silly packumentCache full:https://registry.npmjs.org/@img%2fsharp-webcontainers-wasm32 set size:undefined disposed:false
2210 http fetch GET 200 https://registry.npmjs.org/@img%2fsharp-libvips-linux-riscv64 354ms (cache miss)
2211 silly packumentCache full:https://registry.npmjs.org/@img%2fsharp-libvips-linux-riscv64 set size:undefined disposed:false
2212 http fetch GET 200 https://registry.npmjs.org/@img%2fsharp-libvips-darwin-arm64 536ms (cache miss)
2213 silly packumentCache full:https://registry.npmjs.org/@img%2fsharp-libvips-darwin-arm64 set size:undefined disposed:false
2214 http fetch GET 200 https://registry.npmjs.org/client-only 280ms (cache miss)
2215 silly packumentCache full:https://registry.npmjs.org/client-only set size:undefined disposed:false
2216 http fetch GET 200 https://registry.npmjs.org/@img%2fsharp-libvips-linux-arm64 821ms (cache miss)
2217 silly packumentCache full:https://registry.npmjs.org/@img%2fsharp-libvips-linux-arm64 set size:undefined disposed:false
2218 http fetch GET 200 https://registry.npmjs.org/@img%2fsharp-libvips-linuxmusl-x64 424ms (cache miss)
2219 silly packumentCache full:https://registry.npmjs.org/@img%2fsharp-libvips-linuxmusl-x64 set size:undefined disposed:false
2220 http fetch GET 200 https://registry.npmjs.org/@img%2fsharp-libvips-linuxmusl-arm64 598ms (cache miss)
2221 silly packumentCache full:https://registry.npmjs.org/@img%2fsharp-libvips-linuxmusl-arm64 set size:undefined disposed:false
2222 silly placeDep ROOT tslib@2.8.1 OK for: @swc/helpers@0.5.23 want: ^2.8.0
2223 silly placeDep ROOT deep-is@0.1.4 OK for: optionator@0.9.4 want: ^0.1.3
2224 silly placeDep ROOT fast-levenshtein@2.0.6 OK for: optionator@0.9.4 want: ^2.0.6
2225 silly placeDep ROOT word-wrap@1.2.5 OK for: optionator@0.9.4 want: ^1.2.5
2226 silly placeDep ROOT p-limit@3.1.0 OK for: p-locate@5.0.0 want: ^3.0.2
2227 silly fetch manifest yocto-queue@^0.1.0
2228 silly packumentCache full:https://registry.npmjs.org/yocto-queue cache-miss
2229 http fetch GET 200 https://registry.npmjs.org/yocto-queue 347ms (cache miss)
2230 silly packumentCache full:https://registry.npmjs.org/yocto-queue set size:undefined disposed:false
2231 silly placeDep ROOT yocto-queue@0.1.0 OK for: p-limit@3.1.0 want: ^0.1.0
2232 silly placeDep ROOT callsites@3.1.0 OK for: parent-module@1.0.1 want: ^3.0.0
2233 silly placeDep ROOT nanoid@3.3.18 OK for: postcss@8.5.26 want: ^3.3.17
2234 silly placeDep ROOT loose-envify@1.4.0 OK for: prop-types@15.8.1 want: ^1.4.0
2235 silly placeDep ROOT object-assign@4.1.1 OK for: prop-types@15.8.1 want: ^4.1.1
2236 silly placeDep ROOT react-is@16.13.1 OK for: prop-types@15.8.1 want: ^16.13.1
2237 silly placeDep ROOT scheduler@0.27.0 OK for: react-dom@19.2.8 want: ^0.27.0
2238 silly placeDep ROOT node-exports-info@1.6.2 OK for: resolve@2.0.0-next.7 want: ^1.6.0
2239 silly placeDep ROOT path-parse@1.0.7 OK for: resolve@2.0.0-next.7 want: ^1.0.7
2240 silly placeDep ROOT supports-preserve-symlinks-flag@1.0.0 OK for: resolve@2.0.0-next.7 want: ^1.0.0
2241 silly placeDep ROOT queue-microtask@1.2.3 OK for: run-parallel@1.2.0 want: ^1.2.2
2242 silly placeDep ROOT isarray@2.0.5 OK for: safe-array-concat@1.1.4 want: ^2.0.5
2243 silly placeDep ROOT @img/colour@1.1.0 OK for: sharp@0.35.4 want: ^1.1.0
2244 silly placeDep ROOT @img/sharp-darwin-arm64@0.35.4 OK for: sharp@0.35.4 want: 0.35.4
2245 silly placeDep ROOT @img/sharp-darwin-x64@0.35.4 OK for: sharp@0.35.4 want: 0.35.4
2246 silly placeDep ROOT @img/sharp-freebsd-wasm32@0.35.4 OK for: sharp@0.35.4 want: 0.35.4
2247 silly placeDep ROOT @img/sharp-libvips-darwin-arm64@1.3.3 OK for: sharp@0.35.4 want: 1.3.3
2248 silly placeDep ROOT @img/sharp-libvips-darwin-x64@1.3.3 OK for: sharp@0.35.4 want: 1.3.3
2249 silly placeDep ROOT @img/sharp-libvips-linux-arm@1.3.3 OK for: sharp@0.35.4 want: 1.3.3
2250 silly placeDep ROOT @img/sharp-libvips-linux-arm64@1.3.3 OK for: sharp@0.35.4 want: 1.3.3
2251 silly placeDep ROOT @img/sharp-libvips-linux-ppc64@1.3.3 OK for: sharp@0.35.4 want: 1.3.3
2252 silly placeDep ROOT @img/sharp-libvips-linux-riscv64@1.3.3 OK for: sharp@0.35.4 want: 1.3.3
2253 silly placeDep ROOT @img/sharp-libvips-linux-s390x@1.3.3 OK for: sharp@0.35.4 want: 1.3.3
2254 silly placeDep ROOT @img/sharp-libvips-linux-x64@1.3.3 OK for: sharp@0.35.4 want: 1.3.3
2255 silly placeDep ROOT @img/sharp-libvips-linuxmusl-arm64@1.3.3 OK for: sharp@0.35.4 want: 1.3.3
2256 silly placeDep ROOT @img/sharp-libvips-linuxmusl-x64@1.3.3 OK for: sharp@0.35.4 want: 1.3.3
2257 silly placeDep ROOT @img/sharp-linux-arm@0.35.4 OK for: sharp@0.35.4 want: 0.35.4
2258 silly placeDep ROOT @img/sharp-linux-arm64@0.35.4 OK for: sharp@0.35.4 want: 0.35.4
2259 silly placeDep ROOT @img/sharp-linux-ppc64@0.35.4 OK for: sharp@0.35.4 want: 0.35.4
2260 silly placeDep ROOT @img/sharp-linux-riscv64@0.35.4 OK for: sharp@0.35.4 want: 0.35.4
2261 silly placeDep ROOT @img/sharp-linux-s390x@0.35.4 OK for: sharp@0.35.4 want: 0.35.4
2262 silly placeDep ROOT @img/sharp-linux-x64@0.35.4 OK for: sharp@0.35.4 want: 0.35.4
2263 silly placeDep ROOT @img/sharp-linuxmusl-arm64@0.35.4 OK for: sharp@0.35.4 want: 0.35.4
2264 silly placeDep ROOT @img/sharp-linuxmusl-x64@0.35.4 OK for: sharp@0.35.4 want: 0.35.4
2265 silly placeDep ROOT @img/sharp-webcontainers-wasm32@0.35.4 OK for: sharp@0.35.4 want: 0.35.4
2266 silly placeDep ROOT @img/sharp-win32-arm64@0.35.4 OK for: sharp@0.35.4 want: 0.35.4
2267 silly placeDep ROOT @img/sharp-win32-ia32@0.35.4 OK for: sharp@0.35.4 want: 0.35.4
2268 silly placeDep ROOT @img/sharp-win32-x64@0.35.4 OK for: sharp@0.35.4 want: 0.35.4
2269 silly placeDep node_modules/sharp semver@7.8.5 OK for: sharp@0.35.4 want: ^7.8.5
2270 silly fetch manifest @img/sharp-wasm32@0.35.4
2271 silly packumentCache full:https://registry.npmjs.org/@img%2fsharp-wasm32 cache-miss
2272 silly fetch manifest @img/sharp-wasm32@0.35.4
2273 silly packumentCache full:https://registry.npmjs.org/@img%2fsharp-wasm32 cache-miss
2274 http fetch GET 200 https://registry.npmjs.org/@img%2fsharp-wasm32 515ms (cache miss)
2275 silly packumentCache full:https://registry.npmjs.org/@img%2fsharp-wasm32 set size:undefined disposed:false
2276 http fetch GET 200 https://registry.npmjs.org/@img%2fsharp-wasm32 826ms (cache miss)
2277 silly packumentCache full:https://registry.npmjs.org/@img%2fsharp-wasm32 set size:undefined disposed:false
2278 silly placeDep ROOT @img/sharp-wasm32@0.35.4 OK for: @img/sharp-freebsd-wasm32@0.35.4 want: 0.35.4
2279 silly fetch manifest @emnapi/runtime@^1.11.3
2280 silly packumentCache full:https://registry.npmjs.org/@emnapi%2fruntime cache-miss
2281 http fetch GET 200 https://registry.npmjs.org/@emnapi%2fruntime 1277ms (cache miss)
2282 silly packumentCache full:https://registry.npmjs.org/@emnapi%2fruntime set size:undefined disposed:false
2283 silly placeDep ROOT @emnapi/runtime@1.11.3 OK for: @img/sharp-wasm32@0.35.4 want: ^1.11.3
2284 silly placeDep ROOT shebang-regex@3.0.0 OK for: shebang-command@2.0.0 want: ^3.0.0
2285 silly placeDep ROOT side-channel-list@1.0.1 OK for: side-channel@1.1.1 want: ^1.0.1
2286 silly placeDep ROOT side-channel-map@1.0.1 OK for: side-channel@1.1.1 want: ^1.0.1
2287 silly placeDep ROOT side-channel-weakmap@1.0.2 OK for: side-channel@1.1.1 want: ^1.0.2
2288 silly placeDep ROOT client-only@0.0.1 OK for: styled-jsx@5.1.6 want: 0.0.1
2289 silly placeDep ROOT has-flag@4.0.0 OK for: supports-color@7.2.0 want: ^4.0.0
2290 silly placeDep node_modules/tinyglobby fdir@6.5.0 OK for: tinyglobby@0.2.17 want: ^6.5.0
2291 silly placeDep node_modules/tinyglobby picomatch@4.0.7 OK for: fdir@6.5.0 want: ^3 || ^4
2292 silly placeDep ROOT is-number@7.0.0 OK for: to-regex-range@5.0.1 want: ^7.0.0
2293 silly placeDep ROOT @types/json5@0.0.29 OK for: tsconfig-paths@3.15.0 want: ^0.0.29
2294 silly placeDep node_modules/tsconfig-paths json5@1.0.2 OK for: tsconfig-paths@3.15.0 want: ^1.0.2
2295 silly placeDep ROOT minimist@1.2.8 OK for: tsconfig-paths@3.15.0 want: ^1.2.6
2296 silly placeDep ROOT strip-bom@3.0.0 OK for: tsconfig-paths@3.15.0 want: ^3.0.0
2297 silly fetch manifest minimist@^1.2.0
2298 silly packumentCache full:https://registry.npmjs.org/minimist cache-miss
2299 http cache https://registry.npmjs.org/minimist 2ms (cache hit)
2300 silly packumentCache full:https://registry.npmjs.org/minimist set size:77063 disposed:false
2301 silly placeDep ROOT for-each@0.3.5 OK for: typed-array-byte-length@1.0.3 want: ^0.3.3
2302 silly placeDep ROOT reflect.getprototypeof@1.0.10 OK for: typed-array-byte-offset@1.0.4 want: ^1.0.9
2303 silly fetch manifest which-builtin-type@^1.2.1
2304 silly packumentCache full:https://registry.npmjs.org/which-builtin-type cache-miss
2305 http fetch GET 200 https://registry.npmjs.org/which-builtin-type 526ms (cache miss)
2306 silly packumentCache full:https://registry.npmjs.org/which-builtin-type set size:undefined disposed:false
2307 silly placeDep ROOT which-builtin-type@1.2.1 OK for: reflect.getprototypeof@1.0.10 want: ^1.2.1
2308 silly fetch manifest is-async-function@^2.0.0
2309 silly packumentCache full:https://registry.npmjs.org/is-async-function cache-miss
2310 silly fetch manifest is-finalizationregistry@^1.1.0
2311 silly packumentCache full:https://registry.npmjs.org/is-finalizationregistry cache-miss
2312 silly fetch manifest is-generator-function@^1.0.10
2313 silly packumentCache full:https://registry.npmjs.org/is-generator-function cache-miss
2314 silly fetch manifest which-boxed-primitive@^1.1.0
2315 silly packumentCache full:https://registry.npmjs.org/which-boxed-primitive cache-miss
2316 silly fetch manifest which-collection@^1.0.2
2317 silly packumentCache full:https://registry.npmjs.org/which-collection cache-miss
2318 http cache https://registry.npmjs.org/which-boxed-primitive 3ms (cache hit)
2319 silly packumentCache full:https://registry.npmjs.org/which-boxed-primitive set size:19407 disposed:false
2320 http fetch GET 200 https://registry.npmjs.org/which-collection 284ms (cache miss)
2321 silly packumentCache full:https://registry.npmjs.org/which-collection set size:undefined disposed:false
2322 http fetch GET 200 https://registry.npmjs.org/is-finalizationregistry 346ms (cache miss)
2323 silly packumentCache full:https://registry.npmjs.org/is-finalizationregistry set size:undefined disposed:false
2324 http fetch GET 200 https://registry.npmjs.org/is-generator-function 347ms (cache miss)
2325 silly packumentCache full:https://registry.npmjs.org/is-generator-function set size:undefined disposed:false
2326 http fetch GET 200 https://registry.npmjs.org/is-async-function 500ms (cache miss)
2327 silly packumentCache full:https://registry.npmjs.org/is-async-function set size:undefined disposed:false
2328 silly fetch manifest eslint@^8.57.0 || ^9.0.0 || ^10.0.0
2329 silly packumentCache full:https://registry.npmjs.org/eslint cache-miss
2330 http fetch GET 200 https://registry.npmjs.org/eslint 191ms (cache revalidated)
2331 silly packumentCache full:https://registry.npmjs.org/eslint set size:2070000 disposed:false
2332 silly placeDep ROOT @typescript-eslint/eslint-plugin@8.68.0 OK for: typescript-eslint@8.68.0 want: 8.68.0
2333 silly placeDep ROOT @typescript-eslint/parser@8.68.0 OK for: @typescript-eslint/eslint-plugin@8.68.0 want: ^8.68.0
2334 silly placeDep ROOT @typescript-eslint/typescript-estree@8.68.0 OK for: typescript-eslint@8.68.0 want: 8.68.0
2335 silly placeDep ROOT @typescript-eslint/utils@8.68.0 OK for: typescript-eslint@8.68.0 want: 8.68.0
2336 silly fetch manifest ignore@^7.0.5
2337 silly packumentCache full:https://registry.npmjs.org/ignore cache-miss
2338 silly fetch manifest ts-api-utils@^2.5.0
2339 silly packumentCache full:https://registry.npmjs.org/ts-api-utils cache-miss
2340 silly fetch manifest @typescript-eslint/type-utils@8.68.0
2341 silly packumentCache full:https://registry.npmjs.org/@typescript-eslint%2ftype-utils cache-miss
2342 silly fetch manifest @typescript-eslint/visitor-keys@8.68.0
2343 silly packumentCache full:https://registry.npmjs.org/@typescript-eslint%2fvisitor-keys cache-miss
2344 silly fetch manifest @typescript-eslint/scope-manager@8.68.0
2345 silly packumentCache full:https://registry.npmjs.org/@typescript-eslint%2fscope-manager cache-miss
2346 silly fetch manifest @typescript-eslint/types@8.68.0
2347 silly packumentCache full:https://registry.npmjs.org/@typescript-eslint%2ftypes cache-miss
2348 silly fetch manifest @typescript-eslint/visitor-keys@8.68.0
2349 silly packumentCache full:https://registry.npmjs.org/@typescript-eslint%2fvisitor-keys cache-miss
2350 silly fetch manifest @typescript-eslint/scope-manager@8.68.0
2351 silly packumentCache full:https://registry.npmjs.org/@typescript-eslint%2fscope-manager cache-miss
2352 silly fetch manifest semver@^7.7.3
2353 silly packumentCache full:https://registry.npmjs.org/semver cache-hit
2354 silly fetch manifest minimatch@^10.2.2
2355 silly packumentCache full:https://registry.npmjs.org/minimatch cache-miss
2356 http fetch GET 200 https://registry.npmjs.org/minimatch 172ms (cache revalidated)
2357 silly packumentCache full:https://registry.npmjs.org/minimatch set size:377924 disposed:false
2358 silly fetch manifest ts-api-utils@^2.5.0
2359 silly packumentCache full:https://registry.npmjs.org/ts-api-utils cache-miss
2360 http fetch GET 200 https://registry.npmjs.org/ignore 177ms (cache revalidated)
2361 silly packumentCache full:https://registry.npmjs.org/ignore set size:240910 disposed:false
2362 silly fetch manifest @typescript-eslint/types@8.68.0
2363 silly packumentCache full:https://registry.npmjs.org/@typescript-eslint%2ftypes cache-miss
2364 http fetch GET 200 https://registry.npmjs.org/ts-api-utils 740ms (cache miss)
2365 silly packumentCache full:https://registry.npmjs.org/ts-api-utils set size:undefined disposed:false
2366 silly fetch manifest @typescript-eslint/visitor-keys@8.68.0
2367 silly packumentCache full:https://registry.npmjs.org/@typescript-eslint%2fvisitor-keys cache-miss
2368 http fetch GET 200 https://registry.npmjs.org/ts-api-utils 2334ms (cache miss)
2369 silly packumentCache full:https://registry.npmjs.org/ts-api-utils set size:undefined disposed:false
2370 silly fetch manifest @typescript-eslint/tsconfig-utils@8.68.0
2371 silly packumentCache full:https://registry.npmjs.org/@typescript-eslint%2ftsconfig-utils cache-miss
2372 http fetch GET 200 https://registry.npmjs.org/@typescript-eslint%2ftsconfig-utils 8068ms (cache miss)
2373 silly packumentCache full:https://registry.npmjs.org/@typescript-eslint%2ftsconfig-utils set size:undefined disposed:false
2374 silly fetch manifest @typescript-eslint/project-service@8.68.0
2375 silly packumentCache full:https://registry.npmjs.org/@typescript-eslint%2fproject-service cache-miss
2376 http fetch GET 200 https://registry.npmjs.org/@typescript-eslint%2fproject-service 3942ms (cache miss)
2377 silly packumentCache full:https://registry.npmjs.org/@typescript-eslint%2fproject-service set size:undefined disposed:false
2378 silly fetch manifest @typescript-eslint/types@8.68.0
2379 silly packumentCache full:https://registry.npmjs.org/@typescript-eslint%2ftypes cache-miss
2380 http fetch GET 200 https://registry.npmjs.org/@typescript-eslint%2fvisitor-keys 24281ms (cache miss)
2381 silly packumentCache full:https://registry.npmjs.org/@typescript-eslint%2fvisitor-keys set size:undefined disposed:false
2382 silly fetch manifest @typescript-eslint/scope-manager@8.68.0
2383 silly packumentCache full:https://registry.npmjs.org/@typescript-eslint%2fscope-manager cache-miss
2384 http fetch GET 200 https://registry.npmjs.org/@typescript-eslint%2ftype-utils 34049ms (cache miss)
2385 silly packumentCache full:https://registry.npmjs.org/@typescript-eslint%2ftype-utils set size:undefined disposed:false
2386 http fetch GET 200 https://registry.npmjs.org/@typescript-eslint%2ftypes 38950ms (cache miss)
2387 silly packumentCache full:https://registry.npmjs.org/@typescript-eslint%2ftypes set size:undefined disposed:false
2388 http fetch GET 200 https://registry.npmjs.org/@typescript-eslint%2fvisitor-keys 40638ms (cache miss)
2389 silly packumentCache full:https://registry.npmjs.org/@typescript-eslint%2fvisitor-keys set size:undefined disposed:false
2390 http fetch GET 200 https://registry.npmjs.org/@typescript-eslint%2fscope-manager 41447ms (cache miss)
2391 silly packumentCache full:https://registry.npmjs.org/@typescript-eslint%2fscope-manager set size:undefined disposed:false
2392 http fetch GET 200 https://registry.npmjs.org/@typescript-eslint%2fscope-manager 17859ms (cache miss)
2393 silly packumentCache full:https://registry.npmjs.org/@typescript-eslint%2fscope-manager set size:undefined disposed:false
2394 http fetch GET 200 https://registry.npmjs.org/@typescript-eslint%2ftypes 45148ms (cache miss)
2395 silly packumentCache full:https://registry.npmjs.org/@typescript-eslint%2ftypes set size:undefined disposed:false
2396 http fetch GET 200 https://registry.npmjs.org/@typescript-eslint%2fvisitor-keys 46180ms (cache miss)
2397 silly packumentCache full:https://registry.npmjs.org/@typescript-eslint%2fvisitor-keys set size:undefined disposed:false
2398 http fetch GET 200 https://registry.npmjs.org/@typescript-eslint%2ftypes 32147ms (cache miss)
2399 silly packumentCache full:https://registry.npmjs.org/@typescript-eslint%2ftypes set size:undefined disposed:false
2400 http fetch GET 200 https://registry.npmjs.org/@typescript-eslint%2fscope-manager 47399ms (cache miss)
2401 silly packumentCache full:https://registry.npmjs.org/@typescript-eslint%2fscope-manager set size:undefined disposed:false
2402 silly placeDep ROOT @typescript-eslint/scope-manager@8.68.0 OK for: @typescript-eslint/eslint-plugin@8.68.0 want: 8.68.0
2403 silly placeDep ROOT @typescript-eslint/type-utils@8.68.0 OK for: @typescript-eslint/eslint-plugin@8.68.0 want: 8.68.0
2404 silly placeDep ROOT @typescript-eslint/visitor-keys@8.68.0 OK for: @typescript-eslint/eslint-plugin@8.68.0 want: 8.68.0
2405 silly placeDep node_modules/@typescript-eslint/eslint-plugin ignore@7.0.6 OK for: @typescript-eslint/eslint-plugin@8.68.0 want: ^7.0.5
2406 silly placeDep ROOT ts-api-utils@2.5.0 OK for: @typescript-eslint/eslint-plugin@8.68.0 want: ^2.5.0
2407 silly fetch manifest eslint-visitor-keys@^5.0.0
2408 silly packumentCache full:https://registry.npmjs.org/eslint-visitor-keys cache-hit
2409 silly placeDep ROOT @typescript-eslint/types@8.68.0 OK for: @typescript-eslint/parser@8.68.0 want: 8.68.0
2410 silly placeDep ROOT @typescript-eslint/project-service@8.68.0 OK for: @typescript-eslint/typescript-estree@8.68.0 want: 8.68.0
2411 silly placeDep ROOT @typescript-eslint/tsconfig-utils@8.68.0 OK for: @typescript-eslint/typescript-estree@8.68.0 want: 8.68.0
2412 silly placeDep node_modules/@typescript-eslint/typescript-estree minimatch@10.2.6 OK for: @typescript-eslint/typescript-estree@8.68.0 want: ^10.2.2
2413 silly placeDep node_modules/@typescript-eslint/typescript-estree semver@7.8.5 OK for: @typescript-eslint/typescript-estree@8.68.0 want: ^7.7.3
2414 silly fetch manifest @typescript-eslint/tsconfig-utils@^8.68.0
2415 silly packumentCache full:https://registry.npmjs.org/@typescript-eslint%2ftsconfig-utils cache-miss
2416 silly fetch manifest brace-expansion@^5.0.8
2417 silly packumentCache full:https://registry.npmjs.org/brace-expansion cache-miss
2418 http cache https://registry.npmjs.org/brace-expansion 1ms (cache hit)
2419 silly packumentCache full:https://registry.npmjs.org/brace-expansion set size:101024 disposed:false
2420 http cache https://registry.npmjs.org/@typescript-eslint%2ftsconfig-utils 4ms (cache hit)
2421 silly packumentCache full:https://registry.npmjs.org/@typescript-eslint%2ftsconfig-utils set size:1794740 disposed:false
2422 silly placeDep node_modules/@typescript-eslint/visitor-keys eslint-visitor-keys@5.0.1 OK for: @typescript-eslint/visitor-keys@8.68.0 want: ^5.0.0
2423 silly placeDep ROOT has-bigints@1.1.0 OK for: unbox-primitive@1.1.0 want: ^1.0.2
2424 silly placeDep ROOT which-boxed-primitive@1.1.1 OK for: unbox-primitive@1.1.0 want: ^1.1.1
2425 silly fetch manifest is-bigint@^1.1.0
2426 silly packumentCache full:https://registry.npmjs.org/is-bigint cache-miss
2427 silly fetch manifest is-boolean-object@^1.2.1
2428 silly packumentCache full:https://registry.npmjs.org/is-boolean-object cache-miss
2429 silly fetch manifest is-number-object@^1.1.1
2430 silly packumentCache full:https://registry.npmjs.org/is-number-object cache-miss
2431 http fetch GET 200 https://registry.npmjs.org/is-boolean-object 394ms (cache miss)
2432 silly packumentCache full:https://registry.npmjs.org/is-boolean-object set size:undefined disposed:false
2433 http fetch GET 200 https://registry.npmjs.org/is-bigint 422ms (cache miss)
2434 silly packumentCache full:https://registry.npmjs.org/is-bigint set size:undefined disposed:false
2435 http fetch GET 200 https://registry.npmjs.org/is-number-object 423ms (cache miss)
2436 silly packumentCache full:https://registry.npmjs.org/is-number-object set size:undefined disposed:false
2437 silly placeDep ROOT @unrs/resolver-binding-android-arm-eabi@1.12.2 OK for: unrs-resolver@1.12.2 want: 1.12.2
2438 silly placeDep ROOT @unrs/resolver-binding-android-arm64@1.12.2 OK for: unrs-resolver@1.12.2 want: 1.12.2
2439 silly placeDep ROOT @unrs/resolver-binding-darwin-arm64@1.12.2 OK for: unrs-resolver@1.12.2 want: 1.12.2
2440 silly placeDep ROOT @unrs/resolver-binding-darwin-x64@1.12.2 OK for: unrs-resolver@1.12.2 want: 1.12.2
2441 silly placeDep ROOT @unrs/resolver-binding-freebsd-x64@1.12.2 OK for: unrs-resolver@1.12.2 want: 1.12.2
2442 silly placeDep ROOT @unrs/resolver-binding-linux-arm-gnueabihf@1.12.2 OK for: unrs-resolver@1.12.2 want: 1.12.2
2443 silly placeDep ROOT @unrs/resolver-binding-linux-arm-musleabihf@1.12.2 OK for: unrs-resolver@1.12.2 want: 1.12.2
2444 silly placeDep ROOT @unrs/resolver-binding-linux-arm64-gnu@1.12.2 OK for: unrs-resolver@1.12.2 want: 1.12.2
2445 silly placeDep ROOT @unrs/resolver-binding-linux-arm64-musl@1.12.2 OK for: unrs-resolver@1.12.2 want: 1.12.2
2446 silly placeDep ROOT @unrs/resolver-binding-linux-loong64-gnu@1.12.2 OK for: unrs-resolver@1.12.2 want: 1.12.2
2447 silly placeDep ROOT @unrs/resolver-binding-linux-loong64-musl@1.12.2 OK for: unrs-resolver@1.12.2 want: 1.12.2
2448 silly placeDep ROOT @unrs/resolver-binding-linux-ppc64-gnu@1.12.2 OK for: unrs-resolver@1.12.2 want: 1.12.2
2449 silly placeDep ROOT @unrs/resolver-binding-linux-riscv64-gnu@1.12.2 OK for: unrs-resolver@1.12.2 want: 1.12.2
2450 silly placeDep ROOT @unrs/resolver-binding-linux-riscv64-musl@1.12.2 OK for: unrs-resolver@1.12.2 want: 1.12.2
2451 silly placeDep ROOT @unrs/resolver-binding-linux-s390x-gnu@1.12.2 OK for: unrs-resolver@1.12.2 want: 1.12.2
2452 silly placeDep ROOT @unrs/resolver-binding-linux-x64-gnu@1.12.2 OK for: unrs-resolver@1.12.2 want: 1.12.2
2453 silly placeDep ROOT @unrs/resolver-binding-linux-x64-musl@1.12.2 OK for: unrs-resolver@1.12.2 want: 1.12.2
2454 silly placeDep ROOT @unrs/resolver-binding-openharmony-arm64@1.12.2 OK for: unrs-resolver@1.12.2 want: 1.12.2
2455 silly placeDep ROOT @unrs/resolver-binding-wasm32-wasi@1.12.2 OK for: unrs-resolver@1.12.2 want: 1.12.2
2456 silly placeDep ROOT @unrs/resolver-binding-win32-arm64-msvc@1.12.2 OK for: unrs-resolver@1.12.2 want: 1.12.2
2457 silly placeDep ROOT @unrs/resolver-binding-win32-ia32-msvc@1.12.2 OK for: unrs-resolver@1.12.2 want: 1.12.2
2458 silly placeDep ROOT @unrs/resolver-binding-win32-x64-msvc@1.12.2 OK for: unrs-resolver@1.12.2 want: 1.12.2
2459 silly placeDep ROOT napi-postinstall@0.3.4 OK for: unrs-resolver@1.12.2 want: ^0.3.4
2460 silly fetch manifest @napi-rs/wasm-runtime@^1.1.4
2461 silly packumentCache full:https://registry.npmjs.org/@napi-rs%2fwasm-runtime cache-miss
2462 silly fetch manifest @emnapi/core@1.10.0
2463 silly packumentCache full:https://registry.npmjs.org/@emnapi%2fcore cache-miss
2464 silly fetch manifest @emnapi/runtime@1.10.0
2465 silly packumentCache full:https://registry.npmjs.org/@emnapi%2fruntime cache-miss
2466 http cache https://registry.npmjs.org/@emnapi%2fruntime 2ms (cache hit)
2467 silly packumentCache full:https://registry.npmjs.org/@emnapi%2fruntime set size:125040 disposed:false
2468 http fetch GET 200 https://registry.npmjs.org/@napi-rs%2fwasm-runtime 301ms (cache miss)
2469 silly packumentCache full:https://registry.npmjs.org/@napi-rs%2fwasm-runtime set size:undefined disposed:false
2470 http fetch GET 200 https://registry.npmjs.org/@emnapi%2fcore 369ms (cache miss)
2471 silly packumentCache full:https://registry.npmjs.org/@emnapi%2fcore set size:undefined disposed:false
2472 silly placeDep ROOT @emnapi/core@1.10.0 OK for: @unrs/resolver-binding-wasm32-wasi@1.12.2 want: 1.10.0
2473 silly placeDep node_modules/@unrs/resolver-binding-wasm32-wasi @emnapi/runtime@1.10.0 OK for: @unrs/resolver-binding-wasm32-wasi@1.12.2 want: 1.10.0
2474 silly placeDep ROOT @napi-rs/wasm-runtime@1.2.3 OK for: @unrs/resolver-binding-wasm32-wasi@1.12.2 want: ^1.1.4
2475 silly fetch manifest @emnapi/wasi-threads@1.2.1
2476 silly packumentCache full:https://registry.npmjs.org/@emnapi%2fwasi-threads cache-miss
2477 silly fetch manifest @tybys/wasm-util@^0.10.3
2478 silly packumentCache full:https://registry.npmjs.org/@tybys%2fwasm-util cache-miss
2479 http fetch GET 200 https://registry.npmjs.org/@emnapi%2fwasi-threads 202ms (cache miss)
2480 silly packumentCache full:https://registry.npmjs.org/@emnapi%2fwasi-threads set size:undefined disposed:false
2481 http fetch GET 200 https://registry.npmjs.org/@tybys%2fwasm-util 555ms (cache miss)
2482 silly packumentCache full:https://registry.npmjs.org/@tybys%2fwasm-util set size:undefined disposed:false
2483 silly placeDep ROOT @emnapi/wasi-threads@1.2.1 OK for: @emnapi/core@1.10.0 want: 1.2.1
2484 silly placeDep ROOT @tybys/wasm-util@0.10.3 OK for: @napi-rs/wasm-runtime@1.2.3 want: ^0.10.3
2485 silly placeDep ROOT escalade@3.2.0 OK for: update-browserslist-db@1.3.2 want: ^3.2.0
2486 silly placeDep ROOT punycode@2.3.1 OK for: uri-js@4.4.1 want: ^2.1.0
2487 silly placeDep ROOT isexe@2.0.0 OK for: which@2.0.2 want: ^2.0.0
2488 silly placeDep ROOT is-bigint@1.1.0 OK for: which-boxed-primitive@1.1.1 want: ^1.1.0
2489 silly placeDep ROOT is-boolean-object@1.2.2 OK for: which-boxed-primitive@1.1.1 want: ^1.2.1
2490 silly placeDep ROOT is-number-object@1.1.1 OK for: which-boxed-primitive@1.1.1 want: ^1.1.1
2491 silly placeDep ROOT is-async-function@2.1.1 OK for: which-builtin-type@1.2.1 want: ^2.0.0
2492 silly placeDep ROOT is-finalizationregistry@1.1.1 OK for: which-builtin-type@1.2.1 want: ^1.1.0
2493 silly placeDep ROOT is-generator-function@1.1.2 OK for: which-builtin-type@1.2.1 want: ^1.0.10
2494 silly placeDep ROOT which-collection@1.0.2 OK for: which-builtin-type@1.2.1 want: ^1.0.2
2495 silly fetch manifest async-function@^1.0.0
2496 silly packumentCache full:https://registry.npmjs.org/async-function cache-miss
2497 silly fetch manifest generator-function@^2.0.0
2498 silly packumentCache full:https://registry.npmjs.org/generator-function cache-miss
2499 silly fetch manifest is-map@^2.0.3
2500 silly packumentCache full:https://registry.npmjs.org/is-map cache-miss
2501 silly fetch manifest is-weakmap@^2.0.2
2502 silly packumentCache full:https://registry.npmjs.org/is-weakmap cache-miss
2503 silly fetch manifest is-weakset@^2.0.3
2504 silly packumentCache full:https://registry.npmjs.org/is-weakset cache-miss
2505 http fetch GET 200 https://registry.npmjs.org/generator-function 418ms (cache miss)
2506 silly packumentCache full:https://registry.npmjs.org/generator-function set size:undefined disposed:false
2507 http fetch GET 200 https://registry.npmjs.org/async-function 419ms (cache miss)
2508 silly packumentCache full:https://registry.npmjs.org/async-function set size:undefined disposed:false
2509 http fetch GET 200 https://registry.npmjs.org/is-weakmap 418ms (cache miss)
2510 silly packumentCache full:https://registry.npmjs.org/is-weakmap set size:undefined disposed:false
2511 http fetch GET 200 https://registry.npmjs.org/is-weakset 435ms (cache miss)
2512 silly packumentCache full:https://registry.npmjs.org/is-weakset set size:undefined disposed:false
2513 http fetch GET 200 https://registry.npmjs.org/is-map 530ms (cache miss)
2514 silly packumentCache full:https://registry.npmjs.org/is-map set size:undefined disposed:false
2515 silly placeDep ROOT async-function@1.0.0 OK for: is-async-function@2.1.1 want: ^1.0.0
2516 silly placeDep ROOT generator-function@2.0.1 OK for: is-generator-function@1.1.2 want: ^2.0.0
2517 silly placeDep ROOT is-map@2.0.3 OK for: which-collection@1.0.2 want: ^2.0.3
2518 silly placeDep ROOT is-weakmap@2.0.2 OK for: which-collection@1.0.2 want: ^2.0.2
2519 silly placeDep ROOT is-weakset@2.0.4 OK for: which-collection@1.0.2 want: ^2.0.3
2520 silly placeDep node_modules/@next/eslint-plugin-next eslint-visitor-keys@3.4.3 OK for: @eslint-community/eslint-utils@4.9.1 want: ^3.4.3
2521 silly placeDep node_modules/@typescript-eslint/typescript-estree brace-expansion@5.0.9 OK for: minimatch@10.2.6 want: ^5.0.8
2522 silly fetch manifest balanced-match@^4.0.2
2523 silly packumentCache full:https://registry.npmjs.org/balanced-match cache-miss
2524 http cache https://registry.npmjs.org/balanced-match 1ms (cache hit)
2525 silly packumentCache full:https://registry.npmjs.org/balanced-match set size:39082 disposed:false
2526 silly placeDep node_modules/@typescript-eslint/typescript-estree balanced-match@4.0.4 OK for: brace-expansion@5.0.9 want: ^4.0.2
2527 silly reify moves {}
2528 verbose reify failed optional dependency /Users/sachingopalakrishnan/FINTRACE/sentinel-app/node_modules/@tailwindcss/oxide-wasm32-wasi
2529 silly reify mark deleted [
2529 silly reify   '/Users/sachingopalakrishnan/FINTRACE/sentinel-app/node_modules/@tailwindcss/oxide-wasm32-wasi'
2529 silly reify ]
2530 silly audit bulk request {
2530 silly audit   '@tailwindcss/postcss': [ '4.3.3' ],
2530 silly audit   '@types/node': [ '20.19.43' ],
2530 silly audit   '@types/react': [ '19.2.18' ],
2530 silly audit   '@types/react-dom': [ '19.2.5' ],
2530 silly audit   eslint: [ '9.39.5' ],
2530 silly audit   'eslint-config-next': [ '16.3.3' ],
2530 silly audit   'lucide-react': [ '1.34.0' ],
2530 silly audit   react: [ '19.2.8' ],
2530 silly audit   next: [ '16.3.3' ],
2530 silly audit   'react-dom': [ '19.2.8' ],
2530 silly audit   tailwindcss: [ '4.3.3' ],
2530 silly audit   typescript: [ '5.9.3' ],
2530 silly audit   '@alloc/quick-lru': [ '5.2.0' ],
2530 silly audit   '@tailwindcss/node': [ '4.3.3' ],
2530 silly audit   '@tailwindcss/oxide': [ '4.3.3' ],
2530 silly audit   postcss: [ '8.5.26', '8.5.23' ],
2530 silly audit   '@jridgewell/remapping': [ '2.3.5' ],
2530 silly audit   'enhanced-resolve': [ '5.24.5' ],
2530 silly audit   jiti: [ '2.7.0' ],
2530 silly audit   lightningcss: [ '1.32.0' ],
2530 silly audit   'magic-string': [ '0.30.21' ],
2530 silly audit   'source-map-js': [ '1.2.1' ],
2530 silly audit   '@jridgewell/gen-mapping': [ '0.3.13' ],
2530 silly audit   '@jridgewell/trace-mapping': [ '0.3.31' ],
2530 silly audit   '@jridgewell/sourcemap-codec': [ '1.6.0' ],
2530 silly audit   '@jridgewell/resolve-uri': [ '3.1.2' ],
2530 silly audit   '@tailwindcss/oxide-android-arm64': [ '4.3.3' ],
2530 silly audit   '@tailwindcss/oxide-darwin-arm64': [ '4.3.3' ],
2530 silly audit   '@tailwindcss/oxide-darwin-x64': [ '4.3.3' ],
2530 silly audit   '@tailwindcss/oxide-freebsd-x64': [ '4.3.3' ],
2530 silly audit   '@tailwindcss/oxide-linux-arm-gnueabihf': [ '4.3.3' ],
2530 silly audit   '@tailwindcss/oxide-linux-arm64-gnu': [ '4.3.3' ],
2530 silly audit   '@tailwindcss/oxide-linux-arm64-musl': [ '4.3.3' ],
2530 silly audit   '@tailwindcss/oxide-linux-x64-gnu': [ '4.3.3' ],
2530 silly audit   '@tailwindcss/oxide-linux-x64-musl': [ '4.3.3' ],
2530 silly audit   '@tailwindcss/oxide-win32-arm64-msvc': [ '4.3.3' ],
2530 silly audit   '@tailwindcss/oxide-win32-x64-msvc': [ '4.3.3' ],
2530 silly audit   'undici-types': [ '6.21.0' ],
2530 silly audit   csstype: [ '3.2.3' ],
2530 silly audit   'graceful-fs': [ '4.2.11' ],
2530 silly audit   tapable: [ '2.3.3' ],
2530 silly audit   '@eslint-community/eslint-utils': [ '4.10.1', '4.9.1' ],
2530 silly audit   '@eslint-community/regexpp': [ '4.12.2' ],
2530 silly audit   '@eslint/config-array': [ '0.21.2' ],
2530 silly audit   '@eslint/config-helpers': [ '0.4.2' ],
2530 silly audit   '@eslint/core': [ '0.17.0' ],
2530 silly audit   '@eslint/eslintrc': [ '3.3.6' ],
2530 silly audit   '@eslint/js': [ '9.39.5' ],
2530 silly audit   '@eslint/plugin-kit': [ '0.4.1' ],
2530 silly audit   '@humanfs/node': [ '0.16.8' ],
2530 silly audit   '@humanwhocodes/module-importer': [ '1.0.1' ],
2530 silly audit   '@humanwhocodes/retry': [ '0.4.3' ],
2530 silly audit   '@types/estree': [ '1.0.9' ],
2530 silly audit   ajv: [ '6.15.0' ],
2530 silly audit   chalk: [ '4.1.2' ],
2530 silly audit   'cross-spawn': [ '7.0.6' ],
2530 silly audit   debug: [ '4.4.3', '3.2.7' ],
2530 silly audit   'escape-string-regexp': [ '4.0.0' ],
2530 silly audit   'eslint-scope': [ '8.4.0' ],
2530 silly audit   'eslint-visitor-keys': [ '4.2.1', '3.4.3', '5.0.1' ],
2530 silly audit   espree: [ '10.4.0' ],
2530 silly audit   esquery: [ '1.7.0' ],
2530 silly audit   esutils: [ '2.0.3' ],
2530 silly audit   'fast-deep-equal': [ '3.1.3' ],
2530 silly audit   'file-entry-cache': [ '8.0.0' ],
2530 silly audit   'find-up': [ '5.0.0' ],
2530 silly audit   'glob-parent': [ '6.0.2', '5.1.2' ],
2530 silly audit   ignore: [ '5.3.2', '7.0.6' ],
2530 silly audit   imurmurhash: [ '0.1.4' ],
2530 silly audit   'is-glob': [ '4.0.3' ],
2530 silly audit   'json-stable-stringify-without-jsonify': [ '1.0.1' ],
2530 silly audit   'lodash.merge': [ '4.6.2' ],
2530 silly audit   minimatch: [ '3.1.5', '10.2.6' ],
2530 silly audit   'natural-compare': [ '1.4.0' ],
2530 silly audit   optionator: [ '0.9.4' ],
2530 silly audit   '@eslint/object-schema': [ '2.1.7' ],
2530 silly audit   '@types/json-schema': [ '7.0.15' ],
2530 silly audit   globals: [ '14.0.0', '16.4.0' ],
2530 silly audit   'import-fresh': [ '3.3.1' ],
2530 silly audit   'js-yaml': [ '4.3.2' ],
2530 silly audit   'strip-json-comments': [ '3.1.1' ],
2530 silly audit   levn: [ '0.4.1' ],
2530 silly audit   '@humanfs/core': [ '0.19.2' ],
2530 silly audit   '@humanfs/types': [ '0.15.0' ],
2530 silly audit   'fast-json-stable-stringify': [ '2.1.0' ],
2530 silly audit   'json-schema-traverse': [ '0.4.1' ],
2530 silly audit   'uri-js': [ '4.4.1' ],
2530 silly audit   'ansi-styles': [ '4.3.0' ],
2530 silly audit   'supports-color': [ '7.2.0' ],
2530 silly audit   'color-convert': [ '2.0.1' ],
2530 silly audit   'color-name': [ '1.1.4' ],
2530 silly audit   'path-key': [ '3.1.1' ],
2530 silly audit   'shebang-command': [ '2.0.0' ],
2530 silly audit   which: [ '2.0.2' ],
2530 silly audit   ms: [ '2.1.3' ],
2530 silly audit   '@next/eslint-plugin-next': [ '16.3.3' ],
2530 silly audit   'eslint-import-resolver-node': [ '0.3.10' ],
2530 silly audit   'eslint-import-resolver-typescript': [ '3.10.1' ],
2530 silly audit   'eslint-plugin-import': [ '2.32.0' ],
2530 silly audit   'eslint-plugin-jsx-a11y': [ '6.10.2' ],
2530 silly audit   'eslint-plugin-react': [ '7.37.5' ],
2530 silly audit   'eslint-plugin-react-hooks': [ '7.1.1' ],
2530 silly audit   'typescript-eslint': [ '8.68.0' ],
2530 silly audit   'fast-glob': [ '3.3.1' ],
2530 silly audit   'is-core-module': [ '2.16.2' ],
2530 silly audit   resolve: [ '2.0.0-next.7' ],
2530 silly audit   '@nolyfill/is-core-module': [ '1.0.39' ],
2530 silly audit   'get-tsconfig': [ '4.14.3' ],
2530 silly audit   'is-bun-module': [ '2.0.0' ],
2530 silly audit   'stable-hash': [ '0.0.5' ],
2530 silly audit   tinyglobby: [ '0.2.17' ],
2530 silly audit   'unrs-resolver': [ '1.12.2' ],
2530 silly audit   '@rtsao/scc': [ '1.1.0' ],
2530 silly audit   'array-includes': [ '3.1.9' ],
2530 silly audit   'array.prototype.findlastindex': [ '1.2.6' ],
2530 silly audit   'array.prototype.flat': [ '1.3.3' ],
2530 silly audit   'array.prototype.flatmap': [ '1.3.3' ],
2530 silly audit   doctrine: [ '2.1.0' ],
2530 silly audit   'eslint-module-utils': [ '2.14.0' ],
2530 silly audit   hasown: [ '2.0.4' ],
2530 silly audit   'object.fromentries': [ '2.0.8' ],
2530 silly audit   'object.groupby': [ '1.0.3' ],
2530 silly audit   'object.values': [ '1.2.1' ],
2530 silly audit   semver: [ '6.3.1', '7.8.5' ],
2530 silly audit   'string.prototype.trimend': [ '1.0.10' ],
2530 silly audit   'tsconfig-paths': [ '3.15.0' ],
2530 silly audit   'call-bind': [ '1.0.9' ],
2530 silly audit   'call-bound': [ '1.0.4' ],
2530 silly audit   'define-properties': [ '1.2.1' ],
2530 silly audit   'es-abstract': [ '1.24.2' ],
2530 silly audit   'es-object-atoms': [ '1.1.2' ],
2530 silly audit   'get-intrinsic': [ '1.3.0' ],
2530 silly audit   'is-string': [ '1.1.1' ],
2530 silly audit   'math-intrinsics': [ '1.1.0' ],
2530 silly audit   'es-errors': [ '1.3.0' ],
2530 silly audit   'es-shim-unscopables': [ '1.1.0' ],
2530 silly audit   'call-bind-apply-helpers': [ '1.0.2' ],
2530 silly audit   'es-define-property': [ '1.0.1' ],
2530 silly audit   'set-function-length': [ '1.2.2' ],
2530 silly audit   'function-bind': [ '1.1.2' ],
2530 silly audit   'define-data-property': [ '1.1.4' ],
2530 silly audit   'has-property-descriptors': [ '1.0.2' ],
2530 silly audit   'object-keys': [ '1.1.1' ],
2530 silly audit   gopd: [ '1.2.0' ],
2530 silly audit   'array-buffer-byte-length': [ '1.0.2' ],
2530 silly audit   'arraybuffer.prototype.slice': [ '1.0.4' ],
2530 silly audit   'available-typed-arrays': [ '1.0.7' ],
2530 silly audit   'data-view-buffer': [ '1.0.2' ],
2530 silly audit   'data-view-byte-length': [ '1.0.2' ],
2530 silly audit   'data-view-byte-offset': [ '1.0.1' ],
2530 silly audit   'es-set-tostringtag': [ '2.1.0' ],
2530 silly audit   'es-to-primitive': [ '1.3.4' ],
2530 silly audit   'function.prototype.name': [ '1.2.0' ],
2530 silly audit   'get-proto': [ '1.0.1' ],
2530 silly audit   'get-symbol-description': [ '1.1.0' ],
2530 silly audit   globalthis: [ '1.0.4' ],
2530 silly audit   'has-proto': [ '1.2.0' ],
2530 silly audit   'has-symbols': [ '1.1.0' ],
2530 silly audit   'internal-slot': [ '1.1.0' ],
2530 silly audit   'is-array-buffer': [ '3.0.5' ],
2530 silly audit   'is-callable': [ '1.2.7' ],
2530 silly audit   'is-data-view': [ '1.0.2' ],
2530 silly audit   'is-negative-zero': [ '2.0.3' ],
2530 silly audit   'is-regex': [ '1.2.1' ],
2530 silly audit   'is-set': [ '2.0.3' ],
2530 silly audit   'is-shared-array-buffer': [ '1.0.4' ],
2530 silly audit   'is-typed-array': [ '1.1.15' ],
2530 silly audit   'is-weakref': [ '1.1.1' ],
2530 silly audit   'object-inspect': [ '1.13.4' ],
2530 silly audit   'object.assign': [ '4.1.7' ],
2530 silly audit   'own-keys': [ '1.0.2' ],
2530 silly audit   'regexp.prototype.flags': [ '1.5.4' ],
2530 silly audit   'safe-array-concat': [ '1.1.4' ],
2530 silly audit   'safe-push-apply': [ '1.0.0' ],
2530 silly audit   'safe-regex-test': [ '1.1.0' ],
2530 silly audit   'set-proto': [ '1.0.0' ],
2530 silly audit   'stop-iteration-iterator': [ '1.1.0' ],
2530 silly audit   'string.prototype.trim': [ '1.2.11' ],
2530 silly audit   'string.prototype.trimstart': [ '1.0.8' ],
2530 silly audit   'typed-array-buffer': [ '1.0.3' ],
2530 silly audit   'typed-array-byte-length': [ '1.0.3' ],
2530 silly audit   'typed-array-byte-offset': [ '1.0.4' ],
2530 silly audit   'typed-array-length': [ '1.0.8' ],
2530 silly audit   'unbox-primitive': [ '1.1.0' ],
2530 silly audit   'which-typed-array': [ '1.1.22' ],
2530 silly audit   'possible-typed-array-names': [ '1.1.0' ],
2530 silly audit   'has-tostringtag': [ '1.0.2' ],
2530 silly audit   'es-abstract-get': [ '1.0.0' ],
2530 silly audit   'is-date-object': [ '1.1.0' ],
2530 silly audit   'is-symbol': [ '1.1.1' ],
2530 silly audit   'aria-query': [ '5.3.2' ],
2530 silly audit   'ast-types-flow': [ '0.0.8' ],
2530 silly audit   'axe-core': [ '4.13.0' ],
2530 silly audit   'axobject-query': [ '4.1.0' ],
2530 silly audit   'damerau-levenshtein': [ '1.0.8' ],
2530 silly audit   'emoji-regex': [ '9.2.2' ],
2530 silly audit   'jsx-ast-utils': [ '3.3.5' ],
2530 silly audit   'language-tags': [ '1.0.9' ],
2530 silly audit   'string.prototype.includes': [ '2.0.1' ],
2530 silly audit   'array.prototype.findlast': [ '1.2.5' ],
2530 silly audit   'array.prototype.tosorted': [ '1.1.4' ],
2530 silly audit   'es-iterator-helpers': [ '1.4.0' ],
2530 silly audit   estraverse: [ '5.3.0' ],
2530 silly audit   'object.entries': [ '1.1.9' ],
2530 silly audit   'prop-types': [ '15.8.1' ],
2530 silly audit   'string.prototype.matchall': [ '4.0.12' ],
2530 silly audit   'string.prototype.repeat': [ '1.0.0' ],
2530 silly audit   'iterator.prototype': [ '1.1.5' ],
2530 silly audit   '@babel/core': [ '7.29.7' ],
2530 silly audit   '@babel/parser': [ '7.29.8' ],
2530 silly audit   'hermes-parser': [ '0.25.1' ],
2530 silly audit   zod: [ '4.4.3' ],
2530 silly audit   'zod-validation-error': [ '4.0.2' ],
2530 silly audit   '@babel/code-frame': [ '7.29.7' ],
2530 silly audit   '@babel/generator': [ '7.29.8' ],
2530 silly audit   '@babel/helper-compilation-targets': [ '7.29.7' ],
2530 silly audit   '@babel/helper-module-transforms': [ '7.29.7' ],
2530 silly audit   '@babel/helpers': [ '7.29.7' ],
2530 silly audit   '@babel/template': [ '7.29.7' ],
2530 silly audit   '@babel/traverse': [ '7.29.8' ],
2530 silly audit   '@babel/types': [ '7.29.8' ],
2530 silly audit   'convert-source-map': [ '2.0.0' ],
2530 silly audit   gensync: [ '1.0.0-beta.2' ],
2530 silly audit   json5: [ '2.2.3', '1.0.2' ],
2530 silly audit   '@babel/helper-validator-identifier': [ '7.29.7' ],
2530 silly audit   'js-tokens': [ '4.0.0' ],
2530 silly audit   picocolors: [ '1.1.1' ],
2530 silly audit   jsesc: [ '3.1.0' ],
2530 silly audit   '@babel/compat-data': [ '7.29.7' ],
2530 silly audit   '@babel/helper-validator-option': [ '7.29.7' ],
2530 silly audit   browserslist: [ '4.28.8' ],
2530 silly audit   'lru-cache': [ '5.1.1' ],
2530 silly audit   '@babel/helper-module-imports': [ '7.29.7' ],
2530 silly audit   '@babel/helper-globals': [ '7.29.7' ],
2530 silly audit   '@babel/helper-string-parser': [ '7.29.7' ],
2530 silly audit   'baseline-browser-mapping': [ '2.11.20' ],
2530 silly audit   'caniuse-lite': [ '1.0.30001810' ],
2530 silly audit   'electron-to-chromium': [ '1.5.416' ],
2530 silly audit   'node-releases': [ '2.0.54' ],
2530 silly audit   'update-browserslist-db': [ '1.3.2' ],
2530 silly audit   esrecurse: [ '4.3.0' ],
2530 silly audit   acorn: [ '8.18.0' ],
2530 silly audit   'acorn-jsx': [ '5.3.2' ],
2530 silly audit   '@nodelib/fs.stat': [ '2.0.5' ],
2530 silly audit   '@nodelib/fs.walk': [ '1.2.8' ],
2530 silly audit   merge2: [ '1.4.1' ],
2530 silly audit   micromatch: [ '4.0.8' ],
2530 silly audit   '@nodelib/fs.scandir': [ '2.1.5' ],
2530 silly audit   fastq: [ '1.20.2' ],
2530 silly audit   'run-parallel': [ '1.2.0' ],
2530 silly audit   reusify: [ '1.1.0' ],
2530 silly audit   'flat-cache': [ '4.0.1' ],
2530 silly audit   'locate-path': [ '6.0.0' ],
2530 silly audit   'path-exists': [ '4.0.0' ],
2530 silly audit   flatted: [ '3.4.4' ],
2530 silly audit   keyv: [ '4.5.4' ],
2530 silly audit   'functions-have-names': [ '1.2.3' ],
2530 silly audit   'is-document.all': [ '1.0.0' ],
2530 silly audit   'dunder-proto': [ '1.0.1' ],
2530 silly audit   'resolve-pkg-maps': [ '1.0.0' ],
2530 silly audit   'hermes-estree': [ '0.25.1' ],
2530 silly audit   'parent-module': [ '1.0.1' ],
2530 silly audit   'resolve-from': [ '4.0.0' ],
2530 silly audit   'side-channel': [ '1.1.1' ],
2530 silly audit   'is-extglob': [ '2.1.1' ],
2530 silly audit   'set-function-name': [ '2.0.2' ],
2530 silly audit   argparse: [ '2.0.1' ],
2530 silly audit   'json-buffer': [ '3.0.1' ],
2530 silly audit   'language-subtag-registry': [ '0.3.23' ],
2530 silly audit   'prelude-ls': [ '1.2.1' ],
2530 silly audit   'type-check': [ '0.4.0' ],
2530 silly audit   'detect-libc': [ '2.1.2' ],
2530 silly audit   'lightningcss-android-arm64': [ '1.32.0' ],
2530 silly audit   'lightningcss-darwin-arm64': [ '1.32.0' ],
2530 silly audit   'lightningcss-darwin-x64': [ '1.32.0' ],
2530 silly audit   'lightningcss-freebsd-x64': [ '1.32.0' ],
2530 silly audit   'lightningcss-linux-arm-gnueabihf': [ '1.32.0' ],
2530 silly audit   'lightningcss-linux-arm64-gnu': [ '1.32.0' ],
2530 silly audit   'lightningcss-linux-arm64-musl': [ '1.32.0' ],
2530 silly audit   'lightningcss-linux-x64-gnu': [ '1.32.0' ],
2530 silly audit   'lightningcss-linux-x64-musl': [ '1.32.0' ],
2530 silly audit   'lightningcss-win32-arm64-msvc': [ '1.32.0' ],
2530 silly audit   'lightningcss-win32-x64-msvc': [ '1.32.0' ],
2530 silly audit   'p-locate': [ '5.0.0' ],
2530 silly audit   yallist: [ '3.1.1' ],
2530 silly audit   braces: [ '3.0.3' ],
2530 silly audit   picomatch: [ '2.3.2', '4.0.7' ],
2530 silly audit   'fill-range': [ '7.1.1' ],
2530 silly audit   'to-regex-range': [ '5.0.1' ],
2530 silly audit   'brace-expansion': [ '1.1.18', '5.0.9' ],
2530 silly audit   'balanced-match': [ '1.0.2', '4.0.4' ],
2530 silly audit   'concat-map': [ '0.0.1' ],
2530 silly audit   '@next/env': [ '16.3.3' ],
2530 silly audit   '@next/swc-darwin-arm64': [ '16.3.3' ],
2530 silly audit   '@next/swc-darwin-x64': [ '16.3.3' ],
2530 silly audit   '@next/swc-linux-arm64-gnu': [ '16.3.3' ],
2530 silly audit   '@next/swc-linux-arm64-musl': [ '16.3.3' ],
2530 silly audit   '@next/swc-linux-x64-gnu': [ '16.3.3' ],
2530 silly audit   '@next/swc-linux-x64-musl': [ '16.3.3' ],
2530 silly audit   '@next/swc-win32-arm64-msvc': [ '16.3.3' ],
2530 silly audit   '@next/swc-win32-x64-msvc': [ '16.3.3' ],
2530 silly audit   '@swc/helpers': [ '0.5.23' ],
2530 silly audit   sharp: [ '0.35.4' ],
2530 silly audit   'styled-jsx': [ '5.1.6' ],
2530 silly audit   tslib: [ '2.8.1' ],
2530 silly audit   'deep-is': [ '0.1.4' ],
2530 silly audit   'fast-levenshtein': [ '2.0.6' ],
2530 silly audit   'word-wrap': [ '1.2.5' ],
2530 silly audit   'p-limit': [ '3.1.0' ],
2530 silly audit   'yocto-queue': [ '0.1.0' ],
2530 silly audit   callsites: [ '3.1.0' ],
2530 silly audit   nanoid: [ '3.3.18' ],
2530 silly audit   'loose-envify': [ '1.4.0' ],
2530 silly audit   'object-assign': [ '4.1.1' ],
2530 silly audit   'react-is': [ '16.13.1' ],
2530 silly audit   scheduler: [ '0.27.0' ],
2530 silly audit   'node-exports-info': [ '1.6.2' ],
2530 silly audit   'path-parse': [ '1.0.7' ],
2530 silly audit   'supports-preserve-symlinks-flag': [ '1.0.0' ],
2530 silly audit   'queue-microtask': [ '1.2.3' ],
2530 silly audit   isarray: [ '2.0.5' ],
2530 silly audit   '@img/colour': [ '1.1.0' ],
2530 silly audit   '@img/sharp-darwin-arm64': [ '0.35.4' ],
2530 silly audit   '@img/sharp-darwin-x64': [ '0.35.4' ],
2530 silly audit   '@img/sharp-freebsd-wasm32': [ '0.35.4' ],
2530 silly audit   '@img/sharp-libvips-darwin-arm64': [ '1.3.3' ],
2530 silly audit   '@img/sharp-libvips-darwin-x64': [ '1.3.3' ],
2530 silly audit   '@img/sharp-libvips-linux-arm': [ '1.3.3' ],
2530 silly audit   '@img/sharp-libvips-linux-arm64': [ '1.3.3' ],
2530 silly audit   '@img/sharp-libvips-linux-ppc64': [ '1.3.3' ],
2530 silly audit   '@img/sharp-libvips-linux-riscv64': [ '1.3.3' ],
2530 silly audit   '@img/sharp-libvips-linux-s390x': [ '1.3.3' ],
2530 silly audit   '@img/sharp-libvips-linux-x64': [ '1.3.3' ],
2530 silly audit   '@img/sharp-libvips-linuxmusl-arm64': [ '1.3.3' ],
2530 silly audit   '@img/sharp-libvips-linuxmusl-x64': [ '1.3.3' ],
2530 silly audit   '@img/sharp-linux-arm': [ '0.35.4' ],
2530 silly audit   '@img/sharp-linux-arm64': [ '0.35.4' ],
2530 silly audit   '@img/sharp-linux-ppc64': [ '0.35.4' ],
2530 silly audit   '@img/sharp-linux-riscv64': [ '0.35.4' ],
2530 silly audit   '@img/sharp-linux-s390x': [ '0.35.4' ],
2530 silly audit   '@img/sharp-linux-x64': [ '0.35.4' ],
2530 silly audit   '@img/sharp-linuxmusl-arm64': [ '0.35.4' ],
2530 silly audit   '@img/sharp-linuxmusl-x64': [ '0.35.4' ],
2530 silly audit   '@img/sharp-webcontainers-wasm32': [ '0.35.4' ],
2530 silly audit   '@img/sharp-win32-arm64': [ '0.35.4' ],
2530 silly audit   '@img/sharp-win32-ia32': [ '0.35.4' ],
2530 silly audit   '@img/sharp-win32-x64': [ '0.35.4' ],
2530 silly audit   '@img/sharp-wasm32': [ '0.35.4' ],
2530 silly audit   '@emnapi/runtime': [ '1.11.3', '1.10.0' ],
2530 silly audit   'shebang-regex': [ '3.0.0' ],
2530 silly audit   'side-channel-list': [ '1.0.1' ],
2530 silly audit   'side-channel-map': [ '1.0.1' ],
2530 silly audit   'side-channel-weakmap': [ '1.0.2' ],
2530 silly audit   'client-only': [ '0.0.1' ],
2530 silly audit   'has-flag': [ '4.0.0' ],
2530 silly audit   fdir: [ '6.5.0' ],
2530 silly audit   'is-number': [ '7.0.0' ],
2530 silly audit   '@types/json5': [ '0.0.29' ],
2530 silly audit   minimist: [ '1.2.8' ],
2530 silly audit   'strip-bom': [ '3.0.0' ],
2530 silly audit   'for-each': [ '0.3.5' ],
2530 silly audit   'reflect.getprototypeof': [ '1.0.10' ],
2530 silly audit   'which-builtin-type': [ '1.2.1' ],
2530 silly audit   '@typescript-eslint/eslint-plugin': [ '8.68.0' ],
2530 silly audit   '@typescript-eslint/parser': [ '8.68.0' ],
2530 silly audit   '@typescript-eslint/typescript-estree': [ '8.68.0' ],
2530 silly audit   '@typescript-eslint/utils': [ '8.68.0' ],
2530 silly audit   '@typescript-eslint/scope-manager': [ '8.68.0' ],
2530 silly audit   '@typescript-eslint/type-utils': [ '8.68.0' ],
2530 silly audit   '@typescript-eslint/visitor-keys': [ '8.68.0' ],
2530 silly audit   'ts-api-utils': [ '2.5.0' ],
2530 silly audit   '@typescript-eslint/types': [ '8.68.0' ],
2530 silly audit   '@typescript-eslint/project-service': [ '8.68.0' ],
2530 silly audit   '@typescript-eslint/tsconfig-utils': [ '8.68.0' ],
2530 silly audit   'has-bigints': [ '1.1.0' ],
2530 silly audit   'which-boxed-primitive': [ '1.1.1' ],
2530 silly audit   '@unrs/resolver-binding-android-arm-eabi': [ '1.12.2' ],
2530 silly audit   '@unrs/resolver-binding-android-arm64': [ '1.12.2' ],
2530 silly audit   '@unrs/resolver-binding-darwin-arm64': [ '1.12.2' ],
2530 silly audit   '@unrs/resolver-binding-darwin-x64': [ '1.12.2' ],
2530 silly audit   '@unrs/resolver-binding-freebsd-x64': [ '1.12.2' ],
2530 silly audit   '@unrs/resolver-binding-linux-arm-gnueabihf': [ '1.12.2' ],
2530 silly audit   '@unrs/resolver-binding-linux-arm-musleabihf': [ '1.12.2' ],
2530 silly audit   '@unrs/resolver-binding-linux-arm64-gnu': [ '1.12.2' ],
2530 silly audit   '@unrs/resolver-binding-linux-arm64-musl': [ '1.12.2' ],
2530 silly audit   '@unrs/resolver-binding-linux-loong64-gnu': [ '1.12.2' ],
2530 silly audit   '@unrs/resolver-binding-linux-loong64-musl': [ '1.12.2' ],
2530 silly audit   '@unrs/resolver-binding-linux-ppc64-gnu': [ '1.12.2' ],
2530 silly audit   '@unrs/resolver-binding-linux-riscv64-gnu': [ '1.12.2' ],
2530 silly audit   '@unrs/resolver-binding-linux-riscv64-musl': [ '1.12.2' ],
2530 silly audit   '@unrs/resolver-binding-linux-s390x-gnu': [ '1.12.2' ],
2530 silly audit   '@unrs/resolver-binding-linux-x64-gnu': [ '1.12.2' ],
2530 silly audit   '@unrs/resolver-binding-linux-x64-musl': [ '1.12.2' ],
2530 silly audit   '@unrs/resolver-binding-openharmony-arm64': [ '1.12.2' ],
2530 silly audit   '@unrs/resolver-binding-wasm32-wasi': [ '1.12.2' ],
2530 silly audit   '@unrs/resolver-binding-win32-arm64-msvc': [ '1.12.2' ],
2530 silly audit   '@unrs/resolver-binding-win32-ia32-msvc': [ '1.12.2' ],
2530 silly audit   '@unrs/resolver-binding-win32-x64-msvc': [ '1.12.2' ],
2530 silly audit   'napi-postinstall': [ '0.3.4' ],
2530 silly audit   '@emnapi/core': [ '1.10.0' ],
2530 silly audit   '@napi-rs/wasm-runtime': [ '1.2.3' ],
2530 silly audit   '@emnapi/wasi-threads': [ '1.2.1' ],
2530 silly audit   '@tybys/wasm-util': [ '0.10.3' ],
2530 silly audit   escalade: [ '3.2.0' ],
2530 silly audit   punycode: [ '2.3.1' ],
2530 silly audit   isexe: [ '2.0.0' ],
2530 silly audit   'is-bigint': [ '1.1.0' ],
2530 silly audit   'is-boolean-object': [ '1.2.2' ],
2530 silly audit   'is-number-object': [ '1.1.1' ],
2530 silly audit   'is-async-function': [ '2.1.1' ],
2530 silly audit   'is-finalizationregistry': [ '1.1.1' ],
2530 silly audit   'is-generator-function': [ '1.1.2' ],
2530 silly audit   'which-collection': [ '1.0.2' ],
2530 silly audit   'async-function': [ '1.0.0' ],
2530 silly audit   'generator-function': [ '2.0.1' ],
2530 silly audit   'is-map': [ '2.0.3' ],
2530 silly audit   'is-weakmap': [ '2.0.2' ],
2530 silly audit   'is-weakset': [ '2.0.4' ],
2530 silly audit   '@tailwindcss/oxide-wasm32-wasi': [ '4.3.3' ]
2530 silly audit }
2531 verbose reify failed optional dependency /Users/sachingopalakrishnan/FINTRACE/sentinel-app/node_modules/@unrs/resolver-binding-win32-x64-msvc
2532 silly reify mark deleted [
2532 silly reify   '/Users/sachingopalakrishnan/FINTRACE/sentinel-app/node_modules/@unrs/resolver-binding-win32-x64-msvc'
2532 silly reify ]
2533 verbose reify failed optional dependency /Users/sachingopalakrishnan/FINTRACE/sentinel-app/node_modules/@unrs/resolver-binding-win32-ia32-msvc
2534 silly reify mark deleted [
2534 silly reify   '/Users/sachingopalakrishnan/FINTRACE/sentinel-app/node_modules/@unrs/resolver-binding-win32-ia32-msvc'
2534 silly reify ]
2535 verbose reify failed optional dependency /Users/sachingopalakrishnan/FINTRACE/sentinel-app/node_modules/@unrs/resolver-binding-win32-arm64-msvc
2536 silly reify mark deleted [
2536 silly reify   '/Users/sachingopalakrishnan/FINTRACE/sentinel-app/node_modules/@unrs/resolver-binding-win32-arm64-msvc'
2536 silly reify ]
2537 verbose reify failed optional dependency /Users/sachingopalakrishnan/FINTRACE/sentinel-app/node_modules/@unrs/resolver-binding-wasm32-wasi
2538 silly reify mark deleted [
2538 silly reify   '/Users/sachingopalakrishnan/FINTRACE/sentinel-app/node_modules/@unrs/resolver-binding-wasm32-wasi'
2538 silly reify ]
2539 verbose reify failed optional dependency /Users/sachingopalakrishnan/FINTRACE/sentinel-app/node_modules/@unrs/resolver-binding-wasm32-wasi/node_modules/@emnapi/runtime
2540 silly reify mark deleted [
2540 silly reify   '/Users/sachingopalakrishnan/FINTRACE/sentinel-app/node_modules/@unrs/resolver-binding-wasm32-wasi/node_modules/@emnapi/runtime'
2540 silly reify ]
2541 verbose reify failed optional dependency /Users/sachingopalakrishnan/FINTRACE/sentinel-app/node_modules/@unrs/resolver-binding-openharmony-arm64
2542 silly reify mark deleted [
2542 silly reify   '/Users/sachingopalakrishnan/FINTRACE/sentinel-app/node_modules/@unrs/resolver-binding-openharmony-arm64'
2542 silly reify ]
2543 verbose reify failed optional dependency /Users/sachingopalakrishnan/FINTRACE/sentinel-app/node_modules/@unrs/resolver-binding-linux-x64-musl
2544 silly reify mark deleted [
2544 silly reify   '/Users/sachingopalakrishnan/FINTRACE/sentinel-app/node_modules/@unrs/resolver-binding-linux-x64-musl'
2544 silly reify ]
2545 verbose reify failed optional dependency /Users/sachingopalakrishnan/FINTRACE/sentinel-app/node_modules/@unrs/resolver-binding-linux-x64-gnu
2546 silly reify mark deleted [
2546 silly reify   '/Users/sachingopalakrishnan/FINTRACE/sentinel-app/node_modules/@unrs/resolver-binding-linux-x64-gnu'
2546 silly reify ]
2547 verbose reify failed optional dependency /Users/sachingopalakrishnan/FINTRACE/sentinel-app/node_modules/@unrs/resolver-binding-linux-s390x-gnu
2548 silly reify mark deleted [
2548 silly reify   '/Users/sachingopalakrishnan/FINTRACE/sentinel-app/node_modules/@unrs/resolver-binding-linux-s390x-gnu'
2548 silly reify ]
2549 verbose reify failed optional dependency /Users/sachingopalakrishnan/FINTRACE/sentinel-app/node_modules/@unrs/resolver-binding-linux-riscv64-musl
2550 silly reify mark deleted [
2550 silly reify   '/Users/sachingopalakrishnan/FINTRACE/sentinel-app/node_modules/@unrs/resolver-binding-linux-riscv64-musl'
2550 silly reify ]
2551 verbose reify failed optional dependency /Users/sachingopalakrishnan/FINTRACE/sentinel-app/node_modules/@unrs/resolver-binding-linux-riscv64-gnu
2552 silly reify mark deleted [
2552 silly reify   '/Users/sachingopalakrishnan/FINTRACE/sentinel-app/node_modules/@unrs/resolver-binding-linux-riscv64-gnu'
2552 silly reify ]
2553 verbose reify failed optional dependency /Users/sachingopalakrishnan/FINTRACE/sentinel-app/node_modules/@unrs/resolver-binding-linux-ppc64-gnu
2554 silly reify mark deleted [
2554 silly reify   '/Users/sachingopalakrishnan/FINTRACE/sentinel-app/node_modules/@unrs/resolver-binding-linux-ppc64-gnu'
2554 silly reify ]
2555 verbose reify failed optional dependency /Users/sachingopalakrishnan/FINTRACE/sentinel-app/node_modules/@unrs/resolver-binding-linux-loong64-musl
2556 silly reify mark deleted [
2556 silly reify   '/Users/sachingopalakrishnan/FINTRACE/sentinel-app/node_modules/@unrs/resolver-binding-linux-loong64-musl'
2556 silly reify ]
2557 verbose reify failed optional dependency /Users/sachingopalakrishnan/FINTRACE/sentinel-app/node_modules/@unrs/resolver-binding-linux-loong64-gnu
2558 silly reify mark deleted [
2558 silly reify   '/Users/sachingopalakrishnan/FINTRACE/sentinel-app/node_modules/@unrs/resolver-binding-linux-loong64-gnu'
2558 silly reify ]
2559 verbose reify failed optional dependency /Users/sachingopalakrishnan/FINTRACE/sentinel-app/node_modules/@unrs/resolver-binding-linux-arm64-musl
2560 silly reify mark deleted [
2560 silly reify   '/Users/sachingopalakrishnan/FINTRACE/sentinel-app/node_modules/@unrs/resolver-binding-linux-arm64-musl'
2560 silly reify ]
2561 verbose reify failed optional dependency /Users/sachingopalakrishnan/FINTRACE/sentinel-app/node_modules/@unrs/resolver-binding-linux-arm64-gnu
2562 silly reify mark deleted [
2562 silly reify   '/Users/sachingopalakrishnan/FINTRACE/sentinel-app/node_modules/@unrs/resolver-binding-linux-arm64-gnu'
2562 silly reify ]
2563 verbose reify failed optional dependency /Users/sachingopalakrishnan/FINTRACE/sentinel-app/node_modules/@unrs/resolver-binding-linux-arm-musleabihf
2564 silly reify mark deleted [
2564 silly reify   '/Users/sachingopalakrishnan/FINTRACE/sentinel-app/node_modules/@unrs/resolver-binding-linux-arm-musleabihf'
2564 silly reify ]
2565 verbose reify failed optional dependency /Users/sachingopalakrishnan/FINTRACE/sentinel-app/node_modules/@unrs/resolver-binding-linux-arm-gnueabihf
2566 silly reify mark deleted [
2566 silly reify   '/Users/sachingopalakrishnan/FINTRACE/sentinel-app/node_modules/@unrs/resolver-binding-linux-arm-gnueabihf'
2566 silly reify ]
2567 verbose reify failed optional dependency /Users/sachingopalakrishnan/FINTRACE/sentinel-app/node_modules/@unrs/resolver-binding-freebsd-x64
2568 silly reify mark deleted [
2568 silly reify   '/Users/sachingopalakrishnan/FINTRACE/sentinel-app/node_modules/@unrs/resolver-binding-freebsd-x64'
2568 silly reify ]
2569 verbose reify failed optional dependency /Users/sachingopalakrishnan/FINTRACE/sentinel-app/node_modules/@unrs/resolver-binding-darwin-x64
2570 silly reify mark deleted [
2570 silly reify   '/Users/sachingopalakrishnan/FINTRACE/sentinel-app/node_modules/@unrs/resolver-binding-darwin-x64'
2570 silly reify ]
2571 verbose reify failed optional dependency /Users/sachingopalakrishnan/FINTRACE/sentinel-app/node_modules/@unrs/resolver-binding-android-arm64
2572 silly reify mark deleted [
2572 silly reify   '/Users/sachingopalakrishnan/FINTRACE/sentinel-app/node_modules/@unrs/resolver-binding-android-arm64'
2572 silly reify ]
2573 verbose reify failed optional dependency /Users/sachingopalakrishnan/FINTRACE/sentinel-app/node_modules/@unrs/resolver-binding-android-arm-eabi
2574 silly reify mark deleted [
2574 silly reify   '/Users/sachingopalakrishnan/FINTRACE/sentinel-app/node_modules/@unrs/resolver-binding-android-arm-eabi'
2574 silly reify ]
2575 verbose reify failed optional dependency /Users/sachingopalakrishnan/FINTRACE/sentinel-app/node_modules/@img/sharp-win32-x64
2576 silly reify mark deleted [
2576 silly reify   '/Users/sachingopalakrishnan/FINTRACE/sentinel-app/node_modules/@img/sharp-win32-x64'
2576 silly reify ]
2577 verbose reify failed optional dependency /Users/sachingopalakrishnan/FINTRACE/sentinel-app/node_modules/@img/sharp-win32-ia32
2578 silly reify mark deleted [
2578 silly reify   '/Users/sachingopalakrishnan/FINTRACE/sentinel-app/node_modules/@img/sharp-win32-ia32'
2578 silly reify ]
2579 verbose reify failed optional dependency /Users/sachingopalakrishnan/FINTRACE/sentinel-app/node_modules/@img/sharp-win32-arm64
2580 silly reify mark deleted [
2580 silly reify   '/Users/sachingopalakrishnan/FINTRACE/sentinel-app/node_modules/@img/sharp-win32-arm64'
2580 silly reify ]
2581 verbose reify failed optional dependency /Users/sachingopalakrishnan/FINTRACE/sentinel-app/node_modules/@img/sharp-webcontainers-wasm32
2582 silly reify mark deleted [
2582 silly reify   '/Users/sachingopalakrishnan/FINTRACE/sentinel-app/node_modules/@img/sharp-webcontainers-wasm32'
2582 silly reify ]
2583 verbose reify failed optional dependency /Users/sachingopalakrishnan/FINTRACE/sentinel-app/node_modules/@img/sharp-linuxmusl-x64
2584 silly reify mark deleted [
2584 silly reify   '/Users/sachingopalakrishnan/FINTRACE/sentinel-app/node_modules/@img/sharp-linuxmusl-x64'
2584 silly reify ]
2585 verbose reify failed optional dependency /Users/sachingopalakrishnan/FINTRACE/sentinel-app/node_modules/@img/sharp-linuxmusl-arm64
2586 silly reify mark deleted [
2586 silly reify   '/Users/sachingopalakrishnan/FINTRACE/sentinel-app/node_modules/@img/sharp-linuxmusl-arm64'
2586 silly reify ]
2587 verbose reify failed optional dependency /Users/sachingopalakrishnan/FINTRACE/sentinel-app/node_modules/@img/sharp-linux-x64
2588 silly reify mark deleted [
2588 silly reify   '/Users/sachingopalakrishnan/FINTRACE/sentinel-app/node_modules/@img/sharp-linux-x64'
2588 silly reify ]
2589 verbose reify failed optional dependency /Users/sachingopalakrishnan/FINTRACE/sentinel-app/node_modules/@img/sharp-linux-s390x
2590 silly reify mark deleted [
2590 silly reify   '/Users/sachingopalakrishnan/FINTRACE/sentinel-app/node_modules/@img/sharp-linux-s390x'
2590 silly reify ]
2591 verbose reify failed optional dependency /Users/sachingopalakrishnan/FINTRACE/sentinel-app/node_modules/@img/sharp-linux-riscv64
2592 silly reify mark deleted [
2592 silly reify   '/Users/sachingopalakrishnan/FINTRACE/sentinel-app/node_modules/@img/sharp-linux-riscv64'
2592 silly reify ]
2593 verbose reify failed optional dependency /Users/sachingopalakrishnan/FINTRACE/sentinel-app/node_modules/@img/sharp-linux-ppc64
2594 silly reify mark deleted [
2594 silly reify   '/Users/sachingopalakrishnan/FINTRACE/sentinel-app/node_modules/@img/sharp-linux-ppc64'
2594 silly reify ]
2595 verbose reify failed optional dependency /Users/sachingopalakrishnan/FINTRACE/sentinel-app/node_modules/@img/sharp-linux-arm64
2596 silly reify mark deleted [
2596 silly reify   '/Users/sachingopalakrishnan/FINTRACE/sentinel-app/node_modules/@img/sharp-linux-arm64'
2596 silly reify ]
2597 verbose reify failed optional dependency /Users/sachingopalakrishnan/FINTRACE/sentinel-app/node_modules/@img/sharp-linux-arm
2598 silly reify mark deleted [
2598 silly reify   '/Users/sachingopalakrishnan/FINTRACE/sentinel-app/node_modules/@img/sharp-linux-arm'
2598 silly reify ]
2599 verbose reify failed optional dependency /Users/sachingopalakrishnan/FINTRACE/sentinel-app/node_modules/@img/sharp-libvips-linuxmusl-x64
2600 silly reify mark deleted [
2600 silly reify   '/Users/sachingopalakrishnan/FINTRACE/sentinel-app/node_modules/@img/sharp-libvips-linuxmusl-x64'
2600 silly reify ]
2601 verbose reify failed optional dependency /Users/sachingopalakrishnan/FINTRACE/sentinel-app/node_modules/@img/sharp-libvips-linuxmusl-arm64
2602 silly reify mark deleted [
2602 silly reify   '/Users/sachingopalakrishnan/FINTRACE/sentinel-app/node_modules/@img/sharp-libvips-linuxmusl-arm64'
2602 silly reify ]
2603 verbose reify failed optional dependency /Users/sachingopalakrishnan/FINTRACE/sentinel-app/node_modules/@img/sharp-libvips-linux-x64
2604 silly reify mark deleted [
2604 silly reify   '/Users/sachingopalakrishnan/FINTRACE/sentinel-app/node_modules/@img/sharp-libvips-linux-x64'
2604 silly reify ]
2605 verbose reify failed optional dependency /Users/sachingopalakrishnan/FINTRACE/sentinel-app/node_modules/@img/sharp-libvips-linux-s390x
2606 silly reify mark deleted [
2606 silly reify   '/Users/sachingopalakrishnan/FINTRACE/sentinel-app/node_modules/@img/sharp-libvips-linux-s390x'
2606 silly reify ]
2607 verbose reify failed optional dependency /Users/sachingopalakrishnan/FINTRACE/sentinel-app/node_modules/@img/sharp-libvips-linux-riscv64
2608 silly reify mark deleted [
2608 silly reify   '/Users/sachingopalakrishnan/FINTRACE/sentinel-app/node_modules/@img/sharp-libvips-linux-riscv64'
2608 silly reify ]
2609 verbose reify failed optional dependency /Users/sachingopalakrishnan/FINTRACE/sentinel-app/node_modules/@img/sharp-libvips-linux-ppc64
2610 silly reify mark deleted [
2610 silly reify   '/Users/sachingopalakrishnan/FINTRACE/sentinel-app/node_modules/@img/sharp-libvips-linux-ppc64'
2610 silly reify ]
2611 verbose reify failed optional dependency /Users/sachingopalakrishnan/FINTRACE/sentinel-app/node_modules/@img/sharp-libvips-linux-arm64
2612 silly reify mark deleted [
2612 silly reify   '/Users/sachingopalakrishnan/FINTRACE/sentinel-app/node_modules/@img/sharp-libvips-linux-arm64'
2612 silly reify ]
2613 verbose reify failed optional dependency /Users/sachingopalakrishnan/FINTRACE/sentinel-app/node_modules/@img/sharp-libvips-linux-arm
2614 silly reify mark deleted [
2614 silly reify   '/Users/sachingopalakrishnan/FINTRACE/sentinel-app/node_modules/@img/sharp-libvips-linux-arm'
2614 silly reify ]
2615 verbose reify failed optional dependency /Users/sachingopalakrishnan/FINTRACE/sentinel-app/node_modules/@img/sharp-libvips-darwin-x64
2616 silly reify mark deleted [
2616 silly reify   '/Users/sachingopalakrishnan/FINTRACE/sentinel-app/node_modules/@img/sharp-libvips-darwin-x64'
2616 silly reify ]
2617 verbose reify failed optional dependency /Users/sachingopalakrishnan/FINTRACE/sentinel-app/node_modules/@img/sharp-freebsd-wasm32
2618 silly reify mark deleted [
2618 silly reify   '/Users/sachingopalakrishnan/FINTRACE/sentinel-app/node_modules/@img/sharp-freebsd-wasm32'
2618 silly reify ]
2619 verbose reify failed optional dependency /Users/sachingopalakrishnan/FINTRACE/sentinel-app/node_modules/@img/sharp-darwin-x64
2620 silly reify mark deleted [
2620 silly reify   '/Users/sachingopalakrishnan/FINTRACE/sentinel-app/node_modules/@img/sharp-darwin-x64'
2620 silly reify ]
2621 verbose reify failed optional dependency /Users/sachingopalakrishnan/FINTRACE/sentinel-app/node_modules/@next/swc-win32-x64-msvc
2622 silly reify mark deleted [
2622 silly reify   '/Users/sachingopalakrishnan/FINTRACE/sentinel-app/node_modules/@next/swc-win32-x64-msvc'
2622 silly reify ]
2623 verbose reify failed optional dependency /Users/sachingopalakrishnan/FINTRACE/sentinel-app/node_modules/@next/swc-win32-arm64-msvc
2624 silly reify mark deleted [
2624 silly reify   '/Users/sachingopalakrishnan/FINTRACE/sentinel-app/node_modules/@next/swc-win32-arm64-msvc'
2624 silly reify ]
2625 verbose reify failed optional dependency /Users/sachingopalakrishnan/FINTRACE/sentinel-app/node_modules/@next/swc-linux-x64-musl
2626 silly reify mark deleted [
2626 silly reify   '/Users/sachingopalakrishnan/FINTRACE/sentinel-app/node_modules/@next/swc-linux-x64-musl'
2626 silly reify ]
2627 verbose reify failed optional dependency /Users/sachingopalakrishnan/FINTRACE/sentinel-app/node_modules/@next/swc-linux-x64-gnu
2628 silly reify mark deleted [
2628 silly reify   '/Users/sachingopalakrishnan/FINTRACE/sentinel-app/node_modules/@next/swc-linux-x64-gnu'
2628 silly reify ]
2629 verbose reify failed optional dependency /Users/sachingopalakrishnan/FINTRACE/sentinel-app/node_modules/@next/swc-linux-arm64-musl
2630 silly reify mark deleted [
2630 silly reify   '/Users/sachingopalakrishnan/FINTRACE/sentinel-app/node_modules/@next/swc-linux-arm64-musl'
2630 silly reify ]
2631 verbose reify failed optional dependency /Users/sachingopalakrishnan/FINTRACE/sentinel-app/node_modules/@next/swc-linux-arm64-gnu
2632 silly reify mark deleted [
2632 silly reify   '/Users/sachingopalakrishnan/FINTRACE/sentinel-app/node_modules/@next/swc-linux-arm64-gnu'
2632 silly reify ]
2633 verbose reify failed optional dependency /Users/sachingopalakrishnan/FINTRACE/sentinel-app/node_modules/@next/swc-darwin-x64
2634 silly reify mark deleted [
2634 silly reify   '/Users/sachingopalakrishnan/FINTRACE/sentinel-app/node_modules/@next/swc-darwin-x64'
2634 silly reify ]
2635 verbose reify failed optional dependency /Users/sachingopalakrishnan/FINTRACE/sentinel-app/node_modules/lightningcss-win32-x64-msvc
2636 silly reify mark deleted [
2636 silly reify   '/Users/sachingopalakrishnan/FINTRACE/sentinel-app/node_modules/lightningcss-win32-x64-msvc'
2636 silly reify ]
2637 verbose reify failed optional dependency /Users/sachingopalakrishnan/FINTRACE/sentinel-app/node_modules/lightningcss-win32-arm64-msvc
2638 silly reify mark deleted [
2638 silly reify   '/Users/sachingopalakrishnan/FINTRACE/sentinel-app/node_modules/lightningcss-win32-arm64-msvc'
2638 silly reify ]
2639 verbose reify failed optional dependency /Users/sachingopalakrishnan/FINTRACE/sentinel-app/node_modules/lightningcss-linux-x64-musl
2640 silly reify mark deleted [
2640 silly reify   '/Users/sachingopalakrishnan/FINTRACE/sentinel-app/node_modules/lightningcss-linux-x64-musl'
2640 silly reify ]
2641 verbose reify failed optional dependency /Users/sachingopalakrishnan/FINTRACE/sentinel-app/node_modules/lightningcss-linux-x64-gnu
2642 silly reify mark deleted [
2642 silly reify   '/Users/sachingopalakrishnan/FINTRACE/sentinel-app/node_modules/lightningcss-linux-x64-gnu'
2642 silly reify ]
2643 verbose reify failed optional dependency /Users/sachingopalakrishnan/FINTRACE/sentinel-app/node_modules/lightningcss-linux-arm64-musl
2644 silly reify mark deleted [
2644 silly reify   '/Users/sachingopalakrishnan/FINTRACE/sentinel-app/node_modules/lightningcss-linux-arm64-musl'
2644 silly reify ]
2645 verbose reify failed optional dependency /Users/sachingopalakrishnan/FINTRACE/sentinel-app/node_modules/lightningcss-linux-arm64-gnu
2646 silly reify mark deleted [
2646 silly reify   '/Users/sachingopalakrishnan/FINTRACE/sentinel-app/node_modules/lightningcss-linux-arm64-gnu'
2646 silly reify ]
2647 verbose reify failed optional dependency /Users/sachingopalakrishnan/FINTRACE/sentinel-app/node_modules/lightningcss-linux-arm-gnueabihf
2648 silly reify mark deleted [
2648 silly reify   '/Users/sachingopalakrishnan/FINTRACE/sentinel-app/node_modules/lightningcss-linux-arm-gnueabihf'
2648 silly reify ]
2649 verbose reify failed optional dependency /Users/sachingopalakrishnan/FINTRACE/sentinel-app/node_modules/lightningcss-freebsd-x64
2650 silly reify mark deleted [
2650 silly reify   '/Users/sachingopalakrishnan/FINTRACE/sentinel-app/node_modules/lightningcss-freebsd-x64'
2650 silly reify ]
2651 verbose reify failed optional dependency /Users/sachingopalakrishnan/FINTRACE/sentinel-app/node_modules/lightningcss-darwin-x64
2652 silly reify mark deleted [
2652 silly reify   '/Users/sachingopalakrishnan/FINTRACE/sentinel-app/node_modules/lightningcss-darwin-x64'
2652 silly reify ]
2653 verbose reify failed optional dependency /Users/sachingopalakrishnan/FINTRACE/sentinel-app/node_modules/lightningcss-android-arm64
2654 silly reify mark deleted [
2654 silly reify   '/Users/sachingopalakrishnan/FINTRACE/sentinel-app/node_modules/lightningcss-android-arm64'
2654 silly reify ]
2655 verbose reify failed optional dependency /Users/sachingopalakrishnan/FINTRACE/sentinel-app/node_modules/@tailwindcss/oxide-win32-x64-msvc
2656 silly reify mark deleted [
2656 silly reify   '/Users/sachingopalakrishnan/FINTRACE/sentinel-app/node_modules/@tailwindcss/oxide-win32-x64-msvc'
2656 silly reify ]
2657 verbose reify failed optional dependency /Users/sachingopalakrishnan/FINTRACE/sentinel-app/node_modules/@tailwindcss/oxide-win32-arm64-msvc
2658 silly reify mark deleted [
2658 silly reify   '/Users/sachingopalakrishnan/FINTRACE/sentinel-app/node_modules/@tailwindcss/oxide-win32-arm64-msvc'
2658 silly reify ]
2659 verbose reify failed optional dependency /Users/sachingopalakrishnan/FINTRACE/sentinel-app/node_modules/@tailwindcss/oxide-linux-x64-musl
2660 silly reify mark deleted [
2660 silly reify   '/Users/sachingopalakrishnan/FINTRACE/sentinel-app/node_modules/@tailwindcss/oxide-linux-x64-musl'
2660 silly reify ]
2661 verbose reify failed optional dependency /Users/sachingopalakrishnan/FINTRACE/sentinel-app/node_modules/@tailwindcss/oxide-linux-x64-gnu
2662 silly reify mark deleted [
2662 silly reify   '/Users/sachingopalakrishnan/FINTRACE/sentinel-app/node_modules/@tailwindcss/oxide-linux-x64-gnu'
2662 silly reify ]
2663 verbose reify failed optional dependency /Users/sachingopalakrishnan/FINTRACE/sentinel-app/node_modules/@tailwindcss/oxide-linux-arm64-musl
2664 silly reify mark deleted [
2664 silly reify   '/Users/sachingopalakrishnan/FINTRACE/sentinel-app/node_modules/@tailwindcss/oxide-linux-arm64-musl'
2664 silly reify ]
2665 verbose reify failed optional dependency /Users/sachingopalakrishnan/FINTRACE/sentinel-app/node_modules/@tailwindcss/oxide-linux-arm64-gnu
2666 silly reify mark deleted [
2666 silly reify   '/Users/sachingopalakrishnan/FINTRACE/sentinel-app/node_modules/@tailwindcss/oxide-linux-arm64-gnu'
2666 silly reify ]
2667 verbose reify failed optional dependency /Users/sachingopalakrishnan/FINTRACE/sentinel-app/node_modules/@tailwindcss/oxide-linux-arm-gnueabihf
2668 silly reify mark deleted [
2668 silly reify   '/Users/sachingopalakrishnan/FINTRACE/sentinel-app/node_modules/@tailwindcss/oxide-linux-arm-gnueabihf'
2668 silly reify ]
2669 verbose reify failed optional dependency /Users/sachingopalakrishnan/FINTRACE/sentinel-app/node_modules/@tailwindcss/oxide-freebsd-x64
2670 silly reify mark deleted [
2670 silly reify   '/Users/sachingopalakrishnan/FINTRACE/sentinel-app/node_modules/@tailwindcss/oxide-freebsd-x64'
2670 silly reify ]
2671 verbose reify failed optional dependency /Users/sachingopalakrishnan/FINTRACE/sentinel-app/node_modules/@tailwindcss/oxide-darwin-x64
2672 silly reify mark deleted [
2672 silly reify   '/Users/sachingopalakrishnan/FINTRACE/sentinel-app/node_modules/@tailwindcss/oxide-darwin-x64'
2672 silly reify ]
2673 verbose reify failed optional dependency /Users/sachingopalakrishnan/FINTRACE/sentinel-app/node_modules/@tailwindcss/oxide-android-arm64
2674 silly reify mark deleted [
2674 silly reify   '/Users/sachingopalakrishnan/FINTRACE/sentinel-app/node_modules/@tailwindcss/oxide-android-arm64'
2674 silly reify ]
2675 http cache lucide-react@https://registry.npmjs.org/lucide-react/-/lucide-react-1.34.0.tgz 0ms (cache hit)
2676 silly tarball no local data for lucide-react@https://registry.npmjs.org/lucide-react/-/lucide-react-1.34.0.tgz. Extracting by manifest.
2677 http cache punycode@https://registry.npmjs.org/punycode/-/punycode-2.3.1.tgz 0ms (cache hit)
2678 http cache @unrs/resolver-binding-darwin-arm64@https://registry.npmjs.org/@unrs/resolver-binding-darwin-arm64/-/resolver-binding-darwin-arm64-1.12.2.tgz 0ms (cache hit)
2679 http cache @types/json5@https://registry.npmjs.org/@types/json5/-/json5-0.0.29.tgz 0ms (cache hit)
2680 http cache client-only@https://registry.npmjs.org/client-only/-/client-only-0.0.1.tgz 0ms (cache hit)
2681 http cache strip-bom@https://registry.npmjs.org/strip-bom/-/strip-bom-3.0.0.tgz 0ms (cache hit)
2682 http cache shebang-regex@https://registry.npmjs.org/shebang-regex/-/shebang-regex-3.0.0.tgz 0ms (cache hit)
2683 http cache has-flag@https://registry.npmjs.org/has-flag/-/has-flag-4.0.0.tgz 0ms (cache hit)
2684 http cache is-number@https://registry.npmjs.org/is-number/-/is-number-7.0.0.tgz 0ms (cache hit)
2685 http cache @img/colour@https://registry.npmjs.org/@img/colour/-/colour-1.1.0.tgz 0ms (cache hit)
2686 http cache isarray@https://registry.npmjs.org/isarray/-/isarray-2.0.5.tgz 0ms (cache hit)
2687 http cache path-parse@https://registry.npmjs.org/path-parse/-/path-parse-1.0.7.tgz 0ms (cache hit)
2688 http cache queue-microtask@https://registry.npmjs.org/queue-microtask/-/queue-microtask-1.2.3.tgz 0ms (cache hit)
2689 http cache object-assign@https://registry.npmjs.org/object-assign/-/object-assign-4.1.1.tgz 0ms (cache hit)
2690 http cache fast-levenshtein@https://registry.npmjs.org/fast-levenshtein/-/fast-levenshtein-2.0.6.tgz 0ms (cache hit)
2691 http cache word-wrap@https://registry.npmjs.org/word-wrap/-/word-wrap-1.2.5.tgz 0ms (cache hit)
2692 http cache yocto-queue@https://registry.npmjs.org/yocto-queue/-/yocto-queue-0.1.0.tgz 0ms (cache hit)
2693 http cache p-limit@https://registry.npmjs.org/p-limit/-/p-limit-3.1.0.tgz 0ms (cache hit)
2694 http cache @next/swc-darwin-arm64@https://registry.npmjs.org/@next/swc-darwin-arm64/-/swc-darwin-arm64-16.3.3.tgz 0ms (cache hit)
2695 http cache callsites@https://registry.npmjs.org/callsites/-/callsites-3.1.0.tgz 0ms (cache hit)
2696 http cache fill-range@https://registry.npmjs.org/fill-range/-/fill-range-7.1.1.tgz 0ms (cache hit)
2697 http cache to-regex-range@https://registry.npmjs.org/to-regex-range/-/to-regex-range-5.0.1.tgz 0ms (cache hit)
2698 http cache p-locate@https://registry.npmjs.org/p-locate/-/p-locate-5.0.0.tgz 0ms (cache hit)
2699 http cache brace-expansion@https://registry.npmjs.org/brace-expansion/-/brace-expansion-1.1.18.tgz 0ms (cache hit)
2700 http cache lightningcss-darwin-arm64@https://registry.npmjs.org/lightningcss-darwin-arm64/-/lightningcss-darwin-arm64-1.32.0.tgz 0ms (cache hit)
2701 http cache yallist@https://registry.npmjs.org/yallist/-/yallist-3.1.1.tgz 0ms (cache hit)
2702 http cache resolve-from@https://registry.npmjs.org/resolve-from/-/resolve-from-4.0.0.tgz 0ms (cache hit)
2703 http cache is-extglob@https://registry.npmjs.org/is-extglob/-/is-extglob-2.1.1.tgz 0ms (cache hit)
2704 http cache parent-module@https://registry.npmjs.org/parent-module/-/parent-module-1.0.1.tgz 0ms (cache hit)
2705 http cache path-exists@https://registry.npmjs.org/path-exists/-/path-exists-4.0.0.tgz 0ms (cache hit)
2706 http cache locate-path@https://registry.npmjs.org/locate-path/-/locate-path-6.0.0.tgz 0ms (cache hit)
2707 http cache micromatch@https://registry.npmjs.org/micromatch/-/micromatch-4.0.8.tgz 0ms (cache hit)
2708 http cache run-parallel@https://registry.npmjs.org/run-parallel/-/run-parallel-1.2.0.tgz 0ms (cache hit)
2709 http cache merge2@https://registry.npmjs.org/merge2/-/merge2-1.4.1.tgz 0ms (cache hit)
2710 http cache esrecurse@https://registry.npmjs.org/esrecurse/-/esrecurse-4.3.0.tgz 0ms (cache hit)
2711 http cache acorn-jsx@https://registry.npmjs.org/acorn-jsx/-/acorn-jsx-5.3.2.tgz 0ms (cache hit)
2712 http cache electron-to-chromium@https://registry.npmjs.org/electron-to-chromium/-/electron-to-chromium-1.5.416.tgz 0ms (cache hit)
2713 http cache lru-cache@https://registry.npmjs.org/lru-cache/-/lru-cache-5.1.1.tgz 0ms (cache hit)
2714 http cache picocolors@https://registry.npmjs.org/picocolors/-/picocolors-1.1.1.tgz 0ms (cache hit)
2715 http cache js-tokens@https://registry.npmjs.org/js-tokens/-/js-tokens-4.0.0.tgz 0ms (cache hit)
2716 http cache convert-source-map@https://registry.npmjs.org/convert-source-map/-/convert-source-map-2.0.0.tgz 0ms (cache hit)
2717 http cache estraverse@https://registry.npmjs.org/estraverse/-/estraverse-5.3.0.tgz 0ms (cache hit)
2718 http cache eslint-module-utils@https://registry.npmjs.org/eslint-module-utils/-/eslint-module-utils-2.14.0.tgz 0ms (cache hit)
2719 http cache unrs-resolver@https://registry.npmjs.org/unrs-resolver/-/unrs-resolver-1.12.2.tgz 0ms (cache hit)
2720 http cache @rtsao/scc@https://registry.npmjs.org/@rtsao/scc/-/scc-1.1.0.tgz 0ms (cache hit)
2721 http cache @nolyfill/is-core-module@https://registry.npmjs.org/@nolyfill/is-core-module/-/is-core-module-1.0.39.tgz 0ms (cache hit)
2722 http cache path-key@https://registry.npmjs.org/path-key/-/path-key-3.1.1.tgz 0ms (cache hit)
2723 http cache ms@https://registry.npmjs.org/ms/-/ms-2.1.3.tgz 0ms (cache hit)
2724 http cache shebang-command@https://registry.npmjs.org/shebang-command/-/shebang-command-2.0.0.tgz 0ms (cache hit)
2725 http cache supports-color@https://registry.npmjs.org/supports-color/-/supports-color-7.2.0.tgz 0ms (cache hit)
2726 http cache ansi-styles@https://registry.npmjs.org/ansi-styles/-/ansi-styles-4.3.0.tgz 0ms (cache hit)
2727 http cache eslint-import-resolver-node@https://registry.npmjs.org/eslint-import-resolver-node/-/eslint-import-resolver-node-0.3.10.tgz 0ms (cache hit)
2728 http cache color-name@https://registry.npmjs.org/color-name/-/color-name-1.1.4.tgz 0ms (cache hit)
2729 http cache strip-json-comments@https://registry.npmjs.org/strip-json-comments/-/strip-json-comments-3.1.1.tgz 0ms (cache hit)
2730 http cache @types/json-schema@https://registry.npmjs.org/@types/json-schema/-/json-schema-7.0.15.tgz 0ms (cache hit)
2731 http cache globals@https://registry.npmjs.org/globals/-/globals-14.0.0.tgz 0ms (cache hit)
2732 http cache import-fresh@https://registry.npmjs.org/import-fresh/-/import-fresh-3.3.1.tgz 0ms (cache hit)
2733 http cache natural-compare@https://registry.npmjs.org/natural-compare/-/natural-compare-1.4.0.tgz 0ms (cache hit)
2734 http cache lodash.merge@https://registry.npmjs.org/lodash.merge/-/lodash.merge-4.6.2.tgz 0ms (cache hit)
2735 http cache imurmurhash@https://registry.npmjs.org/imurmurhash/-/imurmurhash-0.1.4.tgz 0ms (cache hit)
2736 http cache ignore@https://registry.npmjs.org/ignore/-/ignore-5.3.2.tgz 0ms (cache hit)
2737 http cache color-convert@https://registry.npmjs.org/color-convert/-/color-convert-2.0.1.tgz 0ms (cache hit)
2738 http cache file-entry-cache@https://registry.npmjs.org/file-entry-cache/-/file-entry-cache-8.0.0.tgz 0ms (cache hit)
2739 http cache minimatch@https://registry.npmjs.org/minimatch/-/minimatch-3.1.5.tgz 0ms (cache hit)
2740 http cache glob-parent@https://registry.npmjs.org/glob-parent/-/glob-parent-6.0.2.tgz 0ms (cache hit)
2741 http cache is-glob@https://registry.npmjs.org/is-glob/-/is-glob-4.0.3.tgz 0ms (cache hit)
2742 http cache @types/estree@https://registry.npmjs.org/@types/estree/-/estree-1.0.9.tgz 0ms (cache hit)
2743 http cache escape-string-regexp@https://registry.npmjs.org/escape-string-regexp/-/escape-string-regexp-4.0.0.tgz 0ms (cache hit)
2744 http cache find-up@https://registry.npmjs.org/find-up/-/find-up-5.0.0.tgz 0ms (cache hit)
2745 http cache @eslint-community/eslint-utils@https://registry.npmjs.org/@eslint-community/eslint-utils/-/eslint-utils-4.10.1.tgz 0ms (cache hit)
2746 http cache undici-types@https://registry.npmjs.org/undici-types/-/undici-types-6.21.0.tgz 0ms (cache hit)
2747 http cache csstype@https://registry.npmjs.org/csstype/-/csstype-3.2.3.tgz 0ms (cache hit)
2748 http cache @tailwindcss/oxide-darwin-arm64@https://registry.npmjs.org/@tailwindcss/oxide-darwin-arm64/-/oxide-darwin-arm64-4.3.3.tgz 0ms (cache hit)
2749 http cache @eslint-community/regexpp@https://registry.npmjs.org/@eslint-community/regexpp/-/regexpp-4.12.2.tgz 0ms (cache hit)
2750 http cache graceful-fs@https://registry.npmjs.org/graceful-fs/-/graceful-fs-4.2.11.tgz 0ms (cache hit)
2751 http cache @alloc/quick-lru@https://registry.npmjs.org/@alloc/quick-lru/-/quick-lru-5.2.0.tgz 0ms (cache hit)
2752 http cache @tailwindcss/oxide@https://registry.npmjs.org/@tailwindcss/oxide/-/oxide-4.3.3.tgz 0ms (cache hit)
2753 http cache ignore@https://registry.npmjs.org/ignore/-/ignore-7.0.6.tgz 0ms (cache hit)
2754 http cache glob-parent@https://registry.npmjs.org/glob-parent/-/glob-parent-5.1.2.tgz 0ms (cache hit)
2755 http cache @eslint-community/eslint-utils@https://registry.npmjs.org/@eslint-community/eslint-utils/-/eslint-utils-4.9.1.tgz 0ms (cache hit)
2756 silly tarball no local data for punycode@https://registry.npmjs.org/punycode/-/punycode-2.3.1.tgz. Extracting by manifest.
2757 silly tarball no local data for @unrs/resolver-binding-darwin-arm64@https://registry.npmjs.org/@unrs/resolver-binding-darwin-arm64/-/resolver-binding-darwin-arm64-1.12.2.tgz. Extracting by manifest.
2758 silly tarball no local data for @types/json5@https://registry.npmjs.org/@types/json5/-/json5-0.0.29.tgz. Extracting by manifest.
2759 silly tarball no local data for client-only@https://registry.npmjs.org/client-only/-/client-only-0.0.1.tgz. Extracting by manifest.
2760 silly tarball no local data for strip-bom@https://registry.npmjs.org/strip-bom/-/strip-bom-3.0.0.tgz. Extracting by manifest.
2761 silly tarball no local data for shebang-regex@https://registry.npmjs.org/shebang-regex/-/shebang-regex-3.0.0.tgz. Extracting by manifest.
2762 silly tarball no local data for has-flag@https://registry.npmjs.org/has-flag/-/has-flag-4.0.0.tgz. Extracting by manifest.
2763 silly tarball no local data for is-number@https://registry.npmjs.org/is-number/-/is-number-7.0.0.tgz. Extracting by manifest.
2764 silly tarball no local data for @img/colour@https://registry.npmjs.org/@img/colour/-/colour-1.1.0.tgz. Extracting by manifest.
2765 silly tarball no local data for isarray@https://registry.npmjs.org/isarray/-/isarray-2.0.5.tgz. Extracting by manifest.
2766 silly tarball no local data for path-parse@https://registry.npmjs.org/path-parse/-/path-parse-1.0.7.tgz. Extracting by manifest.
2767 silly tarball no local data for queue-microtask@https://registry.npmjs.org/queue-microtask/-/queue-microtask-1.2.3.tgz. Extracting by manifest.
2768 silly tarball no local data for object-assign@https://registry.npmjs.org/object-assign/-/object-assign-4.1.1.tgz. Extracting by manifest.
2769 silly tarball no local data for fast-levenshtein@https://registry.npmjs.org/fast-levenshtein/-/fast-levenshtein-2.0.6.tgz. Extracting by manifest.
2770 silly tarball no local data for word-wrap@https://registry.npmjs.org/word-wrap/-/word-wrap-1.2.5.tgz. Extracting by manifest.
2771 silly tarball no local data for yocto-queue@https://registry.npmjs.org/yocto-queue/-/yocto-queue-0.1.0.tgz. Extracting by manifest.
2772 silly tarball no local data for p-limit@https://registry.npmjs.org/p-limit/-/p-limit-3.1.0.tgz. Extracting by manifest.
2773 silly tarball no local data for @next/swc-darwin-arm64@https://registry.npmjs.org/@next/swc-darwin-arm64/-/swc-darwin-arm64-16.3.3.tgz. Extracting by manifest.
2774 http cache loose-envify@https://registry.npmjs.org/loose-envify/-/loose-envify-1.4.0.tgz 0ms (cache hit)
2775 silly tarball no local data for callsites@https://registry.npmjs.org/callsites/-/callsites-3.1.0.tgz. Extracting by manifest.
2776 silly tarball no local data for fill-range@https://registry.npmjs.org/fill-range/-/fill-range-7.1.1.tgz. Extracting by manifest.
2777 silly tarball no local data for to-regex-range@https://registry.npmjs.org/to-regex-range/-/to-regex-range-5.0.1.tgz. Extracting by manifest.
2778 silly tarball no local data for p-locate@https://registry.npmjs.org/p-locate/-/p-locate-5.0.0.tgz. Extracting by manifest.
2779 silly tarball no local data for brace-expansion@https://registry.npmjs.org/brace-expansion/-/brace-expansion-1.1.18.tgz. Extracting by manifest.
2780 silly tarball no local data for lightningcss-darwin-arm64@https://registry.npmjs.org/lightningcss-darwin-arm64/-/lightningcss-darwin-arm64-1.32.0.tgz. Extracting by manifest.
2781 silly tarball no local data for yallist@https://registry.npmjs.org/yallist/-/yallist-3.1.1.tgz. Extracting by manifest.
2782 silly tarball no local data for resolve-from@https://registry.npmjs.org/resolve-from/-/resolve-from-4.0.0.tgz. Extracting by manifest.
2783 silly tarball no local data for is-extglob@https://registry.npmjs.org/is-extglob/-/is-extglob-2.1.1.tgz. Extracting by manifest.
2784 silly tarball no local data for parent-module@https://registry.npmjs.org/parent-module/-/parent-module-1.0.1.tgz. Extracting by manifest.
2785 silly tarball no local data for path-exists@https://registry.npmjs.org/path-exists/-/path-exists-4.0.0.tgz. Extracting by manifest.
2786 silly tarball no local data for locate-path@https://registry.npmjs.org/locate-path/-/locate-path-6.0.0.tgz. Extracting by manifest.
2787 silly tarball no local data for micromatch@https://registry.npmjs.org/micromatch/-/micromatch-4.0.8.tgz. Extracting by manifest.
2788 silly tarball no local data for run-parallel@https://registry.npmjs.org/run-parallel/-/run-parallel-1.2.0.tgz. Extracting by manifest.
2789 silly tarball no local data for merge2@https://registry.npmjs.org/merge2/-/merge2-1.4.1.tgz. Extracting by manifest.
2790 silly tarball no local data for esrecurse@https://registry.npmjs.org/esrecurse/-/esrecurse-4.3.0.tgz. Extracting by manifest.
2791 silly tarball no local data for acorn-jsx@https://registry.npmjs.org/acorn-jsx/-/acorn-jsx-5.3.2.tgz. Extracting by manifest.
2792 silly tarball no local data for electron-to-chromium@https://registry.npmjs.org/electron-to-chromium/-/electron-to-chromium-1.5.416.tgz. Extracting by manifest.
2793 http cache browserslist@https://registry.npmjs.org/browserslist/-/browserslist-4.28.8.tgz 0ms (cache hit)
2794 silly tarball no local data for lru-cache@https://registry.npmjs.org/lru-cache/-/lru-cache-5.1.1.tgz. Extracting by manifest.
2795 silly tarball no local data for picocolors@https://registry.npmjs.org/picocolors/-/picocolors-1.1.1.tgz. Extracting by manifest.
2796 silly tarball no local data for convert-source-map@https://registry.npmjs.org/convert-source-map/-/convert-source-map-2.0.0.tgz. Extracting by manifest.
2797 http cache update-browserslist-db@https://registry.npmjs.org/update-browserslist-db/-/update-browserslist-db-1.3.2.tgz 0ms (cache hit)
2798 silly tarball no local data for js-tokens@https://registry.npmjs.org/js-tokens/-/js-tokens-4.0.0.tgz. Extracting by manifest.
2799 http cache globals@https://registry.npmjs.org/globals/-/globals-16.4.0.tgz 0ms (cache hit)
2800 silly tarball no local data for estraverse@https://registry.npmjs.org/estraverse/-/estraverse-5.3.0.tgz. Extracting by manifest.
2801 silly tarball no local data for eslint-module-utils@https://registry.npmjs.org/eslint-module-utils/-/eslint-module-utils-2.14.0.tgz. Extracting by manifest.
2802 silly tarball no local data for unrs-resolver@https://registry.npmjs.org/unrs-resolver/-/unrs-resolver-1.12.2.tgz. Extracting by manifest.
2803 silly tarball no local data for @rtsao/scc@https://registry.npmjs.org/@rtsao/scc/-/scc-1.1.0.tgz. Extracting by manifest.
2804 silly tarball no local data for @nolyfill/is-core-module@https://registry.npmjs.org/@nolyfill/is-core-module/-/is-core-module-1.0.39.tgz. Extracting by manifest.
2805 silly tarball no local data for path-key@https://registry.npmjs.org/path-key/-/path-key-3.1.1.tgz. Extracting by manifest.
2806 silly tarball no local data for ms@https://registry.npmjs.org/ms/-/ms-2.1.3.tgz. Extracting by manifest.
2807 silly tarball no local data for shebang-command@https://registry.npmjs.org/shebang-command/-/shebang-command-2.0.0.tgz. Extracting by manifest.
2808 silly tarball no local data for supports-color@https://registry.npmjs.org/supports-color/-/supports-color-7.2.0.tgz. Extracting by manifest.
2809 silly tarball no local data for ansi-styles@https://registry.npmjs.org/ansi-styles/-/ansi-styles-4.3.0.tgz. Extracting by manifest.
2810 silly tarball no local data for eslint-import-resolver-node@https://registry.npmjs.org/eslint-import-resolver-node/-/eslint-import-resolver-node-0.3.10.tgz. Extracting by manifest.
2811 silly tarball no local data for color-name@https://registry.npmjs.org/color-name/-/color-name-1.1.4.tgz. Extracting by manifest.
2812 silly tarball no local data for strip-json-comments@https://registry.npmjs.org/strip-json-comments/-/strip-json-comments-3.1.1.tgz. Extracting by manifest.
2813 silly tarball no local data for @types/json-schema@https://registry.npmjs.org/@types/json-schema/-/json-schema-7.0.15.tgz. Extracting by manifest.
2814 silly tarball no local data for globals@https://registry.npmjs.org/globals/-/globals-14.0.0.tgz. Extracting by manifest.
2815 silly tarball no local data for import-fresh@https://registry.npmjs.org/import-fresh/-/import-fresh-3.3.1.tgz. Extracting by manifest.
2816 silly tarball no local data for natural-compare@https://registry.npmjs.org/natural-compare/-/natural-compare-1.4.0.tgz. Extracting by manifest.
2817 silly tarball no local data for lodash.merge@https://registry.npmjs.org/lodash.merge/-/lodash.merge-4.6.2.tgz. Extracting by manifest.
2818 silly tarball no local data for imurmurhash@https://registry.npmjs.org/imurmurhash/-/imurmurhash-0.1.4.tgz. Extracting by manifest.
2819 silly tarball no local data for ignore@https://registry.npmjs.org/ignore/-/ignore-5.3.2.tgz. Extracting by manifest.
2820 silly tarball no local data for color-convert@https://registry.npmjs.org/color-convert/-/color-convert-2.0.1.tgz. Extracting by manifest.
2821 silly tarball no local data for file-entry-cache@https://registry.npmjs.org/file-entry-cache/-/file-entry-cache-8.0.0.tgz. Extracting by manifest.
2822 silly tarball no local data for minimatch@https://registry.npmjs.org/minimatch/-/minimatch-3.1.5.tgz. Extracting by manifest.
2823 silly tarball no local data for glob-parent@https://registry.npmjs.org/glob-parent/-/glob-parent-6.0.2.tgz. Extracting by manifest.
2824 silly tarball no local data for is-glob@https://registry.npmjs.org/is-glob/-/is-glob-4.0.3.tgz. Extracting by manifest.
2825 silly tarball no local data for @types/estree@https://registry.npmjs.org/@types/estree/-/estree-1.0.9.tgz. Extracting by manifest.
2826 silly tarball no local data for escape-string-regexp@https://registry.npmjs.org/escape-string-regexp/-/escape-string-regexp-4.0.0.tgz. Extracting by manifest.
2827 silly tarball no local data for find-up@https://registry.npmjs.org/find-up/-/find-up-5.0.0.tgz. Extracting by manifest.
2828 silly tarball no local data for @eslint-community/eslint-utils@https://registry.npmjs.org/@eslint-community/eslint-utils/-/eslint-utils-4.10.1.tgz. Extracting by manifest.
2829 silly tarball no local data for undici-types@https://registry.npmjs.org/undici-types/-/undici-types-6.21.0.tgz. Extracting by manifest.
2830 silly tarball no local data for @tailwindcss/oxide-darwin-arm64@https://registry.npmjs.org/@tailwindcss/oxide-darwin-arm64/-/oxide-darwin-arm64-4.3.3.tgz. Extracting by manifest.
2831 silly tarball no local data for csstype@https://registry.npmjs.org/csstype/-/csstype-3.2.3.tgz. Extracting by manifest.
2832 silly tarball no local data for @eslint-community/regexpp@https://registry.npmjs.org/@eslint-community/regexpp/-/regexpp-4.12.2.tgz. Extracting by manifest.
2833 silly tarball no local data for graceful-fs@https://registry.npmjs.org/graceful-fs/-/graceful-fs-4.2.11.tgz. Extracting by manifest.
2834 silly tarball no local data for @alloc/quick-lru@https://registry.npmjs.org/@alloc/quick-lru/-/quick-lru-5.2.0.tgz. Extracting by manifest.
2835 silly tarball no local data for @tailwindcss/oxide@https://registry.npmjs.org/@tailwindcss/oxide/-/oxide-4.3.3.tgz. Extracting by manifest.
2836 silly tarball no local data for ignore@https://registry.npmjs.org/ignore/-/ignore-7.0.6.tgz. Extracting by manifest.
2837 silly tarball no local data for glob-parent@https://registry.npmjs.org/glob-parent/-/glob-parent-5.1.2.tgz. Extracting by manifest.
2838 silly tarball no local data for @eslint-community/eslint-utils@https://registry.npmjs.org/@eslint-community/eslint-utils/-/eslint-utils-4.9.1.tgz. Extracting by manifest.
2839 silly tarball no local data for loose-envify@https://registry.npmjs.org/loose-envify/-/loose-envify-1.4.0.tgz. Extracting by manifest.
2840 silly tarball no local data for browserslist@https://registry.npmjs.org/browserslist/-/browserslist-4.28.8.tgz. Extracting by manifest.
2841 silly tarball no local data for update-browserslist-db@https://registry.npmjs.org/update-browserslist-db/-/update-browserslist-db-1.3.2.tgz. Extracting by manifest.
2842 silly tarball no local data for globals@https://registry.npmjs.org/globals/-/globals-16.4.0.tgz. Extracting by manifest.
2843 http cache is-weakset@https://registry.npmjs.org/is-weakset/-/is-weakset-2.0.4.tgz 0ms (cache hit)
2844 http cache is-map@https://registry.npmjs.org/is-map/-/is-map-2.0.3.tgz 0ms (cache hit)
2845 http cache is-weakmap@https://registry.npmjs.org/is-weakmap/-/is-weakmap-2.0.2.tgz 0ms (cache hit)
2846 http cache which-collection@https://registry.npmjs.org/which-collection/-/which-collection-1.0.2.tgz 0ms (cache hit)
2847 http cache generator-function@https://registry.npmjs.org/generator-function/-/generator-function-2.0.1.tgz 0ms (cache hit)
2848 http cache async-function@https://registry.npmjs.org/async-function/-/async-function-1.0.0.tgz 0ms (cache hit)
2849 http cache is-finalizationregistry@https://registry.npmjs.org/is-finalizationregistry/-/is-finalizationregistry-1.1.1.tgz 0ms (cache hit)
2850 http cache is-generator-function@https://registry.npmjs.org/is-generator-function/-/is-generator-function-1.1.2.tgz 0ms (cache hit)
2851 http cache is-bigint@https://registry.npmjs.org/is-bigint/-/is-bigint-1.1.0.tgz 0ms (cache hit)
2852 http cache is-number-object@https://registry.npmjs.org/is-number-object/-/is-number-object-1.1.1.tgz 0ms (cache hit)
2853 http cache is-async-function@https://registry.npmjs.org/is-async-function/-/is-async-function-2.1.1.tgz 0ms (cache hit)
2854 http cache is-boolean-object@https://registry.npmjs.org/is-boolean-object/-/is-boolean-object-1.2.2.tgz 0ms (cache hit)
2855 http cache isexe@https://registry.npmjs.org/isexe/-/isexe-2.0.0.tgz 0ms (cache hit)
2856 http cache @napi-rs/wasm-runtime@https://registry.npmjs.org/@napi-rs/wasm-runtime/-/wasm-runtime-1.2.3.tgz 0ms (cache hit)
2857 http cache which-boxed-primitive@https://registry.npmjs.org/which-boxed-primitive/-/which-boxed-primitive-1.1.1.tgz 0ms (cache hit)
2858 http cache @emnapi/wasi-threads@https://registry.npmjs.org/@emnapi/wasi-threads/-/wasi-threads-1.2.1.tgz 0ms (cache hit)
2859 http cache escalade@https://registry.npmjs.org/escalade/-/escalade-3.2.0.tgz 0ms (cache hit)
2860 http cache @emnapi/core@https://registry.npmjs.org/@emnapi/core/-/core-1.10.0.tgz 0ms (cache hit)
2861 http cache @typescript-eslint/project-service@https://registry.npmjs.org/@typescript-eslint/project-service/-/project-service-8.68.0.tgz 0ms (cache hit)
2862 http cache has-bigints@https://registry.npmjs.org/has-bigints/-/has-bigints-1.1.0.tgz 0ms (cache hit)
2863 http cache @typescript-eslint/tsconfig-utils@https://registry.npmjs.org/@typescript-eslint/tsconfig-utils/-/tsconfig-utils-8.68.0.tgz 0ms (cache hit)
2864 http cache ts-api-utils@https://registry.npmjs.org/ts-api-utils/-/ts-api-utils-2.5.0.tgz 0ms (cache hit)
2865 http cache @typescript-eslint/parser@https://registry.npmjs.org/@typescript-eslint/parser/-/parser-8.68.0.tgz 0ms (cache hit)
2866 http cache @typescript-eslint/visitor-keys@https://registry.npmjs.org/@typescript-eslint/visitor-keys/-/visitor-keys-8.68.0.tgz 0ms (cache hit)
2867 http cache which-builtin-type@https://registry.npmjs.org/which-builtin-type/-/which-builtin-type-1.2.1.tgz 0ms (cache hit)
2868 http cache reflect.getprototypeof@https://registry.npmjs.org/reflect.getprototypeof/-/reflect.getprototypeof-1.0.10.tgz 0ms (cache hit)
2869 http cache minimist@https://registry.npmjs.org/minimist/-/minimist-1.2.8.tgz 0ms (cache hit)
2870 http cache for-each@https://registry.npmjs.org/for-each/-/for-each-0.3.5.tgz 0ms (cache hit)
2871 http cache side-channel-weakmap@https://registry.npmjs.org/side-channel-weakmap/-/side-channel-weakmap-1.0.2.tgz 0ms (cache hit)
2872 http cache side-channel-map@https://registry.npmjs.org/side-channel-map/-/side-channel-map-1.0.1.tgz 0ms (cache hit)
2873 http cache @img/sharp-darwin-arm64@https://registry.npmjs.org/@img/sharp-darwin-arm64/-/sharp-darwin-arm64-0.35.4.tgz 0ms (cache hit)
2874 http cache supports-preserve-symlinks-flag@https://registry.npmjs.org/supports-preserve-symlinks-flag/-/supports-preserve-symlinks-flag-1.0.0.tgz 0ms (cache hit)
2875 http cache scheduler@https://registry.npmjs.org/scheduler/-/scheduler-0.27.0.tgz 0ms (cache hit)
2876 http cache @img/sharp-wasm32@https://registry.npmjs.org/@img/sharp-wasm32/-/sharp-wasm32-0.35.4.tgz 0ms (cache hit)
2877 http cache @emnapi/runtime@https://registry.npmjs.org/@emnapi/runtime/-/runtime-1.11.3.tgz 0ms (cache hit)
2878 http cache react-is@https://registry.npmjs.org/react-is/-/react-is-16.13.1.tgz 0ms (cache hit)
2879 http cache side-channel-list@https://registry.npmjs.org/side-channel-list/-/side-channel-list-1.0.1.tgz 0ms (cache hit)
2880 http cache node-exports-info@https://registry.npmjs.org/node-exports-info/-/node-exports-info-1.6.2.tgz 0ms (cache hit)
2881 http cache deep-is@https://registry.npmjs.org/deep-is/-/deep-is-0.1.4.tgz 0ms (cache hit)
2882 http cache @next/env@https://registry.npmjs.org/@next/env/-/env-16.3.3.tgz 0ms (cache hit)
2883 http cache tslib@https://registry.npmjs.org/tslib/-/tslib-2.8.1.tgz 0ms (cache hit)
2884 http fetch POST 200 https://registry.npmjs.org/-/npm/v1/security/advisories/bulk 392ms
2885 silly audit report {}
2886 http cache balanced-match@https://registry.npmjs.org/balanced-match/-/balanced-match-1.0.2.tgz 0ms (cache hit)
2887 http cache picomatch@https://registry.npmjs.org/picomatch/-/picomatch-2.3.2.tgz 0ms (cache hit)
2888 http cache concat-map@https://registry.npmjs.org/concat-map/-/concat-map-0.0.1.tgz 0ms (cache hit)
2889 http cache braces@https://registry.npmjs.org/braces/-/braces-3.0.3.tgz 0ms (cache hit)
2890 http cache type-check@https://registry.npmjs.org/type-check/-/type-check-0.4.0.tgz 0ms (cache hit)
2891 http cache prelude-ls@https://registry.npmjs.org/prelude-ls/-/prelude-ls-1.2.1.tgz 0ms (cache hit)
2892 http cache sharp@https://registry.npmjs.org/sharp/-/sharp-0.35.4.tgz 0ms (cache hit)
2893 http cache set-function-name@https://registry.npmjs.org/set-function-name/-/set-function-name-2.0.2.tgz 0ms (cache hit)
2894 http cache json-buffer@https://registry.npmjs.org/json-buffer/-/json-buffer-3.0.1.tgz 0ms (cache hit)
2895 http cache detect-libc@https://registry.npmjs.org/detect-libc/-/detect-libc-2.1.2.tgz 0ms (cache hit)
2896 http cache argparse@https://registry.npmjs.org/argparse/-/argparse-2.0.1.tgz 0ms (cache hit)
2897 http cache side-channel@https://registry.npmjs.org/side-channel/-/side-channel-1.1.1.tgz 0ms (cache hit)
2898 http cache resolve-pkg-maps@https://registry.npmjs.org/resolve-pkg-maps/-/resolve-pkg-maps-1.0.0.tgz 0ms (cache hit)
2899 http cache is-document.all@https://registry.npmjs.org/is-document.all/-/is-document.all-1.0.0.tgz 0ms (cache hit)
2900 http cache functions-have-names@https://registry.npmjs.org/functions-have-names/-/functions-have-names-1.2.3.tgz 0ms (cache hit)
2901 http cache dunder-proto@https://registry.npmjs.org/dunder-proto/-/dunder-proto-1.0.1.tgz 0ms (cache hit)
2902 http cache flat-cache@https://registry.npmjs.org/flat-cache/-/flat-cache-4.0.1.tgz 0ms (cache hit)
2903 http cache @babel/helper-string-parser@https://registry.npmjs.org/@babel/helper-string-parser/-/helper-string-parser-7.29.7.tgz 0ms (cache hit)
2904 http cache @babel/helper-globals@https://registry.npmjs.org/@babel/helper-globals/-/helper-globals-7.29.7.tgz 0ms (cache hit)
2905 http cache @babel/helper-module-imports@https://registry.npmjs.org/@babel/helper-module-imports/-/helper-module-imports-7.29.7.tgz 0ms (cache hit)
2906 http cache @babel/helper-validator-identifier@https://registry.npmjs.org/@babel/helper-validator-identifier/-/helper-validator-identifier-7.29.7.tgz 0ms (cache hit)
2907 http cache gensync@https://registry.npmjs.org/gensync/-/gensync-1.0.0-beta.2.tgz 0ms (cache hit)
2908 http cache keyv@https://registry.npmjs.org/keyv/-/keyv-4.5.4.tgz 0ms (cache hit)
2909 http cache @babel/helper-validator-option@https://registry.npmjs.org/@babel/helper-validator-option/-/helper-validator-option-7.29.7.tgz 0ms (cache hit)
2910 http cache @babel/helper-compilation-targets@https://registry.npmjs.org/@babel/helper-compilation-targets/-/helper-compilation-targets-7.29.7.tgz 0ms (cache hit)
2911 http cache @babel/helper-module-transforms@https://registry.npmjs.org/@babel/helper-module-transforms/-/helper-module-transforms-7.29.7.tgz 0ms (cache hit)
2912 http cache @babel/template@https://registry.npmjs.org/@babel/template/-/template-7.29.7.tgz 0ms (cache hit)
2913 http cache @babel/code-frame@https://registry.npmjs.org/@babel/code-frame/-/code-frame-7.29.7.tgz 0ms (cache hit)
2914 http cache iterator.prototype@https://registry.npmjs.org/iterator.prototype/-/iterator.prototype-1.1.5.tgz 0ms (cache hit)
2915 http cache zod-validation-error@https://registry.npmjs.org/zod-validation-error/-/zod-validation-error-4.0.2.tgz 0ms (cache hit)
2916 http cache prop-types@https://registry.npmjs.org/prop-types/-/prop-types-15.8.1.tgz 0ms (cache hit)
2917 http cache string.prototype.matchall@https://registry.npmjs.org/string.prototype.matchall/-/string.prototype.matchall-4.0.12.tgz 0ms (cache hit)
2918 http cache string.prototype.repeat@https://registry.npmjs.org/string.prototype.repeat/-/string.prototype.repeat-1.0.0.tgz 0ms (cache hit)
2919 http cache object.entries@https://registry.npmjs.org/object.entries/-/object.entries-1.1.9.tgz 0ms (cache hit)
2920 http cache @babel/compat-data@https://registry.npmjs.org/@babel/compat-data/-/compat-data-7.29.7.tgz 1ms (cache hit)
2921 http cache array.prototype.findlast@https://registry.npmjs.org/array.prototype.findlast/-/array.prototype.findlast-1.2.5.tgz 0ms (cache hit)
2922 http cache language-tags@https://registry.npmjs.org/language-tags/-/language-tags-1.0.9.tgz 0ms (cache hit)
2923 http cache array.prototype.tosorted@https://registry.npmjs.org/array.prototype.tosorted/-/array.prototype.tosorted-1.1.4.tgz 0ms (cache hit)
2924 http cache emoji-regex@https://registry.npmjs.org/emoji-regex/-/emoji-regex-9.2.2.tgz 0ms (cache hit)
2925 http cache ast-types-flow@https://registry.npmjs.org/ast-types-flow/-/ast-types-flow-0.0.8.tgz 0ms (cache hit)
2926 http cache damerau-levenshtein@https://registry.npmjs.org/damerau-levenshtein/-/damerau-levenshtein-1.0.8.tgz 0ms (cache hit)
2927 http cache is-symbol@https://registry.npmjs.org/is-symbol/-/is-symbol-1.1.1.tgz 0ms (cache hit)
2928 http cache is-date-object@https://registry.npmjs.org/is-date-object/-/is-date-object-1.1.0.tgz 0ms (cache hit)
2929 http cache possible-typed-array-names@https://registry.npmjs.org/possible-typed-array-names/-/possible-typed-array-names-1.1.0.tgz 0ms (cache hit)
2930 http cache es-abstract-get@https://registry.npmjs.org/es-abstract-get/-/es-abstract-get-1.0.0.tgz 0ms (cache hit)
2931 http cache typed-array-buffer@https://registry.npmjs.org/typed-array-buffer/-/typed-array-buffer-1.0.3.tgz 0ms (cache hit)
2932 http cache axe-core@https://registry.npmjs.org/axe-core/-/axe-core-4.13.0.tgz 0ms (cache hit)
2933 http cache typed-array-length@https://registry.npmjs.org/typed-array-length/-/typed-array-length-1.0.8.tgz 0ms (cache hit)
2934 http cache unbox-primitive@https://registry.npmjs.org/unbox-primitive/-/unbox-primitive-1.1.0.tgz 0ms (cache hit)
2935 http cache which-typed-array@https://registry.npmjs.org/which-typed-array/-/which-typed-array-1.1.22.tgz 0ms (cache hit)
2936 http cache safe-regex-test@https://registry.npmjs.org/safe-regex-test/-/safe-regex-test-1.1.0.tgz 0ms (cache hit)
2937 http cache typed-array-byte-offset@https://registry.npmjs.org/typed-array-byte-offset/-/typed-array-byte-offset-1.0.4.tgz 0ms (cache hit)
2938 http cache string.prototype.trim@https://registry.npmjs.org/string.prototype.trim/-/string.prototype.trim-1.2.11.tgz 0ms (cache hit)
2939 http cache stop-iteration-iterator@https://registry.npmjs.org/stop-iteration-iterator/-/stop-iteration-iterator-1.1.0.tgz 0ms (cache hit)
2940 http cache safe-push-apply@https://registry.npmjs.org/safe-push-apply/-/safe-push-apply-1.0.0.tgz 0ms (cache hit)
2941 http cache typed-array-byte-length@https://registry.npmjs.org/typed-array-byte-length/-/typed-array-byte-length-1.0.3.tgz 0ms (cache hit)
2942 http cache string.prototype.trimstart@https://registry.npmjs.org/string.prototype.trimstart/-/string.prototype.trimstart-1.0.8.tgz 0ms (cache hit)
2943 http cache regexp.prototype.flags@https://registry.npmjs.org/regexp.prototype.flags/-/regexp.prototype.flags-1.5.4.tgz 0ms (cache hit)
2944 http cache own-keys@https://registry.npmjs.org/own-keys/-/own-keys-1.0.2.tgz 0ms (cache hit)
2945 http cache safe-array-concat@https://registry.npmjs.org/safe-array-concat/-/safe-array-concat-1.1.4.tgz 0ms (cache hit)
2946 http cache is-weakref@https://registry.npmjs.org/is-weakref/-/is-weakref-1.1.1.tgz 0ms (cache hit)
2947 http cache is-set@https://registry.npmjs.org/is-set/-/is-set-2.0.3.tgz 0ms (cache hit)
2948 http cache is-shared-array-buffer@https://registry.npmjs.org/is-shared-array-buffer/-/is-shared-array-buffer-1.0.4.tgz 0ms (cache hit)
2949 http cache is-typed-array@https://registry.npmjs.org/is-typed-array/-/is-typed-array-1.1.15.tgz 0ms (cache hit)
2950 http cache set-proto@https://registry.npmjs.org/set-proto/-/set-proto-1.0.0.tgz 0ms (cache hit)
2951 http cache is-callable@https://registry.npmjs.org/is-callable/-/is-callable-1.2.7.tgz 0ms (cache hit)
2952 http cache is-negative-zero@https://registry.npmjs.org/is-negative-zero/-/is-negative-zero-2.0.3.tgz 0ms (cache hit)
2953 http cache has-proto@https://registry.npmjs.org/has-proto/-/has-proto-1.2.0.tgz 0ms (cache hit)
2954 http cache is-array-buffer@https://registry.npmjs.org/is-array-buffer/-/is-array-buffer-3.0.5.tgz 0ms (cache hit)
2955 http cache internal-slot@https://registry.npmjs.org/internal-slot/-/internal-slot-1.1.0.tgz 0ms (cache hit)
2956 http cache globalthis@https://registry.npmjs.org/globalthis/-/globalthis-1.0.4.tgz 0ms (cache hit)
2957 http cache is-regex@https://registry.npmjs.org/is-regex/-/is-regex-1.2.1.tgz 0ms (cache hit)
2958 http cache is-data-view@https://registry.npmjs.org/is-data-view/-/is-data-view-1.0.2.tgz 0ms (cache hit)
2959 http cache object.assign@https://registry.npmjs.org/object.assign/-/object.assign-4.1.7.tgz 0ms (cache hit)
2960 http cache es-set-tostringtag@https://registry.npmjs.org/es-set-tostringtag/-/es-set-tostringtag-2.1.0.tgz 0ms (cache hit)
2961 http cache function.prototype.name@https://registry.npmjs.org/function.prototype.name/-/function.prototype.name-1.2.0.tgz 0ms (cache hit)
2962 http cache get-symbol-description@https://registry.npmjs.org/get-symbol-description/-/get-symbol-description-1.1.0.tgz 0ms (cache hit)
2963 http cache get-proto@https://registry.npmjs.org/get-proto/-/get-proto-1.0.1.tgz 0ms (cache hit)
2964 http cache available-typed-arrays@https://registry.npmjs.org/available-typed-arrays/-/available-typed-arrays-1.0.7.tgz 0ms (cache hit)
2965 http cache data-view-byte-offset@https://registry.npmjs.org/data-view-byte-offset/-/data-view-byte-offset-1.0.1.tgz 0ms (cache hit)
2966 http cache array-buffer-byte-length@https://registry.npmjs.org/array-buffer-byte-length/-/array-buffer-byte-length-1.0.2.tgz 0ms (cache hit)
2967 http cache es-to-primitive@https://registry.npmjs.org/es-to-primitive/-/es-to-primitive-1.3.4.tgz 0ms (cache hit)
2968 http cache has-property-descriptors@https://registry.npmjs.org/has-property-descriptors/-/has-property-descriptors-1.0.2.tgz 0ms (cache hit)
2969 http cache arraybuffer.prototype.slice@https://registry.npmjs.org/arraybuffer.prototype.slice/-/arraybuffer.prototype.slice-1.0.4.tgz 0ms (cache hit)
2970 http cache define-data-property@https://registry.npmjs.org/define-data-property/-/define-data-property-1.1.4.tgz 0ms (cache hit)
2971 http cache data-view-buffer@https://registry.npmjs.org/data-view-buffer/-/data-view-buffer-1.0.2.tgz 0ms (cache hit)
2972 http cache object-keys@https://registry.npmjs.org/object-keys/-/object-keys-1.1.1.tgz 0ms (cache hit)
2973 http cache data-view-byte-length@https://registry.npmjs.org/data-view-byte-length/-/data-view-byte-length-1.0.2.tgz 0ms (cache hit)
2974 http cache call-bind-apply-helpers@https://registry.npmjs.org/call-bind-apply-helpers/-/call-bind-apply-helpers-1.0.2.tgz 0ms (cache hit)
2975 http cache gopd@https://registry.npmjs.org/gopd/-/gopd-1.2.0.tgz 0ms (cache hit)
2976 http cache get-intrinsic@https://registry.npmjs.org/get-intrinsic/-/get-intrinsic-1.3.0.tgz 0ms (cache hit)
2977 http cache es-errors@https://registry.npmjs.org/es-errors/-/es-errors-1.3.0.tgz 0ms (cache hit)
2978 http cache es-shim-unscopables@https://registry.npmjs.org/es-shim-unscopables/-/es-shim-unscopables-1.1.0.tgz 0ms (cache hit)
2979 http cache es-define-property@https://registry.npmjs.org/es-define-property/-/es-define-property-1.0.1.tgz 0ms (cache hit)
2980 http cache set-function-length@https://registry.npmjs.org/set-function-length/-/set-function-length-1.2.2.tgz 0ms (cache hit)
2981 http cache is-string@https://registry.npmjs.org/is-string/-/is-string-1.1.1.tgz 0ms (cache hit)
2982 http cache math-intrinsics@https://registry.npmjs.org/math-intrinsics/-/math-intrinsics-1.1.0.tgz 0ms (cache hit)
2983 http cache define-properties@https://registry.npmjs.org/define-properties/-/define-properties-1.2.1.tgz 0ms (cache hit)
2984 http cache es-object-atoms@https://registry.npmjs.org/es-object-atoms/-/es-object-atoms-1.1.2.tgz 0ms (cache hit)
2985 http cache function-bind@https://registry.npmjs.org/function-bind/-/function-bind-1.1.2.tgz 0ms (cache hit)
2986 http cache call-bind@https://registry.npmjs.org/call-bind/-/call-bind-1.0.9.tgz 0ms (cache hit)
2987 http cache call-bound@https://registry.npmjs.org/call-bound/-/call-bound-1.0.4.tgz 0ms (cache hit)
2988 http cache object.fromentries@https://registry.npmjs.org/object.fromentries/-/object.fromentries-2.0.8.tgz 0ms (cache hit)
2989 http cache hasown@https://registry.npmjs.org/hasown/-/hasown-2.0.4.tgz 0ms (cache hit)
2990 http cache string.prototype.trimend@https://registry.npmjs.org/string.prototype.trimend/-/string.prototype.trimend-1.0.10.tgz 0ms (cache hit)
2991 http cache array.prototype.flat@https://registry.npmjs.org/array.prototype.flat/-/array.prototype.flat-1.3.3.tgz 0ms (cache hit)
2992 http cache object.groupby@https://registry.npmjs.org/object.groupby/-/object.groupby-1.0.3.tgz 0ms (cache hit)
2993 http cache object.values@https://registry.npmjs.org/object.values/-/object.values-1.2.1.tgz 0ms (cache hit)
2994 http cache array-includes@https://registry.npmjs.org/array-includes/-/array-includes-3.1.9.tgz 0ms (cache hit)
2995 http cache doctrine@https://registry.npmjs.org/doctrine/-/doctrine-2.1.0.tgz 0ms (cache hit)
2996 http cache array.prototype.findlastindex@https://registry.npmjs.org/array.prototype.findlastindex/-/array.prototype.findlastindex-1.2.6.tgz 0ms (cache hit)
2997 http cache is-bun-module@https://registry.npmjs.org/is-bun-module/-/is-bun-module-2.0.0.tgz 0ms (cache hit)
2998 http cache tinyglobby@https://registry.npmjs.org/tinyglobby/-/tinyglobby-0.2.17.tgz 0ms (cache hit)
2999 http cache array.prototype.flatmap@https://registry.npmjs.org/array.prototype.flatmap/-/array.prototype.flatmap-1.3.3.tgz 0ms (cache hit)
3000 http cache is-core-module@https://registry.npmjs.org/is-core-module/-/is-core-module-2.16.2.tgz 0ms (cache hit)
3001 http cache stable-hash@https://registry.npmjs.org/stable-hash/-/stable-hash-0.0.5.tgz 0ms (cache hit)
3002 http cache get-tsconfig@https://registry.npmjs.org/get-tsconfig/-/get-tsconfig-4.14.3.tgz 0ms (cache hit)
3003 http cache eslint-plugin-react-hooks@https://registry.npmjs.org/eslint-plugin-react-hooks/-/eslint-plugin-react-hooks-7.1.1.tgz 0ms (cache hit)
3004 http cache typescript-eslint@https://registry.npmjs.org/typescript-eslint/-/typescript-eslint-8.68.0.tgz 0ms (cache hit)
3005 http cache fast-json-stable-stringify@https://registry.npmjs.org/fast-json-stable-stringify/-/fast-json-stable-stringify-2.1.0.tgz 0ms (cache hit)
3006 http cache eslint-import-resolver-typescript@https://registry.npmjs.org/eslint-import-resolver-typescript/-/eslint-import-resolver-typescript-3.10.1.tgz 0ms (cache hit)
3007 http cache levn@https://registry.npmjs.org/levn/-/levn-0.4.1.tgz 0ms (cache hit)
3008 http cache optionator@https://registry.npmjs.org/optionator/-/optionator-0.9.4.tgz 0ms (cache hit)
3009 http cache @humanfs/core@https://registry.npmjs.org/@humanfs/core/-/core-0.19.2.tgz 0ms (cache hit)
3010 http cache @humanfs/types@https://registry.npmjs.org/@humanfs/types/-/types-0.15.0.tgz 0ms (cache hit)
3011 http cache fast-deep-equal@https://registry.npmjs.org/fast-deep-equal/-/fast-deep-equal-3.1.3.tgz 0ms (cache hit)
3012 http cache esutils@https://registry.npmjs.org/esutils/-/esutils-2.0.3.tgz 0ms (cache hit)
3013 http cache eslint-visitor-keys@https://registry.npmjs.org/eslint-visitor-keys/-/eslint-visitor-keys-4.2.1.tgz 0ms (cache hit)
3014 http cache json-stable-stringify-without-jsonify@https://registry.npmjs.org/json-stable-stringify-without-jsonify/-/json-stable-stringify-without-jsonify-1.0.1.tgz 0ms (cache hit)
3015 http cache eslint-scope@https://registry.npmjs.org/eslint-scope/-/eslint-scope-8.4.0.tgz 0ms (cache hit)
3016 http cache @humanwhocodes/retry@https://registry.npmjs.org/@humanwhocodes/retry/-/retry-0.4.3.tgz 0ms (cache hit)
3017 http cache esquery@https://registry.npmjs.org/esquery/-/esquery-1.7.0.tgz 0ms (cache hit)
3018 http cache @humanwhocodes/module-importer@https://registry.npmjs.org/@humanwhocodes/module-importer/-/module-importer-1.0.1.tgz 0ms (cache hit)
3019 http cache chalk@https://registry.npmjs.org/chalk/-/chalk-4.1.2.tgz 0ms (cache hit)
3020 http cache espree@https://registry.npmjs.org/espree/-/espree-10.4.0.tgz 0ms (cache hit)
3021 http cache debug@https://registry.npmjs.org/debug/-/debug-4.4.3.tgz 0ms (cache hit)
3022 http cache @humanfs/node@https://registry.npmjs.org/@humanfs/node/-/node-0.16.8.tgz 0ms (cache hit)
3023 http cache tapable@https://registry.npmjs.org/tapable/-/tapable-2.3.3.tgz 0ms (cache hit)
3024 http cache source-map-js@https://registry.npmjs.org/source-map-js/-/source-map-js-1.2.1.tgz 0ms (cache hit)
3025 http cache @jridgewell/sourcemap-codec@https://registry.npmjs.org/@jridgewell/sourcemap-codec/-/sourcemap-codec-1.6.0.tgz 0ms (cache hit)
3026 http cache lightningcss@https://registry.npmjs.org/lightningcss/-/lightningcss-1.32.0.tgz 0ms (cache hit)
3027 http cache magic-string@https://registry.npmjs.org/magic-string/-/magic-string-0.30.21.tgz 0ms (cache hit)
3028 http cache @jridgewell/trace-mapping@https://registry.npmjs.org/@jridgewell/trace-mapping/-/trace-mapping-0.3.31.tgz 0ms (cache hit)
3029 http cache @types/react-dom@https://registry.npmjs.org/@types/react-dom/-/react-dom-19.2.5.tgz 0ms (cache hit)
3030 http cache @jridgewell/remapping@https://registry.npmjs.org/@jridgewell/remapping/-/remapping-2.3.5.tgz 0ms (cache hit)
3031 http cache @types/react@https://registry.npmjs.org/@types/react/-/react-19.2.18.tgz 0ms (cache hit)
3032 http cache react-dom@https://registry.npmjs.org/react-dom/-/react-dom-19.2.8.tgz 0ms (cache hit)
3033 http cache tailwindcss@https://registry.npmjs.org/tailwindcss/-/tailwindcss-4.3.3.tgz 0ms (cache hit)
3034 http cache postcss@https://registry.npmjs.org/postcss/-/postcss-8.5.26.tgz 0ms (cache hit)
3035 http cache react@https://registry.npmjs.org/react/-/react-19.2.8.tgz 0ms (cache hit)
3036 http cache @tailwindcss/node@https://registry.npmjs.org/@tailwindcss/node/-/node-4.3.3.tgz 0ms (cache hit)
3037 http cache @types/node@https://registry.npmjs.org/@types/node/-/node-20.19.43.tgz 0ms (cache hit)
3038 http cache eslint-config-next@https://registry.npmjs.org/eslint-config-next/-/eslint-config-next-16.3.3.tgz 0ms (cache hit)
3039 http cache @tailwindcss/postcss@https://registry.npmjs.org/@tailwindcss/postcss/-/postcss-4.3.3.tgz 0ms (cache hit)
3040 http cache @emnapi/runtime@https://registry.npmjs.org/@emnapi/runtime/-/runtime-1.10.0.tgz 0ms (cache hit)
3041 http cache eslint-visitor-keys@https://registry.npmjs.org/eslint-visitor-keys/-/eslint-visitor-keys-5.0.1.tgz 0ms (cache hit)
3042 http cache debug@https://registry.npmjs.org/debug/-/debug-3.2.7.tgz 0ms (cache hit)
3043 http cache picomatch@https://registry.npmjs.org/picomatch/-/picomatch-4.0.7.tgz 0ms (cache hit)
3044 silly tarball no local data for is-weakset@https://registry.npmjs.org/is-weakset/-/is-weakset-2.0.4.tgz. Extracting by manifest.
3045 silly tarball no local data for is-map@https://registry.npmjs.org/is-map/-/is-map-2.0.3.tgz. Extracting by manifest.
3046 silly tarball no local data for is-weakmap@https://registry.npmjs.org/is-weakmap/-/is-weakmap-2.0.2.tgz. Extracting by manifest.
3047 silly tarball no local data for which-collection@https://registry.npmjs.org/which-collection/-/which-collection-1.0.2.tgz. Extracting by manifest.
3048 silly tarball no local data for generator-function@https://registry.npmjs.org/generator-function/-/generator-function-2.0.1.tgz. Extracting by manifest.
3049 silly tarball no local data for async-function@https://registry.npmjs.org/async-function/-/async-function-1.0.0.tgz. Extracting by manifest.
3050 silly tarball no local data for is-finalizationregistry@https://registry.npmjs.org/is-finalizationregistry/-/is-finalizationregistry-1.1.1.tgz. Extracting by manifest.
3051 silly tarball no local data for is-bigint@https://registry.npmjs.org/is-bigint/-/is-bigint-1.1.0.tgz. Extracting by manifest.
3052 silly tarball no local data for is-generator-function@https://registry.npmjs.org/is-generator-function/-/is-generator-function-1.1.2.tgz. Extracting by manifest.
3053 silly tarball no local data for is-async-function@https://registry.npmjs.org/is-async-function/-/is-async-function-2.1.1.tgz. Extracting by manifest.
3054 silly tarball no local data for is-number-object@https://registry.npmjs.org/is-number-object/-/is-number-object-1.1.1.tgz. Extracting by manifest.
3055 http cache debug@https://registry.npmjs.org/debug/-/debug-3.2.7.tgz 0ms (cache hit)
3056 silly tarball no local data for is-boolean-object@https://registry.npmjs.org/is-boolean-object/-/is-boolean-object-1.2.2.tgz. Extracting by manifest.
3057 http cache fdir@https://registry.npmjs.org/fdir/-/fdir-6.5.0.tgz 0ms (cache hit)
3058 silly tarball no local data for isexe@https://registry.npmjs.org/isexe/-/isexe-2.0.0.tgz. Extracting by manifest.
3059 silly tarball no local data for @napi-rs/wasm-runtime@https://registry.npmjs.org/@napi-rs/wasm-runtime/-/wasm-runtime-1.2.3.tgz. Extracting by manifest.
3060 silly tarball no local data for @emnapi/wasi-threads@https://registry.npmjs.org/@emnapi/wasi-threads/-/wasi-threads-1.2.1.tgz. Extracting by manifest.
3061 silly tarball no local data for which-boxed-primitive@https://registry.npmjs.org/which-boxed-primitive/-/which-boxed-primitive-1.1.1.tgz. Extracting by manifest.
3062 http cache debug@https://registry.npmjs.org/debug/-/debug-3.2.7.tgz 0ms (cache hit)
3063 silly tarball no local data for escalade@https://registry.npmjs.org/escalade/-/escalade-3.2.0.tgz. Extracting by manifest.
3064 silly tarball no local data for @emnapi/core@https://registry.npmjs.org/@emnapi/core/-/core-1.10.0.tgz. Extracting by manifest.
3065 silly tarball no local data for @typescript-eslint/project-service@https://registry.npmjs.org/@typescript-eslint/project-service/-/project-service-8.68.0.tgz. Extracting by manifest.
3066 silly tarball no local data for has-bigints@https://registry.npmjs.org/has-bigints/-/has-bigints-1.1.0.tgz. Extracting by manifest.
3067 silly tarball no local data for @typescript-eslint/tsconfig-utils@https://registry.npmjs.org/@typescript-eslint/tsconfig-utils/-/tsconfig-utils-8.68.0.tgz. Extracting by manifest.
3068 silly tarball no local data for ts-api-utils@https://registry.npmjs.org/ts-api-utils/-/ts-api-utils-2.5.0.tgz. Extracting by manifest.
3069 silly tarball no local data for @typescript-eslint/parser@https://registry.npmjs.org/@typescript-eslint/parser/-/parser-8.68.0.tgz. Extracting by manifest.
3070 http cache napi-postinstall@https://registry.npmjs.org/napi-postinstall/-/napi-postinstall-0.3.4.tgz 0ms (cache hit)
3071 silly tarball no local data for @typescript-eslint/visitor-keys@https://registry.npmjs.org/@typescript-eslint/visitor-keys/-/visitor-keys-8.68.0.tgz. Extracting by manifest.
3072 silly tarball no local data for which-builtin-type@https://registry.npmjs.org/which-builtin-type/-/which-builtin-type-1.2.1.tgz. Extracting by manifest.
3073 http cache eslint-visitor-keys@https://registry.npmjs.org/eslint-visitor-keys/-/eslint-visitor-keys-3.4.3.tgz 0ms (cache hit)
3074 silly tarball no local data for reflect.getprototypeof@https://registry.npmjs.org/reflect.getprototypeof/-/reflect.getprototypeof-1.0.10.tgz. Extracting by manifest.
3075 silly tarball no local data for minimist@https://registry.npmjs.org/minimist/-/minimist-1.2.8.tgz. Extracting by manifest.
3076 silly tarball no local data for for-each@https://registry.npmjs.org/for-each/-/for-each-0.3.5.tgz. Extracting by manifest.
3077 silly tarball no local data for side-channel-map@https://registry.npmjs.org/side-channel-map/-/side-channel-map-1.0.1.tgz. Extracting by manifest.
3078 silly tarball no local data for side-channel-weakmap@https://registry.npmjs.org/side-channel-weakmap/-/side-channel-weakmap-1.0.2.tgz. Extracting by manifest.
3079 silly tarball no local data for @img/sharp-darwin-arm64@https://registry.npmjs.org/@img/sharp-darwin-arm64/-/sharp-darwin-arm64-0.35.4.tgz. Extracting by manifest.
3080 silly tarball no local data for supports-preserve-symlinks-flag@https://registry.npmjs.org/supports-preserve-symlinks-flag/-/supports-preserve-symlinks-flag-1.0.0.tgz. Extracting by manifest.
3081 silly tarball no local data for scheduler@https://registry.npmjs.org/scheduler/-/scheduler-0.27.0.tgz. Extracting by manifest.
3082 silly tarball no local data for @img/sharp-wasm32@https://registry.npmjs.org/@img/sharp-wasm32/-/sharp-wasm32-0.35.4.tgz. Extracting by manifest.
3083 silly tarball no local data for react-is@https://registry.npmjs.org/react-is/-/react-is-16.13.1.tgz. Extracting by manifest.
3084 silly tarball no local data for @emnapi/runtime@https://registry.npmjs.org/@emnapi/runtime/-/runtime-1.11.3.tgz. Extracting by manifest.
3085 silly tarball no local data for side-channel-list@https://registry.npmjs.org/side-channel-list/-/side-channel-list-1.0.1.tgz. Extracting by manifest.
3086 silly tarball no local data for node-exports-info@https://registry.npmjs.org/node-exports-info/-/node-exports-info-1.6.2.tgz. Extracting by manifest.
3087 http cache eslint-visitor-keys@https://registry.npmjs.org/eslint-visitor-keys/-/eslint-visitor-keys-3.4.3.tgz 0ms (cache hit)
3088 silly tarball no local data for deep-is@https://registry.npmjs.org/deep-is/-/deep-is-0.1.4.tgz. Extracting by manifest.
3089 silly tarball no local data for @next/env@https://registry.npmjs.org/@next/env/-/env-16.3.3.tgz. Extracting by manifest.
3090 silly tarball no local data for tslib@https://registry.npmjs.org/tslib/-/tslib-2.8.1.tgz. Extracting by manifest.
3091 http cache nanoid@https://registry.npmjs.org/nanoid/-/nanoid-3.3.18.tgz 0ms (cache hit)
3092 silly tarball no local data for balanced-match@https://registry.npmjs.org/balanced-match/-/balanced-match-1.0.2.tgz. Extracting by manifest.
3093 silly tarball no local data for picomatch@https://registry.npmjs.org/picomatch/-/picomatch-2.3.2.tgz. Extracting by manifest.
3094 silly tarball no local data for concat-map@https://registry.npmjs.org/concat-map/-/concat-map-0.0.1.tgz. Extracting by manifest.
3095 silly tarball no local data for braces@https://registry.npmjs.org/braces/-/braces-3.0.3.tgz. Extracting by manifest.
3096 silly tarball no local data for type-check@https://registry.npmjs.org/type-check/-/type-check-0.4.0.tgz. Extracting by manifest.
3097 silly tarball no local data for prelude-ls@https://registry.npmjs.org/prelude-ls/-/prelude-ls-1.2.1.tgz. Extracting by manifest.
3098 silly tarball no local data for sharp@https://registry.npmjs.org/sharp/-/sharp-0.35.4.tgz. Extracting by manifest.
3099 silly tarball no local data for set-function-name@https://registry.npmjs.org/set-function-name/-/set-function-name-2.0.2.tgz. Extracting by manifest.
3100 silly tarball no local data for json-buffer@https://registry.npmjs.org/json-buffer/-/json-buffer-3.0.1.tgz. Extracting by manifest.
3101 silly tarball no local data for detect-libc@https://registry.npmjs.org/detect-libc/-/detect-libc-2.1.2.tgz. Extracting by manifest.
3102 silly tarball no local data for side-channel@https://registry.npmjs.org/side-channel/-/side-channel-1.1.1.tgz. Extracting by manifest.
3103 silly tarball no local data for argparse@https://registry.npmjs.org/argparse/-/argparse-2.0.1.tgz. Extracting by manifest.
3104 silly tarball no local data for resolve-pkg-maps@https://registry.npmjs.org/resolve-pkg-maps/-/resolve-pkg-maps-1.0.0.tgz. Extracting by manifest.
3105 silly tarball no local data for is-document.all@https://registry.npmjs.org/is-document.all/-/is-document.all-1.0.0.tgz. Extracting by manifest.
3106 silly tarball no local data for functions-have-names@https://registry.npmjs.org/functions-have-names/-/functions-have-names-1.2.3.tgz. Extracting by manifest.
3107 silly tarball no local data for dunder-proto@https://registry.npmjs.org/dunder-proto/-/dunder-proto-1.0.1.tgz. Extracting by manifest.
3108 silly tarball no local data for flat-cache@https://registry.npmjs.org/flat-cache/-/flat-cache-4.0.1.tgz. Extracting by manifest.
3109 http cache acorn@https://registry.npmjs.org/acorn/-/acorn-8.18.0.tgz 0ms (cache hit)
3110 silly tarball no local data for @babel/helper-string-parser@https://registry.npmjs.org/@babel/helper-string-parser/-/helper-string-parser-7.29.7.tgz. Extracting by manifest.
3111 silly tarball no local data for @babel/helper-globals@https://registry.npmjs.org/@babel/helper-globals/-/helper-globals-7.29.7.tgz. Extracting by manifest.
3112 silly tarball no local data for @babel/helper-module-imports@https://registry.npmjs.org/@babel/helper-module-imports/-/helper-module-imports-7.29.7.tgz. Extracting by manifest.
3113 http cache postcss@https://registry.npmjs.org/postcss/-/postcss-8.5.23.tgz 0ms (cache hit)
3114 http cache baseline-browser-mapping@https://registry.npmjs.org/baseline-browser-mapping/-/baseline-browser-mapping-2.11.20.tgz 1ms (cache hit)
3115 silly tarball no local data for gensync@https://registry.npmjs.org/gensync/-/gensync-1.0.0-beta.2.tgz. Extracting by manifest.
3116 silly tarball no local data for @babel/helper-validator-identifier@https://registry.npmjs.org/@babel/helper-validator-identifier/-/helper-validator-identifier-7.29.7.tgz. Extracting by manifest.
3117 http cache jsesc@https://registry.npmjs.org/jsesc/-/jsesc-3.1.0.tgz 0ms (cache hit)
3118 silly tarball no local data for keyv@https://registry.npmjs.org/keyv/-/keyv-4.5.4.tgz. Extracting by manifest.
3119 http cache json5@https://registry.npmjs.org/json5/-/json5-2.2.3.tgz 0ms (cache hit)
3120 silly tarball no local data for @babel/helper-validator-option@https://registry.npmjs.org/@babel/helper-validator-option/-/helper-validator-option-7.29.7.tgz. Extracting by manifest.
3121 silly tarball no local data for @babel/helper-compilation-targets@https://registry.npmjs.org/@babel/helper-compilation-targets/-/helper-compilation-targets-7.29.7.tgz. Extracting by manifest.
3122 silly tarball no local data for @babel/helper-module-transforms@https://registry.npmjs.org/@babel/helper-module-transforms/-/helper-module-transforms-7.29.7.tgz. Extracting by manifest.
3123 silly tarball no local data for @babel/template@https://registry.npmjs.org/@babel/template/-/template-7.29.7.tgz. Extracting by manifest.
3124 silly tarball no local data for @babel/code-frame@https://registry.npmjs.org/@babel/code-frame/-/code-frame-7.29.7.tgz. Extracting by manifest.
3125 silly tarball no local data for iterator.prototype@https://registry.npmjs.org/iterator.prototype/-/iterator.prototype-1.1.5.tgz. Extracting by manifest.
3126 silly tarball no local data for zod-validation-error@https://registry.npmjs.org/zod-validation-error/-/zod-validation-error-4.0.2.tgz. Extracting by manifest.
3127 http cache @babel/parser@https://registry.npmjs.org/@babel/parser/-/parser-7.29.8.tgz 0ms (cache hit)
3128 silly tarball no local data for prop-types@https://registry.npmjs.org/prop-types/-/prop-types-15.8.1.tgz. Extracting by manifest.
3129 silly tarball no local data for string.prototype.matchall@https://registry.npmjs.org/string.prototype.matchall/-/string.prototype.matchall-4.0.12.tgz. Extracting by manifest.
3130 silly tarball no local data for string.prototype.repeat@https://registry.npmjs.org/string.prototype.repeat/-/string.prototype.repeat-1.0.0.tgz. Extracting by manifest.
3131 silly tarball no local data for object.entries@https://registry.npmjs.org/object.entries/-/object.entries-1.1.9.tgz. Extracting by manifest.
3132 silly tarball no local data for @babel/compat-data@https://registry.npmjs.org/@babel/compat-data/-/compat-data-7.29.7.tgz. Extracting by manifest.
3133 silly tarball no local data for array.prototype.findlast@https://registry.npmjs.org/array.prototype.findlast/-/array.prototype.findlast-1.2.5.tgz. Extracting by manifest.
3134 silly tarball no local data for language-tags@https://registry.npmjs.org/language-tags/-/language-tags-1.0.9.tgz. Extracting by manifest.
3135 silly tarball no local data for array.prototype.tosorted@https://registry.npmjs.org/array.prototype.tosorted/-/array.prototype.tosorted-1.1.4.tgz. Extracting by manifest.
3136 silly tarball no local data for emoji-regex@https://registry.npmjs.org/emoji-regex/-/emoji-regex-9.2.2.tgz. Extracting by manifest.
3137 silly tarball no local data for ast-types-flow@https://registry.npmjs.org/ast-types-flow/-/ast-types-flow-0.0.8.tgz. Extracting by manifest.
3138 silly tarball no local data for damerau-levenshtein@https://registry.npmjs.org/damerau-levenshtein/-/damerau-levenshtein-1.0.8.tgz. Extracting by manifest.
3139 silly tarball no local data for is-symbol@https://registry.npmjs.org/is-symbol/-/is-symbol-1.1.1.tgz. Extracting by manifest.
3140 silly tarball no local data for is-date-object@https://registry.npmjs.org/is-date-object/-/is-date-object-1.1.0.tgz. Extracting by manifest.
3141 silly tarball no local data for es-abstract-get@https://registry.npmjs.org/es-abstract-get/-/es-abstract-get-1.0.0.tgz. Extracting by manifest.
3142 silly tarball no local data for possible-typed-array-names@https://registry.npmjs.org/possible-typed-array-names/-/possible-typed-array-names-1.1.0.tgz. Extracting by manifest.
3143 silly tarball no local data for typed-array-buffer@https://registry.npmjs.org/typed-array-buffer/-/typed-array-buffer-1.0.3.tgz. Extracting by manifest.
3144 silly tarball no local data for axe-core@https://registry.npmjs.org/axe-core/-/axe-core-4.13.0.tgz. Extracting by manifest.
3145 silly tarball no local data for typed-array-length@https://registry.npmjs.org/typed-array-length/-/typed-array-length-1.0.8.tgz. Extracting by manifest.
3146 silly tarball no local data for unbox-primitive@https://registry.npmjs.org/unbox-primitive/-/unbox-primitive-1.1.0.tgz. Extracting by manifest.
3147 silly tarball no local data for which-typed-array@https://registry.npmjs.org/which-typed-array/-/which-typed-array-1.1.22.tgz. Extracting by manifest.
3148 silly tarball no local data for safe-regex-test@https://registry.npmjs.org/safe-regex-test/-/safe-regex-test-1.1.0.tgz. Extracting by manifest.
3149 silly tarball no local data for typed-array-byte-offset@https://registry.npmjs.org/typed-array-byte-offset/-/typed-array-byte-offset-1.0.4.tgz. Extracting by manifest.
3150 silly tarball no local data for string.prototype.trim@https://registry.npmjs.org/string.prototype.trim/-/string.prototype.trim-1.2.11.tgz. Extracting by manifest.
3151 silly tarball no local data for stop-iteration-iterator@https://registry.npmjs.org/stop-iteration-iterator/-/stop-iteration-iterator-1.1.0.tgz. Extracting by manifest.
3152 silly tarball no local data for safe-push-apply@https://registry.npmjs.org/safe-push-apply/-/safe-push-apply-1.0.0.tgz. Extracting by manifest.
3153 silly tarball no local data for typed-array-byte-length@https://registry.npmjs.org/typed-array-byte-length/-/typed-array-byte-length-1.0.3.tgz. Extracting by manifest.
3154 silly tarball no local data for string.prototype.trimstart@https://registry.npmjs.org/string.prototype.trimstart/-/string.prototype.trimstart-1.0.8.tgz. Extracting by manifest.
3155 silly tarball no local data for regexp.prototype.flags@https://registry.npmjs.org/regexp.prototype.flags/-/regexp.prototype.flags-1.5.4.tgz. Extracting by manifest.
3156 silly tarball no local data for own-keys@https://registry.npmjs.org/own-keys/-/own-keys-1.0.2.tgz. Extracting by manifest.
3157 silly tarball no local data for safe-array-concat@https://registry.npmjs.org/safe-array-concat/-/safe-array-concat-1.1.4.tgz. Extracting by manifest.
3158 silly tarball no local data for is-weakref@https://registry.npmjs.org/is-weakref/-/is-weakref-1.1.1.tgz. Extracting by manifest.
3159 silly tarball no local data for is-set@https://registry.npmjs.org/is-set/-/is-set-2.0.3.tgz. Extracting by manifest.
3160 silly tarball no local data for is-shared-array-buffer@https://registry.npmjs.org/is-shared-array-buffer/-/is-shared-array-buffer-1.0.4.tgz. Extracting by manifest.
3161 silly tarball no local data for is-typed-array@https://registry.npmjs.org/is-typed-array/-/is-typed-array-1.1.15.tgz. Extracting by manifest.
3162 silly tarball no local data for set-proto@https://registry.npmjs.org/set-proto/-/set-proto-1.0.0.tgz. Extracting by manifest.
3163 silly tarball no local data for is-negative-zero@https://registry.npmjs.org/is-negative-zero/-/is-negative-zero-2.0.3.tgz. Extracting by manifest.
3164 silly tarball no local data for is-callable@https://registry.npmjs.org/is-callable/-/is-callable-1.2.7.tgz. Extracting by manifest.
3165 silly tarball no local data for has-proto@https://registry.npmjs.org/has-proto/-/has-proto-1.2.0.tgz. Extracting by manifest.
3166 silly tarball no local data for is-array-buffer@https://registry.npmjs.org/is-array-buffer/-/is-array-buffer-3.0.5.tgz. Extracting by manifest.
3167 silly tarball no local data for internal-slot@https://registry.npmjs.org/internal-slot/-/internal-slot-1.1.0.tgz. Extracting by manifest.
3168 silly tarball no local data for globalthis@https://registry.npmjs.org/globalthis/-/globalthis-1.0.4.tgz. Extracting by manifest.
3169 silly tarball no local data for is-regex@https://registry.npmjs.org/is-regex/-/is-regex-1.2.1.tgz. Extracting by manifest.
3170 silly tarball no local data for is-data-view@https://registry.npmjs.org/is-data-view/-/is-data-view-1.0.2.tgz. Extracting by manifest.
3171 silly tarball no local data for object.assign@https://registry.npmjs.org/object.assign/-/object.assign-4.1.7.tgz. Extracting by manifest.
3172 silly tarball no local data for es-set-tostringtag@https://registry.npmjs.org/es-set-tostringtag/-/es-set-tostringtag-2.1.0.tgz. Extracting by manifest.
3173 silly tarball no local data for function.prototype.name@https://registry.npmjs.org/function.prototype.name/-/function.prototype.name-1.2.0.tgz. Extracting by manifest.
3174 silly tarball no local data for get-proto@https://registry.npmjs.org/get-proto/-/get-proto-1.0.1.tgz. Extracting by manifest.
3175 silly tarball no local data for get-symbol-description@https://registry.npmjs.org/get-symbol-description/-/get-symbol-description-1.1.0.tgz. Extracting by manifest.
3176 silly tarball no local data for available-typed-arrays@https://registry.npmjs.org/available-typed-arrays/-/available-typed-arrays-1.0.7.tgz. Extracting by manifest.
3177 silly tarball no local data for data-view-byte-offset@https://registry.npmjs.org/data-view-byte-offset/-/data-view-byte-offset-1.0.1.tgz. Extracting by manifest.
3178 silly tarball no local data for array-buffer-byte-length@https://registry.npmjs.org/array-buffer-byte-length/-/array-buffer-byte-length-1.0.2.tgz. Extracting by manifest.
3179 silly tarball no local data for es-to-primitive@https://registry.npmjs.org/es-to-primitive/-/es-to-primitive-1.3.4.tgz. Extracting by manifest.
3180 silly tarball no local data for has-property-descriptors@https://registry.npmjs.org/has-property-descriptors/-/has-property-descriptors-1.0.2.tgz. Extracting by manifest.
3181 silly tarball no local data for arraybuffer.prototype.slice@https://registry.npmjs.org/arraybuffer.prototype.slice/-/arraybuffer.prototype.slice-1.0.4.tgz. Extracting by manifest.
3182 silly tarball no local data for define-data-property@https://registry.npmjs.org/define-data-property/-/define-data-property-1.1.4.tgz. Extracting by manifest.
3183 silly tarball no local data for data-view-buffer@https://registry.npmjs.org/data-view-buffer/-/data-view-buffer-1.0.2.tgz. Extracting by manifest.
3184 silly tarball no local data for object-keys@https://registry.npmjs.org/object-keys/-/object-keys-1.1.1.tgz. Extracting by manifest.
3185 silly tarball no local data for data-view-byte-length@https://registry.npmjs.org/data-view-byte-length/-/data-view-byte-length-1.0.2.tgz. Extracting by manifest.
3186 silly tarball no local data for call-bind-apply-helpers@https://registry.npmjs.org/call-bind-apply-helpers/-/call-bind-apply-helpers-1.0.2.tgz. Extracting by manifest.
3187 silly tarball no local data for gopd@https://registry.npmjs.org/gopd/-/gopd-1.2.0.tgz. Extracting by manifest.
3188 silly tarball no local data for get-intrinsic@https://registry.npmjs.org/get-intrinsic/-/get-intrinsic-1.3.0.tgz. Extracting by manifest.
3189 silly tarball no local data for es-errors@https://registry.npmjs.org/es-errors/-/es-errors-1.3.0.tgz. Extracting by manifest.
3190 silly tarball no local data for es-shim-unscopables@https://registry.npmjs.org/es-shim-unscopables/-/es-shim-unscopables-1.1.0.tgz. Extracting by manifest.
3191 silly tarball no local data for set-function-length@https://registry.npmjs.org/set-function-length/-/set-function-length-1.2.2.tgz. Extracting by manifest.
3192 silly tarball no local data for es-define-property@https://registry.npmjs.org/es-define-property/-/es-define-property-1.0.1.tgz. Extracting by manifest.
3193 silly tarball no local data for is-string@https://registry.npmjs.org/is-string/-/is-string-1.1.1.tgz. Extracting by manifest.
3194 silly tarball no local data for math-intrinsics@https://registry.npmjs.org/math-intrinsics/-/math-intrinsics-1.1.0.tgz. Extracting by manifest.
3195 silly tarball no local data for define-properties@https://registry.npmjs.org/define-properties/-/define-properties-1.2.1.tgz. Extracting by manifest.
3196 silly tarball no local data for es-object-atoms@https://registry.npmjs.org/es-object-atoms/-/es-object-atoms-1.1.2.tgz. Extracting by manifest.
3197 silly tarball no local data for function-bind@https://registry.npmjs.org/function-bind/-/function-bind-1.1.2.tgz. Extracting by manifest.
3198 silly tarball no local data for call-bind@https://registry.npmjs.org/call-bind/-/call-bind-1.0.9.tgz. Extracting by manifest.
3199 silly tarball no local data for call-bound@https://registry.npmjs.org/call-bound/-/call-bound-1.0.4.tgz. Extracting by manifest.
3200 silly tarball no local data for object.fromentries@https://registry.npmjs.org/object.fromentries/-/object.fromentries-2.0.8.tgz. Extracting by manifest.
3201 silly tarball no local data for hasown@https://registry.npmjs.org/hasown/-/hasown-2.0.4.tgz. Extracting by manifest.
3202 silly tarball no local data for string.prototype.trimend@https://registry.npmjs.org/string.prototype.trimend/-/string.prototype.trimend-1.0.10.tgz. Extracting by manifest.
3203 silly tarball no local data for array.prototype.flat@https://registry.npmjs.org/array.prototype.flat/-/array.prototype.flat-1.3.3.tgz. Extracting by manifest.
3204 silly tarball no local data for object.groupby@https://registry.npmjs.org/object.groupby/-/object.groupby-1.0.3.tgz. Extracting by manifest.
3205 silly tarball no local data for object.values@https://registry.npmjs.org/object.values/-/object.values-1.2.1.tgz. Extracting by manifest.
3206 http cache semver@https://registry.npmjs.org/semver/-/semver-6.3.1.tgz 0ms (cache hit)
3207 silly tarball no local data for array-includes@https://registry.npmjs.org/array-includes/-/array-includes-3.1.9.tgz. Extracting by manifest.
3208 silly tarball no local data for doctrine@https://registry.npmjs.org/doctrine/-/doctrine-2.1.0.tgz. Extracting by manifest.
3209 silly tarball no local data for array.prototype.findlastindex@https://registry.npmjs.org/array.prototype.findlastindex/-/array.prototype.findlastindex-1.2.6.tgz. Extracting by manifest.
3210 silly tarball no local data for is-bun-module@https://registry.npmjs.org/is-bun-module/-/is-bun-module-2.0.0.tgz. Extracting by manifest.
3211 silly tarball no local data for tinyglobby@https://registry.npmjs.org/tinyglobby/-/tinyglobby-0.2.17.tgz. Extracting by manifest.
3212 silly tarball no local data for array.prototype.flatmap@https://registry.npmjs.org/array.prototype.flatmap/-/array.prototype.flatmap-1.3.3.tgz. Extracting by manifest.
3213 silly tarball no local data for is-core-module@https://registry.npmjs.org/is-core-module/-/is-core-module-2.16.2.tgz. Extracting by manifest.
3214 silly tarball no local data for stable-hash@https://registry.npmjs.org/stable-hash/-/stable-hash-0.0.5.tgz. Extracting by manifest.
3215 silly tarball no local data for get-tsconfig@https://registry.npmjs.org/get-tsconfig/-/get-tsconfig-4.14.3.tgz. Extracting by manifest.
3216 silly tarball no local data for eslint-plugin-react-hooks@https://registry.npmjs.org/eslint-plugin-react-hooks/-/eslint-plugin-react-hooks-7.1.1.tgz. Extracting by manifest.
3217 silly tarball no local data for typescript-eslint@https://registry.npmjs.org/typescript-eslint/-/typescript-eslint-8.68.0.tgz. Extracting by manifest.
3218 silly tarball no local data for fast-json-stable-stringify@https://registry.npmjs.org/fast-json-stable-stringify/-/fast-json-stable-stringify-2.1.0.tgz. Extracting by manifest.
3219 silly tarball no local data for eslint-import-resolver-typescript@https://registry.npmjs.org/eslint-import-resolver-typescript/-/eslint-import-resolver-typescript-3.10.1.tgz. Extracting by manifest.
3220 http cache which@https://registry.npmjs.org/which/-/which-2.0.2.tgz 0ms (cache hit)
3221 silly tarball no local data for levn@https://registry.npmjs.org/levn/-/levn-0.4.1.tgz. Extracting by manifest.
3222 silly tarball no local data for optionator@https://registry.npmjs.org/optionator/-/optionator-0.9.4.tgz. Extracting by manifest.
3223 silly tarball no local data for @humanfs/core@https://registry.npmjs.org/@humanfs/core/-/core-0.19.2.tgz. Extracting by manifest.
3224 silly tarball no local data for @humanfs/types@https://registry.npmjs.org/@humanfs/types/-/types-0.15.0.tgz. Extracting by manifest.
3225 silly tarball no local data for fast-deep-equal@https://registry.npmjs.org/fast-deep-equal/-/fast-deep-equal-3.1.3.tgz. Extracting by manifest.
3226 silly tarball no local data for esutils@https://registry.npmjs.org/esutils/-/esutils-2.0.3.tgz. Extracting by manifest.
3227 silly tarball no local data for eslint-visitor-keys@https://registry.npmjs.org/eslint-visitor-keys/-/eslint-visitor-keys-4.2.1.tgz. Extracting by manifest.
3228 silly tarball no local data for json-stable-stringify-without-jsonify@https://registry.npmjs.org/json-stable-stringify-without-jsonify/-/json-stable-stringify-without-jsonify-1.0.1.tgz. Extracting by manifest.
3229 silly tarball no local data for eslint-scope@https://registry.npmjs.org/eslint-scope/-/eslint-scope-8.4.0.tgz. Extracting by manifest.
3230 silly tarball no local data for @humanwhocodes/retry@https://registry.npmjs.org/@humanwhocodes/retry/-/retry-0.4.3.tgz. Extracting by manifest.
3231 silly tarball no local data for esquery@https://registry.npmjs.org/esquery/-/esquery-1.7.0.tgz. Extracting by manifest.
3232 silly tarball no local data for @humanwhocodes/module-importer@https://registry.npmjs.org/@humanwhocodes/module-importer/-/module-importer-1.0.1.tgz. Extracting by manifest.
3233 silly tarball no local data for chalk@https://registry.npmjs.org/chalk/-/chalk-4.1.2.tgz. Extracting by manifest.
3234 silly tarball no local data for espree@https://registry.npmjs.org/espree/-/espree-10.4.0.tgz. Extracting by manifest.
3235 silly tarball no local data for debug@https://registry.npmjs.org/debug/-/debug-4.4.3.tgz. Extracting by manifest.
3236 silly tarball no local data for @humanfs/node@https://registry.npmjs.org/@humanfs/node/-/node-0.16.8.tgz. Extracting by manifest.
3237 silly tarball no local data for tapable@https://registry.npmjs.org/tapable/-/tapable-2.3.3.tgz. Extracting by manifest.
3238 silly tarball no local data for source-map-js@https://registry.npmjs.org/source-map-js/-/source-map-js-1.2.1.tgz. Extracting by manifest.
3239 silly tarball no local data for @jridgewell/sourcemap-codec@https://registry.npmjs.org/@jridgewell/sourcemap-codec/-/sourcemap-codec-1.6.0.tgz. Extracting by manifest.
3240 silly tarball no local data for lightningcss@https://registry.npmjs.org/lightningcss/-/lightningcss-1.32.0.tgz. Extracting by manifest.
3241 silly tarball no local data for magic-string@https://registry.npmjs.org/magic-string/-/magic-string-0.30.21.tgz. Extracting by manifest.
3242 silly tarball no local data for @jridgewell/trace-mapping@https://registry.npmjs.org/@jridgewell/trace-mapping/-/trace-mapping-0.3.31.tgz. Extracting by manifest.
3243 silly tarball no local data for @types/react-dom@https://registry.npmjs.org/@types/react-dom/-/react-dom-19.2.5.tgz. Extracting by manifest.
3244 silly tarball no local data for @jridgewell/remapping@https://registry.npmjs.org/@jridgewell/remapping/-/remapping-2.3.5.tgz. Extracting by manifest.
3245 silly tarball no local data for @types/react@https://registry.npmjs.org/@types/react/-/react-19.2.18.tgz. Extracting by manifest.
3246 silly tarball no local data for react-dom@https://registry.npmjs.org/react-dom/-/react-dom-19.2.8.tgz. Extracting by manifest.
3247 silly tarball no local data for tailwindcss@https://registry.npmjs.org/tailwindcss/-/tailwindcss-4.3.3.tgz. Extracting by manifest.
3248 http cache jiti@https://registry.npmjs.org/jiti/-/jiti-2.7.0.tgz 0ms (cache hit)
3249 silly tarball no local data for postcss@https://registry.npmjs.org/postcss/-/postcss-8.5.26.tgz. Extracting by manifest.
3250 silly tarball no local data for react@https://registry.npmjs.org/react/-/react-19.2.8.tgz. Extracting by manifest.
3251 silly tarball no local data for @tailwindcss/node@https://registry.npmjs.org/@tailwindcss/node/-/node-4.3.3.tgz. Extracting by manifest.
3252 silly tarball no local data for @types/node@https://registry.npmjs.org/@types/node/-/node-20.19.43.tgz. Extracting by manifest.
3253 silly tarball no local data for eslint-config-next@https://registry.npmjs.org/eslint-config-next/-/eslint-config-next-16.3.3.tgz. Extracting by manifest.
3254 silly tarball no local data for @emnapi/runtime@https://registry.npmjs.org/@emnapi/runtime/-/runtime-1.10.0.tgz. Extracting by manifest.
3255 silly tarball no local data for @tailwindcss/postcss@https://registry.npmjs.org/@tailwindcss/postcss/-/postcss-4.3.3.tgz. Extracting by manifest.
3256 silly tarball no local data for eslint-visitor-keys@https://registry.npmjs.org/eslint-visitor-keys/-/eslint-visitor-keys-5.0.1.tgz. Extracting by manifest.
3257 http cache semver@https://registry.npmjs.org/semver/-/semver-7.8.5.tgz 0ms (cache hit)
3258 silly tarball no local data for debug@https://registry.npmjs.org/debug/-/debug-3.2.7.tgz. Extracting by manifest.
3259 http cache semver@https://registry.npmjs.org/semver/-/semver-7.8.5.tgz 0ms (cache hit)
3260 http cache json5@https://registry.npmjs.org/json5/-/json5-1.0.2.tgz 0ms (cache hit)
3261 silly tarball no local data for picomatch@https://registry.npmjs.org/picomatch/-/picomatch-4.0.7.tgz. Extracting by manifest.
3262 silly tarball no local data for debug@https://registry.npmjs.org/debug/-/debug-3.2.7.tgz. Extracting by manifest.
3263 silly tarball no local data for fdir@https://registry.npmjs.org/fdir/-/fdir-6.5.0.tgz. Extracting by manifest.
3264 silly tarball no local data for debug@https://registry.npmjs.org/debug/-/debug-3.2.7.tgz. Extracting by manifest.
3265 http cache semver@https://registry.npmjs.org/semver/-/semver-7.8.5.tgz 0ms (cache hit)
3266 silly tarball no local data for napi-postinstall@https://registry.npmjs.org/napi-postinstall/-/napi-postinstall-0.3.4.tgz. Extracting by manifest.
3267 silly tarball no local data for eslint-visitor-keys@https://registry.npmjs.org/eslint-visitor-keys/-/eslint-visitor-keys-3.4.3.tgz. Extracting by manifest.
3268 silly tarball no local data for eslint-visitor-keys@https://registry.npmjs.org/eslint-visitor-keys/-/eslint-visitor-keys-3.4.3.tgz. Extracting by manifest.
3269 silly tarball no local data for nanoid@https://registry.npmjs.org/nanoid/-/nanoid-3.3.18.tgz. Extracting by manifest.
3270 silly tarball no local data for acorn@https://registry.npmjs.org/acorn/-/acorn-8.18.0.tgz. Extracting by manifest.
3271 silly tarball no local data for postcss@https://registry.npmjs.org/postcss/-/postcss-8.5.23.tgz. Extracting by manifest.
3272 silly tarball no local data for baseline-browser-mapping@https://registry.npmjs.org/baseline-browser-mapping/-/baseline-browser-mapping-2.11.20.tgz. Extracting by manifest.
3273 silly tarball no local data for jsesc@https://registry.npmjs.org/jsesc/-/jsesc-3.1.0.tgz. Extracting by manifest.
3274 silly tarball no local data for json5@https://registry.npmjs.org/json5/-/json5-2.2.3.tgz. Extracting by manifest.
3275 silly tarball no local data for @babel/parser@https://registry.npmjs.org/@babel/parser/-/parser-7.29.8.tgz. Extracting by manifest.
3276 silly tarball no local data for semver@https://registry.npmjs.org/semver/-/semver-6.3.1.tgz. Extracting by manifest.
3277 silly tarball no local data for which@https://registry.npmjs.org/which/-/which-2.0.2.tgz. Extracting by manifest.
3278 silly tarball no local data for jiti@https://registry.npmjs.org/jiti/-/jiti-2.7.0.tgz. Extracting by manifest.
3279 silly tarball no local data for semver@https://registry.npmjs.org/semver/-/semver-7.8.5.tgz. Extracting by manifest.
3280 silly tarball no local data for semver@https://registry.npmjs.org/semver/-/semver-7.8.5.tgz. Extracting by manifest.
3281 silly tarball no local data for json5@https://registry.npmjs.org/json5/-/json5-1.0.2.tgz. Extracting by manifest.
3282 silly tarball no local data for semver@https://registry.npmjs.org/semver/-/semver-7.8.5.tgz. Extracting by manifest.
3283 http cache @typescript-eslint/types@https://registry.npmjs.org/@typescript-eslint/types/-/types-8.68.0.tgz 0ms (cache hit)
3284 http cache @typescript-eslint/scope-manager@https://registry.npmjs.org/@typescript-eslint/scope-manager/-/scope-manager-8.68.0.tgz 0ms (cache hit)
3285 http cache @typescript-eslint/type-utils@https://registry.npmjs.org/@typescript-eslint/type-utils/-/type-utils-8.68.0.tgz 0ms (cache hit)
3286 http cache @typescript-eslint/typescript-estree@https://registry.npmjs.org/@typescript-eslint/typescript-estree/-/typescript-estree-8.68.0.tgz 0ms (cache hit)
3287 http cache styled-jsx@https://registry.npmjs.org/styled-jsx/-/styled-jsx-5.1.6.tgz 0ms (cache hit)
3288 http cache @swc/helpers@https://registry.npmjs.org/@swc/helpers/-/helpers-0.5.23.tgz 0ms (cache hit)
3289 http cache language-subtag-registry@https://registry.npmjs.org/language-subtag-registry/-/language-subtag-registry-0.3.23.tgz 0ms (cache hit)
3290 http cache hermes-estree@https://registry.npmjs.org/hermes-estree/-/hermes-estree-0.25.1.tgz 0ms (cache hit)
3291 http cache reusify@https://registry.npmjs.org/reusify/-/reusify-1.1.0.tgz 0ms (cache hit)
3292 http cache fastq@https://registry.npmjs.org/fastq/-/fastq-1.20.2.tgz 0ms (cache hit)
3293 http cache @nodelib/fs.scandir@https://registry.npmjs.org/@nodelib/fs.scandir/-/fs.scandir-2.1.5.tgz 0ms (cache hit)
3294 http cache @nodelib/fs.stat@https://registry.npmjs.org/@nodelib/fs.stat/-/fs.stat-2.0.5.tgz 0ms (cache hit)
3295 http cache @nodelib/fs.walk@https://registry.npmjs.org/@nodelib/fs.walk/-/fs.walk-1.2.8.tgz 0ms (cache hit)
3296 http cache node-releases@https://registry.npmjs.org/node-releases/-/node-releases-2.0.54.tgz 0ms (cache hit)
3297 http cache caniuse-lite@https://registry.npmjs.org/caniuse-lite/-/caniuse-lite-1.0.30001810.tgz 0ms (cache hit)
3298 http cache @babel/generator@https://registry.npmjs.org/@babel/generator/-/generator-7.29.8.tgz 0ms (cache hit)
3299 http cache @babel/helpers@https://registry.npmjs.org/@babel/helpers/-/helpers-7.29.7.tgz 0ms (cache hit)
3300 http cache hermes-parser@https://registry.npmjs.org/hermes-parser/-/hermes-parser-0.25.1.tgz 0ms (cache hit)
3301 http cache string.prototype.includes@https://registry.npmjs.org/string.prototype.includes/-/string.prototype.includes-2.0.1.tgz 0ms (cache hit)
3302 http cache es-iterator-helpers@https://registry.npmjs.org/es-iterator-helpers/-/es-iterator-helpers-1.4.0.tgz 0ms (cache hit)
3303 http cache has-tostringtag@https://registry.npmjs.org/has-tostringtag/-/has-tostringtag-1.0.2.tgz 0ms (cache hit)
3304 http cache has-symbols@https://registry.npmjs.org/has-symbols/-/has-symbols-1.1.0.tgz 0ms (cache hit)
3305 http cache object-inspect@https://registry.npmjs.org/object-inspect/-/object-inspect-1.13.4.tgz 0ms (cache hit)
3306 http cache es-abstract@https://registry.npmjs.org/es-abstract/-/es-abstract-1.24.2.tgz 0ms (cache hit)
3307 http cache eslint-plugin-react@https://registry.npmjs.org/eslint-plugin-react/-/eslint-plugin-react-7.37.5.tgz 1ms (cache hit)
3308 http cache eslint-plugin-import@https://registry.npmjs.org/eslint-plugin-import/-/eslint-plugin-import-2.32.0.tgz 0ms (cache hit)
3309 http cache @next/eslint-plugin-next@https://registry.npmjs.org/@next/eslint-plugin-next/-/eslint-plugin-next-16.3.3.tgz 0ms (cache hit)
3310 http cache json-schema-traverse@https://registry.npmjs.org/json-schema-traverse/-/json-schema-traverse-0.4.1.tgz 0ms (cache hit)
3311 http cache @eslint/object-schema@https://registry.npmjs.org/@eslint/object-schema/-/object-schema-2.1.7.tgz 0ms (cache hit)
3312 http cache @eslint/plugin-kit@https://registry.npmjs.org/@eslint/plugin-kit/-/plugin-kit-0.4.1.tgz 0ms (cache hit)
3313 http cache @eslint/js@https://registry.npmjs.org/@eslint/js/-/js-9.39.5.tgz 0ms (cache hit)
3314 http cache ajv@https://registry.npmjs.org/ajv/-/ajv-6.15.0.tgz 0ms (cache hit)
3315 http cache @eslint/config-helpers@https://registry.npmjs.org/@eslint/config-helpers/-/config-helpers-0.4.2.tgz 0ms (cache hit)
3316 http cache cross-spawn@https://registry.npmjs.org/cross-spawn/-/cross-spawn-7.0.6.tgz 0ms (cache hit)
3317 http cache @eslint/eslintrc@https://registry.npmjs.org/@eslint/eslintrc/-/eslintrc-3.3.6.tgz 0ms (cache hit)
3318 http cache @eslint/core@https://registry.npmjs.org/@eslint/core/-/core-0.17.0.tgz 0ms (cache hit)
3319 http cache @jridgewell/resolve-uri@https://registry.npmjs.org/@jridgewell/resolve-uri/-/resolve-uri-3.1.2.tgz 0ms (cache hit)
3320 http cache @jridgewell/gen-mapping@https://registry.npmjs.org/@jridgewell/gen-mapping/-/gen-mapping-0.3.13.tgz 0ms (cache hit)
3321 http cache enhanced-resolve@https://registry.npmjs.org/enhanced-resolve/-/enhanced-resolve-5.24.5.tgz 0ms (cache hit)
3322 http cache brace-expansion@https://registry.npmjs.org/brace-expansion/-/brace-expansion-5.0.9.tgz 0ms (cache hit)
3323 http cache minimatch@https://registry.npmjs.org/minimatch/-/minimatch-10.2.6.tgz 0ms (cache hit)
3324 http cache balanced-match@https://registry.npmjs.org/balanced-match/-/balanced-match-4.0.4.tgz 0ms (cache hit)
3325 silly tarball no local data for @typescript-eslint/types@https://registry.npmjs.org/@typescript-eslint/types/-/types-8.68.0.tgz. Extracting by manifest.
3326 silly tarball no local data for @typescript-eslint/scope-manager@https://registry.npmjs.org/@typescript-eslint/scope-manager/-/scope-manager-8.68.0.tgz. Extracting by manifest.
3327 silly tarball no local data for @typescript-eslint/type-utils@https://registry.npmjs.org/@typescript-eslint/type-utils/-/type-utils-8.68.0.tgz. Extracting by manifest.
3328 silly tarball no local data for @typescript-eslint/typescript-estree@https://registry.npmjs.org/@typescript-eslint/typescript-estree/-/typescript-estree-8.68.0.tgz. Extracting by manifest.
3329 silly tarball no local data for styled-jsx@https://registry.npmjs.org/styled-jsx/-/styled-jsx-5.1.6.tgz. Extracting by manifest.
3330 silly tarball no local data for @swc/helpers@https://registry.npmjs.org/@swc/helpers/-/helpers-0.5.23.tgz. Extracting by manifest.
3331 silly tarball no local data for language-subtag-registry@https://registry.npmjs.org/language-subtag-registry/-/language-subtag-registry-0.3.23.tgz. Extracting by manifest.
3332 silly tarball no local data for hermes-estree@https://registry.npmjs.org/hermes-estree/-/hermes-estree-0.25.1.tgz. Extracting by manifest.
3333 silly tarball no local data for reusify@https://registry.npmjs.org/reusify/-/reusify-1.1.0.tgz. Extracting by manifest.
3334 silly tarball no local data for fastq@https://registry.npmjs.org/fastq/-/fastq-1.20.2.tgz. Extracting by manifest.
3335 silly tarball no local data for @nodelib/fs.scandir@https://registry.npmjs.org/@nodelib/fs.scandir/-/fs.scandir-2.1.5.tgz. Extracting by manifest.
3336 silly tarball no local data for @nodelib/fs.stat@https://registry.npmjs.org/@nodelib/fs.stat/-/fs.stat-2.0.5.tgz. Extracting by manifest.
3337 silly tarball no local data for @nodelib/fs.walk@https://registry.npmjs.org/@nodelib/fs.walk/-/fs.walk-1.2.8.tgz. Extracting by manifest.
3338 silly tarball no local data for node-releases@https://registry.npmjs.org/node-releases/-/node-releases-2.0.54.tgz. Extracting by manifest.
3339 silly tarball no local data for caniuse-lite@https://registry.npmjs.org/caniuse-lite/-/caniuse-lite-1.0.30001810.tgz. Extracting by manifest.
3340 silly tarball no local data for @babel/generator@https://registry.npmjs.org/@babel/generator/-/generator-7.29.8.tgz. Extracting by manifest.
3341 silly tarball no local data for @babel/helpers@https://registry.npmjs.org/@babel/helpers/-/helpers-7.29.7.tgz. Extracting by manifest.
3342 silly tarball no local data for hermes-parser@https://registry.npmjs.org/hermes-parser/-/hermes-parser-0.25.1.tgz. Extracting by manifest.
3343 silly tarball no local data for string.prototype.includes@https://registry.npmjs.org/string.prototype.includes/-/string.prototype.includes-2.0.1.tgz. Extracting by manifest.
3344 silly tarball no local data for es-iterator-helpers@https://registry.npmjs.org/es-iterator-helpers/-/es-iterator-helpers-1.4.0.tgz. Extracting by manifest.
3345 silly tarball no local data for has-tostringtag@https://registry.npmjs.org/has-tostringtag/-/has-tostringtag-1.0.2.tgz. Extracting by manifest.
3346 silly tarball no local data for has-symbols@https://registry.npmjs.org/has-symbols/-/has-symbols-1.1.0.tgz. Extracting by manifest.
3347 silly tarball no local data for object-inspect@https://registry.npmjs.org/object-inspect/-/object-inspect-1.13.4.tgz. Extracting by manifest.
3348 silly tarball no local data for es-abstract@https://registry.npmjs.org/es-abstract/-/es-abstract-1.24.2.tgz. Extracting by manifest.
3349 silly tarball no local data for eslint-plugin-react@https://registry.npmjs.org/eslint-plugin-react/-/eslint-plugin-react-7.37.5.tgz. Extracting by manifest.
3350 silly tarball no local data for eslint-plugin-import@https://registry.npmjs.org/eslint-plugin-import/-/eslint-plugin-import-2.32.0.tgz. Extracting by manifest.
3351 silly tarball no local data for @next/eslint-plugin-next@https://registry.npmjs.org/@next/eslint-plugin-next/-/eslint-plugin-next-16.3.3.tgz. Extracting by manifest.
3352 silly tarball no local data for json-schema-traverse@https://registry.npmjs.org/json-schema-traverse/-/json-schema-traverse-0.4.1.tgz. Extracting by manifest.
3353 silly tarball no local data for @eslint/object-schema@https://registry.npmjs.org/@eslint/object-schema/-/object-schema-2.1.7.tgz. Extracting by manifest.
3354 silly tarball no local data for @eslint/plugin-kit@https://registry.npmjs.org/@eslint/plugin-kit/-/plugin-kit-0.4.1.tgz. Extracting by manifest.
3355 silly tarball no local data for @eslint/js@https://registry.npmjs.org/@eslint/js/-/js-9.39.5.tgz. Extracting by manifest.
3356 http cache js-yaml@https://registry.npmjs.org/js-yaml/-/js-yaml-4.3.2.tgz 0ms (cache hit)
3357 silly tarball no local data for ajv@https://registry.npmjs.org/ajv/-/ajv-6.15.0.tgz. Extracting by manifest.
3358 silly tarball no local data for @eslint/config-helpers@https://registry.npmjs.org/@eslint/config-helpers/-/config-helpers-0.4.2.tgz. Extracting by manifest.
3359 silly tarball no local data for @eslint/eslintrc@https://registry.npmjs.org/@eslint/eslintrc/-/eslintrc-3.3.6.tgz. Extracting by manifest.
3360 silly tarball no local data for cross-spawn@https://registry.npmjs.org/cross-spawn/-/cross-spawn-7.0.6.tgz. Extracting by manifest.
3361 silly tarball no local data for @jridgewell/resolve-uri@https://registry.npmjs.org/@jridgewell/resolve-uri/-/resolve-uri-3.1.2.tgz. Extracting by manifest.
3362 silly tarball no local data for @eslint/core@https://registry.npmjs.org/@eslint/core/-/core-0.17.0.tgz. Extracting by manifest.
3363 silly tarball no local data for enhanced-resolve@https://registry.npmjs.org/enhanced-resolve/-/enhanced-resolve-5.24.5.tgz. Extracting by manifest.
3364 silly tarball no local data for @jridgewell/gen-mapping@https://registry.npmjs.org/@jridgewell/gen-mapping/-/gen-mapping-0.3.13.tgz. Extracting by manifest.
3365 http cache typescript@https://registry.npmjs.org/typescript/-/typescript-5.9.3.tgz 0ms (cache hit)
3366 silly tarball no local data for brace-expansion@https://registry.npmjs.org/brace-expansion/-/brace-expansion-5.0.9.tgz. Extracting by manifest.
3367 silly tarball no local data for minimatch@https://registry.npmjs.org/minimatch/-/minimatch-10.2.6.tgz. Extracting by manifest.
3368 silly tarball no local data for balanced-match@https://registry.npmjs.org/balanced-match/-/balanced-match-4.0.4.tgz. Extracting by manifest.
3369 silly tarball no local data for js-yaml@https://registry.npmjs.org/js-yaml/-/js-yaml-4.3.2.tgz. Extracting by manifest.
3370 silly tarball no local data for typescript@https://registry.npmjs.org/typescript/-/typescript-5.9.3.tgz. Extracting by manifest.
3371 http cache @tybys/wasm-util@https://registry.npmjs.org/@tybys/wasm-util/-/wasm-util-0.10.3.tgz 0ms (cache hit)
3372 http cache @typescript-eslint/utils@https://registry.npmjs.org/@typescript-eslint/utils/-/utils-8.68.0.tgz 0ms (cache hit)
3373 http cache @typescript-eslint/eslint-plugin@https://registry.npmjs.org/@typescript-eslint/eslint-plugin/-/eslint-plugin-8.68.0.tgz 0ms (cache hit)
3374 http cache @img/sharp-libvips-darwin-arm64@https://registry.npmjs.org/@img/sharp-libvips-darwin-arm64/-/sharp-libvips-darwin-arm64-1.3.3.tgz 0ms (cache hit)
3375 http cache flatted@https://registry.npmjs.org/flatted/-/flatted-3.4.4.tgz 0ms (cache hit)
3376 http cache @babel/traverse@https://registry.npmjs.org/@babel/traverse/-/traverse-7.29.8.tgz 0ms (cache hit)
3377 http cache @babel/types@https://registry.npmjs.org/@babel/types/-/types-7.29.8.tgz 0ms (cache hit)
3378 http cache @babel/core@https://registry.npmjs.org/@babel/core/-/core-7.29.7.tgz 0ms (cache hit)
3379 http cache jsx-ast-utils@https://registry.npmjs.org/jsx-ast-utils/-/jsx-ast-utils-3.3.5.tgz 0ms (cache hit)
3380 http cache axobject-query@https://registry.npmjs.org/axobject-query/-/axobject-query-4.1.0.tgz 0ms (cache hit)
3381 http cache tsconfig-paths@https://registry.npmjs.org/tsconfig-paths/-/tsconfig-paths-3.15.0.tgz 0ms (cache hit)
3382 http cache fast-glob@https://registry.npmjs.org/fast-glob/-/fast-glob-3.3.1.tgz 0ms (cache hit)
3383 http cache uri-js@https://registry.npmjs.org/uri-js/-/uri-js-4.4.1.tgz 0ms (cache hit)
3384 http cache @eslint/config-array@https://registry.npmjs.org/@eslint/config-array/-/config-array-0.21.2.tgz 0ms (cache hit)
3385 silly tarball no local data for @tybys/wasm-util@https://registry.npmjs.org/@tybys/wasm-util/-/wasm-util-0.10.3.tgz. Extracting by manifest.
3386 silly tarball no local data for @typescript-eslint/utils@https://registry.npmjs.org/@typescript-eslint/utils/-/utils-8.68.0.tgz. Extracting by manifest.
3387 silly tarball no local data for @typescript-eslint/eslint-plugin@https://registry.npmjs.org/@typescript-eslint/eslint-plugin/-/eslint-plugin-8.68.0.tgz. Extracting by manifest.
3388 silly tarball no local data for @img/sharp-libvips-darwin-arm64@https://registry.npmjs.org/@img/sharp-libvips-darwin-arm64/-/sharp-libvips-darwin-arm64-1.3.3.tgz. Extracting by manifest.
3389 silly tarball no local data for flatted@https://registry.npmjs.org/flatted/-/flatted-3.4.4.tgz. Extracting by manifest.
3390 silly tarball no local data for @babel/traverse@https://registry.npmjs.org/@babel/traverse/-/traverse-7.29.8.tgz. Extracting by manifest.
3391 silly tarball no local data for @babel/types@https://registry.npmjs.org/@babel/types/-/types-7.29.8.tgz. Extracting by manifest.
3392 silly tarball no local data for @babel/core@https://registry.npmjs.org/@babel/core/-/core-7.29.7.tgz. Extracting by manifest.
3393 silly tarball no local data for jsx-ast-utils@https://registry.npmjs.org/jsx-ast-utils/-/jsx-ast-utils-3.3.5.tgz. Extracting by manifest.
3394 silly tarball no local data for axobject-query@https://registry.npmjs.org/axobject-query/-/axobject-query-4.1.0.tgz. Extracting by manifest.
3395 silly tarball no local data for tsconfig-paths@https://registry.npmjs.org/tsconfig-paths/-/tsconfig-paths-3.15.0.tgz. Extracting by manifest.
3396 silly tarball no local data for fast-glob@https://registry.npmjs.org/fast-glob/-/fast-glob-3.3.1.tgz. Extracting by manifest.
3397 silly tarball no local data for uri-js@https://registry.npmjs.org/uri-js/-/uri-js-4.4.1.tgz. Extracting by manifest.
3398 silly tarball no local data for @eslint/config-array@https://registry.npmjs.org/@eslint/config-array/-/config-array-0.21.2.tgz. Extracting by manifest.
3399 http cache aria-query@https://registry.npmjs.org/aria-query/-/aria-query-5.3.2.tgz 0ms (cache hit)
3400 http cache eslint-plugin-jsx-a11y@https://registry.npmjs.org/eslint-plugin-jsx-a11y/-/eslint-plugin-jsx-a11y-6.10.2.tgz 0ms (cache hit)
3401 silly tarball no local data for aria-query@https://registry.npmjs.org/aria-query/-/aria-query-5.3.2.tgz. Extracting by manifest.
3402 silly tarball no local data for eslint-plugin-jsx-a11y@https://registry.npmjs.org/eslint-plugin-jsx-a11y/-/eslint-plugin-jsx-a11y-6.10.2.tgz. Extracting by manifest.
3403 http fetch GET 200 https://registry.npmjs.org/client-only/-/client-only-0.0.1.tgz 510ms (cache miss)
3404 http fetch GET 200 https://registry.npmjs.org/has-flag/-/has-flag-4.0.0.tgz 510ms (cache miss)
3405 http cache zod@https://registry.npmjs.org/zod/-/zod-4.4.3.tgz 0ms (cache hit)
3406 http cache resolve@https://registry.npmjs.org/resolve/-/resolve-2.0.0-next.7.tgz 0ms (cache hit)
3407 http fetch GET 200 https://registry.npmjs.org/shebang-regex/-/shebang-regex-3.0.0.tgz 511ms (cache miss)
3408 http fetch GET 200 https://registry.npmjs.org/strip-bom/-/strip-bom-3.0.0.tgz 511ms (cache miss)
3409 http cache eslint@https://registry.npmjs.org/eslint/-/eslint-9.39.5.tgz 0ms (cache hit)
3410 silly tarball no local data for zod@https://registry.npmjs.org/zod/-/zod-4.4.3.tgz. Extracting by manifest.
3411 silly tarball no local data for resolve@https://registry.npmjs.org/resolve/-/resolve-2.0.0-next.7.tgz. Extracting by manifest.
3412 http fetch GET 200 https://registry.npmjs.org/punycode/-/punycode-2.3.1.tgz 514ms (cache miss)
3413 silly tarball no local data for eslint@https://registry.npmjs.org/eslint/-/eslint-9.39.5.tgz. Extracting by manifest.
3414 http fetch GET 200 https://registry.npmjs.org/@types/json5/-/json5-0.0.29.tgz 513ms (cache miss)
3415 http fetch GET 200 https://registry.npmjs.org/fast-levenshtein/-/fast-levenshtein-2.0.6.tgz 507ms (cache miss)
3416 http fetch GET 200 https://registry.npmjs.org/callsites/-/callsites-3.1.0.tgz 568ms (cache miss)
3417 http fetch GET 200 https://registry.npmjs.org/word-wrap/-/word-wrap-1.2.5.tgz 634ms (cache miss)
3418 http fetch GET 200 https://registry.npmjs.org/yocto-queue/-/yocto-queue-0.1.0.tgz 634ms (cache miss)
3419 http fetch GET 200 https://registry.npmjs.org/p-limit/-/p-limit-3.1.0.tgz 634ms (cache miss)
3420 http fetch GET 200 https://registry.npmjs.org/fill-range/-/fill-range-7.1.1.tgz 969ms (cache miss)
3421 http fetch GET 200 https://registry.npmjs.org/to-regex-range/-/to-regex-range-5.0.1.tgz 984ms (cache miss)
3422 http fetch GET 200 https://registry.npmjs.org/p-locate/-/p-locate-5.0.0.tgz 1012ms (cache miss)
3423 http fetch GET 200 https://registry.npmjs.org/brace-expansion/-/brace-expansion-1.1.18.tgz 1012ms (cache miss)
3424 http fetch GET 200 https://registry.npmjs.org/yallist/-/yallist-3.1.1.tgz 1011ms (cache miss)
3425 http fetch GET 200 https://registry.npmjs.org/resolve-from/-/resolve-from-4.0.0.tgz 1204ms (cache miss)
3426 http fetch GET 200 https://registry.npmjs.org/is-extglob/-/is-extglob-2.1.1.tgz 1213ms (cache miss)
3427 http fetch GET 200 https://registry.npmjs.org/path-exists/-/path-exists-4.0.0.tgz 1218ms (cache miss)
3428 http fetch GET 200 https://registry.npmjs.org/parent-module/-/parent-module-1.0.1.tgz 1246ms (cache miss)
3429 http fetch GET 200 https://registry.npmjs.org/locate-path/-/locate-path-6.0.0.tgz 1305ms (cache miss)
3430 http fetch GET 200 https://registry.npmjs.org/isarray/-/isarray-2.0.5.tgz 1326ms (cache miss)
3431 http fetch GET 200 https://registry.npmjs.org/object-assign/-/object-assign-4.1.1.tgz 1346ms (cache miss)
3432 http fetch GET 200 https://registry.npmjs.org/path-parse/-/path-parse-1.0.7.tgz 1350ms (cache miss)
3433 http fetch GET 200 https://registry.npmjs.org/queue-microtask/-/queue-microtask-1.2.3.tgz 1350ms (cache miss)
3434 http fetch GET 200 https://registry.npmjs.org/@img/colour/-/colour-1.1.0.tgz 1402ms (cache miss)
3435 http fetch GET 200 https://registry.npmjs.org/is-number/-/is-number-7.0.0.tgz 1436ms (cache miss)
3436 http fetch GET 200 https://registry.npmjs.org/merge2/-/merge2-1.4.1.tgz 1521ms (cache miss)
3437 http fetch GET 200 https://registry.npmjs.org/run-parallel/-/run-parallel-1.2.0.tgz 1558ms (cache miss)
3438 http fetch GET 200 https://registry.npmjs.org/picocolors/-/picocolors-1.1.1.tgz 1635ms (cache miss)
3439 http fetch GET 200 https://registry.npmjs.org/lru-cache/-/lru-cache-5.1.1.tgz 1636ms (cache miss)
3440 http fetch GET 200 https://registry.npmjs.org/js-tokens/-/js-tokens-4.0.0.tgz 1732ms (cache miss)
3441 http fetch GET 200 https://registry.npmjs.org/convert-source-map/-/convert-source-map-2.0.0.tgz 1735ms (cache miss)
3442 http fetch GET 200 https://registry.npmjs.org/electron-to-chromium/-/electron-to-chromium-1.5.416.tgz 1878ms (cache miss)
3443 http fetch GET 200 https://registry.npmjs.org/esrecurse/-/esrecurse-4.3.0.tgz 1878ms (cache miss)
3444 http fetch GET 200 https://registry.npmjs.org/acorn-jsx/-/acorn-jsx-5.3.2.tgz 1880ms (cache miss)
3445 http fetch GET 200 https://registry.npmjs.org/micromatch/-/micromatch-4.0.8.tgz 1904ms (cache miss)
3446 http fetch GET 200 https://registry.npmjs.org/estraverse/-/estraverse-5.3.0.tgz 1880ms (cache miss)
3447 http fetch GET 200 https://registry.npmjs.org/@nolyfill/is-core-module/-/is-core-module-1.0.39.tgz 1941ms (cache miss)
3448 http fetch GET 200 https://registry.npmjs.org/@rtsao/scc/-/scc-1.1.0.tgz 1941ms (cache miss)
3449 http fetch GET 200 https://registry.npmjs.org/path-key/-/path-key-3.1.1.tgz 1929ms (cache miss)
3450 http fetch GET 200 https://registry.npmjs.org/unrs-resolver/-/unrs-resolver-1.12.2.tgz 1974ms (cache miss)
3451 http fetch GET 200 https://registry.npmjs.org/eslint-module-utils/-/eslint-module-utils-2.14.0.tgz 2012ms (cache miss)
3452 http fetch GET 200 https://registry.npmjs.org/ms/-/ms-2.1.3.tgz 2114ms (cache miss)
3453 http fetch GET 200 https://registry.npmjs.org/shebang-command/-/shebang-command-2.0.0.tgz 2114ms (cache miss)
3454 http fetch GET 200 https://registry.npmjs.org/eslint-import-resolver-node/-/eslint-import-resolver-node-0.3.10.tgz 2113ms (cache miss)
3455 http fetch GET 200 https://registry.npmjs.org/supports-color/-/supports-color-7.2.0.tgz 2114ms (cache miss)
3456 http fetch GET 200 https://registry.npmjs.org/color-name/-/color-name-1.1.4.tgz 2114ms (cache miss)
3457 http fetch GET 200 https://registry.npmjs.org/ansi-styles/-/ansi-styles-4.3.0.tgz 2162ms (cache miss)
3458 http fetch GET 200 https://registry.npmjs.org/strip-json-comments/-/strip-json-comments-3.1.1.tgz 2283ms (cache miss)
3459 http fetch GET 200 https://registry.npmjs.org/globals/-/globals-14.0.0.tgz 2285ms (cache miss)
3460 http fetch GET 200 https://registry.npmjs.org/@types/json-schema/-/json-schema-7.0.15.tgz 2462ms (cache miss)
3461 http fetch GET 200 https://registry.npmjs.org/glob-parent/-/glob-parent-6.0.2.tgz 2635ms (cache miss)
3462 http fetch GET 200 https://registry.npmjs.org/file-entry-cache/-/file-entry-cache-8.0.0.tgz 2802ms (cache miss)
3463 http fetch GET 200 https://registry.npmjs.org/import-fresh/-/import-fresh-3.3.1.tgz 2803ms (cache miss)
3464 http fetch GET 200 https://registry.npmjs.org/imurmurhash/-/imurmurhash-0.1.4.tgz 2803ms (cache miss)
3465 http fetch GET 200 https://registry.npmjs.org/is-glob/-/is-glob-4.0.3.tgz 2802ms (cache miss)
3466 http fetch GET 200 https://registry.npmjs.org/color-convert/-/color-convert-2.0.1.tgz 2803ms (cache miss)
3467 http fetch GET 200 https://registry.npmjs.org/minimatch/-/minimatch-3.1.5.tgz 2802ms (cache miss)
3468 http fetch GET 200 https://registry.npmjs.org/natural-compare/-/natural-compare-1.4.0.tgz 2803ms (cache miss)
3469 http fetch GET 200 https://registry.npmjs.org/lodash.merge/-/lodash.merge-4.6.2.tgz 2803ms (cache miss)
3470 http fetch GET 200 https://registry.npmjs.org/escape-string-regexp/-/escape-string-regexp-4.0.0.tgz 2984ms (cache miss)
3471 http fetch GET 200 https://registry.npmjs.org/ignore/-/ignore-5.3.2.tgz 2985ms (cache miss)
3472 http fetch GET 200 https://registry.npmjs.org/@types/estree/-/estree-1.0.9.tgz 2985ms (cache miss)
3473 http fetch GET 200 https://registry.npmjs.org/find-up/-/find-up-5.0.0.tgz 3014ms (cache miss)
3474 http fetch GET 200 https://registry.npmjs.org/undici-types/-/undici-types-6.21.0.tgz 3440ms (cache miss)
3475 http fetch GET 200 https://registry.npmjs.org/@alloc/quick-lru/-/quick-lru-5.2.0.tgz 3756ms (cache miss)
3476 http fetch GET 200 https://registry.npmjs.org/glob-parent/-/glob-parent-5.1.2.tgz 3740ms (cache miss)
3477 http fetch GET 200 https://registry.npmjs.org/@tailwindcss/oxide/-/oxide-4.3.3.tgz 3754ms (cache miss)
3478 http fetch GET 200 https://registry.npmjs.org/graceful-fs/-/graceful-fs-4.2.11.tgz 4112ms (cache miss)
3479 http fetch GET 200 https://registry.npmjs.org/loose-envify/-/loose-envify-1.4.0.tgz 4104ms (cache miss)
3480 http fetch GET 200 https://registry.npmjs.org/csstype/-/csstype-3.2.3.tgz 4343ms (cache miss)
3481 http fetch GET 200 https://registry.npmjs.org/@eslint-community/eslint-utils/-/eslint-utils-4.9.1.tgz 4343ms (cache miss)
3482 http fetch GET 200 https://registry.npmjs.org/browserslist/-/browserslist-4.28.8.tgz 4369ms (cache miss)
3483 http fetch GET 200 https://registry.npmjs.org/globals/-/globals-16.4.0.tgz 4365ms (cache miss)
3484 http fetch GET 200 https://registry.npmjs.org/update-browserslist-db/-/update-browserslist-db-1.3.2.tgz 4382ms (cache miss)
3485 http fetch GET 200 https://registry.npmjs.org/ignore/-/ignore-7.0.6.tgz 4524ms (cache miss)
3486 http fetch GET 200 https://registry.npmjs.org/async-function/-/async-function-1.0.0.tgz 4570ms (cache miss)
3487 http fetch GET 200 https://registry.npmjs.org/which-collection/-/which-collection-1.0.2.tgz 4630ms (cache miss)
3488 http fetch GET 200 https://registry.npmjs.org/is-weakmap/-/is-weakmap-2.0.2.tgz 4638ms (cache miss)
3489 http fetch GET 200 https://registry.npmjs.org/is-map/-/is-map-2.0.3.tgz 4638ms (cache miss)
3490 http fetch GET 200 https://registry.npmjs.org/@eslint-community/regexpp/-/regexpp-4.12.2.tgz 4950ms (cache miss)
3491 http fetch GET 200 https://registry.npmjs.org/generator-function/-/generator-function-2.0.1.tgz 4735ms (cache miss)
3492 http fetch GET 200 https://registry.npmjs.org/is-bigint/-/is-bigint-1.1.0.tgz 4749ms (cache miss)
3493 http fetch GET 200 https://registry.npmjs.org/is-finalizationregistry/-/is-finalizationregistry-1.1.1.tgz 4756ms (cache miss)
3494 http fetch GET 200 https://registry.npmjs.org/is-async-function/-/is-async-function-2.1.1.tgz 5069ms (cache miss)
3495 http fetch GET 200 https://registry.npmjs.org/is-number-object/-/is-number-object-1.1.1.tgz 5069ms (cache miss)
3496 http fetch GET 200 https://registry.npmjs.org/is-generator-function/-/is-generator-function-1.1.2.tgz 5070ms (cache miss)
3497 http fetch GET 200 https://registry.npmjs.org/isexe/-/isexe-2.0.0.tgz 5150ms (cache miss)
3498 http fetch GET 200 https://registry.npmjs.org/is-boolean-object/-/is-boolean-object-1.2.2.tgz 5181ms (cache miss)
3499 http fetch GET 200 https://registry.npmjs.org/@emnapi/wasi-threads/-/wasi-threads-1.2.1.tgz 5522ms (cache miss)
3500 http fetch GET 200 https://registry.npmjs.org/escalade/-/escalade-3.2.0.tgz 6393ms (cache miss)
3501 http fetch GET 200 https://registry.npmjs.org/ts-api-utils/-/ts-api-utils-2.5.0.tgz 6680ms (cache miss)
3502 http fetch GET 200 https://registry.npmjs.org/@typescript-eslint/tsconfig-utils/-/tsconfig-utils-8.68.0.tgz 6706ms (cache miss)
3503 http fetch GET 200 https://registry.npmjs.org/has-bigints/-/has-bigints-1.1.0.tgz 6743ms (cache miss)
3504 http fetch GET 200 https://registry.npmjs.org/@eslint-community/eslint-utils/-/eslint-utils-4.10.1.tgz 6989ms (cache miss)
3505 http fetch GET 200 https://registry.npmjs.org/is-weakset/-/is-weakset-2.0.4.tgz 6867ms (cache miss)
3506 http fetch GET 200 https://registry.npmjs.org/@napi-rs/wasm-runtime/-/wasm-runtime-1.2.3.tgz 6939ms (cache miss)
3507 http fetch GET 200 https://registry.npmjs.org/which-boxed-primitive/-/which-boxed-primitive-1.1.1.tgz 7415ms (cache miss)
3508 http fetch GET 200 https://registry.npmjs.org/@typescript-eslint/visitor-keys/-/visitor-keys-8.68.0.tgz 7514ms (cache miss)
3509 http fetch GET 200 https://registry.npmjs.org/@typescript-eslint/parser/-/parser-8.68.0.tgz 7626ms (cache miss)
3510 http fetch GET 200 https://registry.npmjs.org/@typescript-eslint/project-service/-/project-service-8.68.0.tgz 7978ms (cache miss)
3511 http fetch GET 200 https://registry.npmjs.org/supports-preserve-symlinks-flag/-/supports-preserve-symlinks-flag-1.0.0.tgz 8332ms (cache miss)
3512 http fetch GET 200 https://registry.npmjs.org/reflect.getprototypeof/-/reflect.getprototypeof-1.0.10.tgz 8936ms (cache miss)
3513 http fetch GET 200 https://registry.npmjs.org/minimist/-/minimist-1.2.8.tgz 9030ms (cache miss)
3514 http fetch GET 200 https://registry.npmjs.org/which-builtin-type/-/which-builtin-type-1.2.1.tgz 10110ms (cache miss)
3515 http fetch GET 200 https://registry.npmjs.org/side-channel-map/-/side-channel-map-1.0.1.tgz 10523ms (cache miss)
3516 http fetch GET 200 https://registry.npmjs.org/react-is/-/react-is-16.13.1.tgz 10810ms (cache miss)
3517 http fetch GET 200 https://registry.npmjs.org/@emnapi/core/-/core-1.10.0.tgz 10900ms (cache miss)
3518 http fetch GET 200 https://registry.npmjs.org/for-each/-/for-each-0.3.5.tgz 11093ms (cache miss)
3519 http fetch GET 200 https://registry.npmjs.org/side-channel-list/-/side-channel-list-1.0.1.tgz 12432ms (cache miss)
3520 http fetch GET 200 https://registry.npmjs.org/@img/sharp-darwin-arm64/-/sharp-darwin-arm64-0.35.4.tgz 12604ms (cache miss)
3521 http fetch GET 200 https://registry.npmjs.org/scheduler/-/scheduler-0.27.0.tgz 12605ms (cache miss)
3522 http fetch GET 200 https://registry.npmjs.org/@emnapi/runtime/-/runtime-1.11.3.tgz 12639ms (cache miss)
3523 http fetch GET 200 https://registry.npmjs.org/side-channel-weakmap/-/side-channel-weakmap-1.0.2.tgz 12716ms (cache miss)
3524 http fetch GET 200 https://registry.npmjs.org/@next/env/-/env-16.3.3.tgz 12757ms (cache miss)
3525 http fetch GET 200 https://registry.npmjs.org/deep-is/-/deep-is-0.1.4.tgz 13037ms (cache miss)
3526 http fetch GET 200 https://registry.npmjs.org/concat-map/-/concat-map-0.0.1.tgz 13392ms (cache miss)
3527 http fetch GET 200 https://registry.npmjs.org/balanced-match/-/balanced-match-1.0.2.tgz 13573ms (cache miss)
3528 http fetch GET 200 https://registry.npmjs.org/prelude-ls/-/prelude-ls-1.2.1.tgz 13645ms (cache miss)
3529 http fetch GET 200 https://registry.npmjs.org/node-exports-info/-/node-exports-info-1.6.2.tgz 13748ms (cache miss)
3530 http fetch GET 200 https://registry.npmjs.org/picomatch/-/picomatch-2.3.2.tgz 13854ms (cache miss)
3531 http fetch GET 200 https://registry.npmjs.org/braces/-/braces-3.0.3.tgz 14054ms (cache miss)
3532 http fetch GET 200 https://registry.npmjs.org/set-function-name/-/set-function-name-2.0.2.tgz 14234ms (cache miss)
3533 http fetch GET 200 https://registry.npmjs.org/json-buffer/-/json-buffer-3.0.1.tgz 14548ms (cache miss)
3534 http fetch GET 200 https://registry.npmjs.org/tslib/-/tslib-2.8.1.tgz 14591ms (cache miss)
3535 http fetch GET 200 https://registry.npmjs.org/detect-libc/-/detect-libc-2.1.2.tgz 14690ms (cache miss)
3536 http fetch GET 200 https://registry.npmjs.org/side-channel/-/side-channel-1.1.1.tgz 14702ms (cache miss)
3537 http fetch GET 200 https://registry.npmjs.org/argparse/-/argparse-2.0.1.tgz 14861ms (cache miss)
3538 http fetch GET 200 https://registry.npmjs.org/resolve-pkg-maps/-/resolve-pkg-maps-1.0.0.tgz 15888ms (cache miss)
3539 http fetch GET 200 https://registry.npmjs.org/is-document.all/-/is-document.all-1.0.0.tgz 15926ms (cache miss)
3540 http fetch GET 200 https://registry.npmjs.org/@babel/helper-globals/-/helper-globals-7.29.7.tgz 15972ms (cache miss)
3541 http fetch GET 200 https://registry.npmjs.org/flat-cache/-/flat-cache-4.0.1.tgz 16030ms (cache miss)
3542 http fetch GET 200 https://registry.npmjs.org/@babel/helper-string-parser/-/helper-string-parser-7.29.7.tgz 16049ms (cache miss)
3543 http fetch GET 200 https://registry.npmjs.org/type-check/-/type-check-0.4.0.tgz 16092ms (cache miss)
3544 http fetch GET 200 https://registry.npmjs.org/dunder-proto/-/dunder-proto-1.0.1.tgz 16286ms (cache miss)
3545 http fetch GET 200 https://registry.npmjs.org/functions-have-names/-/functions-have-names-1.2.3.tgz 16809ms (cache miss)
3546 http fetch GET 200 https://registry.npmjs.org/gensync/-/gensync-1.0.0-beta.2.tgz 16994ms (cache miss)
3547 http fetch GET 200 https://registry.npmjs.org/@babel/helper-validator-identifier/-/helper-validator-identifier-7.29.7.tgz 17105ms (cache miss)
3548 http fetch GET 200 https://registry.npmjs.org/@babel/helper-module-imports/-/helper-module-imports-7.29.7.tgz 17356ms (cache miss)
3549 http fetch GET 200 https://registry.npmjs.org/@unrs/resolver-binding-darwin-arm64/-/resolver-binding-darwin-arm64-1.12.2.tgz 17973ms (cache miss)
3550 http fetch GET 200 https://registry.npmjs.org/@babel/code-frame/-/code-frame-7.29.7.tgz 18696ms (cache miss)
3551 http fetch GET 200 https://registry.npmjs.org/iterator.prototype/-/iterator.prototype-1.1.5.tgz 18742ms (cache miss)
3552 http fetch GET 200 https://registry.npmjs.org/@babel/helper-validator-option/-/helper-validator-option-7.29.7.tgz 18998ms (cache miss)
3553 http fetch GET 200 https://registry.npmjs.org/keyv/-/keyv-4.5.4.tgz 19000ms (cache miss)
3554 http fetch GET 200 https://registry.npmjs.org/prop-types/-/prop-types-15.8.1.tgz 19455ms (cache miss)
3555 http fetch GET 200 https://registry.npmjs.org/@babel/template/-/template-7.29.7.tgz 19940ms (cache miss)
3556 http fetch GET 200 https://registry.npmjs.org/zod-validation-error/-/zod-validation-error-4.0.2.tgz 19939ms (cache miss)
3557 http fetch GET 200 https://registry.npmjs.org/string.prototype.matchall/-/string.prototype.matchall-4.0.12.tgz 20437ms (cache miss)
3558 http fetch GET 200 https://registry.npmjs.org/language-tags/-/language-tags-1.0.9.tgz 21698ms (cache miss)
3559 http fetch GET 200 https://registry.npmjs.org/string.prototype.repeat/-/string.prototype.repeat-1.0.0.tgz 21878ms (cache miss)
3560 http fetch GET 200 https://registry.npmjs.org/emoji-regex/-/emoji-regex-9.2.2.tgz 21880ms (cache miss)
3561 http fetch GET 200 https://registry.npmjs.org/array.prototype.findlast/-/array.prototype.findlast-1.2.5.tgz 22051ms (cache miss)
3562 http fetch GET 200 https://registry.npmjs.org/array.prototype.tosorted/-/array.prototype.tosorted-1.1.4.tgz 22051ms (cache miss)
3563 http fetch GET 200 https://registry.npmjs.org/@babel/helper-compilation-targets/-/helper-compilation-targets-7.29.7.tgz 22482ms (cache miss)
3564 http fetch GET 200 https://registry.npmjs.org/@babel/helper-module-transforms/-/helper-module-transforms-7.29.7.tgz 22835ms (cache miss)
3565 http fetch GET 200 https://registry.npmjs.org/ast-types-flow/-/ast-types-flow-0.0.8.tgz 23373ms (cache miss)
3566 http fetch GET 200 https://registry.npmjs.org/damerau-levenshtein/-/damerau-levenshtein-1.0.8.tgz 23513ms (cache miss)
3567 http fetch GET 200 https://registry.npmjs.org/is-symbol/-/is-symbol-1.1.1.tgz 23627ms (cache miss)
3568 http fetch GET 200 https://registry.npmjs.org/is-date-object/-/is-date-object-1.1.0.tgz 23664ms (cache miss)
3569 http fetch GET 200 https://registry.npmjs.org/es-abstract-get/-/es-abstract-get-1.0.0.tgz 23917ms (cache miss)
3570 http fetch GET 200 https://registry.npmjs.org/object.entries/-/object.entries-1.1.9.tgz 25187ms (cache miss)
3571 http fetch GET 200 https://registry.npmjs.org/unbox-primitive/-/unbox-primitive-1.1.0.tgz 25282ms (cache miss)
3572 http fetch GET 200 https://registry.npmjs.org/@babel/compat-data/-/compat-data-7.29.7.tgz 25332ms (cache miss)
3573 http fetch GET 200 https://registry.npmjs.org/which-typed-array/-/which-typed-array-1.1.22.tgz 25330ms (cache miss)
3574 http fetch GET 200 https://registry.npmjs.org/typed-array-length/-/typed-array-length-1.0.8.tgz 25352ms (cache miss)
3575 http fetch GET 200 https://registry.npmjs.org/safe-regex-test/-/safe-regex-test-1.1.0.tgz 25495ms (cache miss)
3576 http fetch GET 200 https://registry.npmjs.org/typed-array-byte-offset/-/typed-array-byte-offset-1.0.4.tgz 25781ms (cache miss)
3577 http fetch GET 200 https://registry.npmjs.org/typed-array-buffer/-/typed-array-buffer-1.0.3.tgz 26490ms (cache miss)
3578 http fetch GET 200 https://registry.npmjs.org/stop-iteration-iterator/-/stop-iteration-iterator-1.1.0.tgz 26723ms (cache miss)
3579 http fetch GET 200 https://registry.npmjs.org/sharp/-/sharp-0.35.4.tgz 26837ms (cache miss)
3580 http fetch GET 200 https://registry.npmjs.org/string.prototype.trim/-/string.prototype.trim-1.2.11.tgz 26980ms (cache miss)
3581 http fetch GET 200 https://registry.npmjs.org/is-weakref/-/is-weakref-1.1.1.tgz 27265ms (cache miss)
3582 http fetch GET 200 https://registry.npmjs.org/regexp.prototype.flags/-/regexp.prototype.flags-1.5.4.tgz 27307ms (cache miss)
3583 http fetch GET 200 https://registry.npmjs.org/possible-typed-array-names/-/possible-typed-array-names-1.1.0.tgz 27480ms (cache miss)
3584 http fetch GET 200 https://registry.npmjs.org/own-keys/-/own-keys-1.0.2.tgz 27519ms (cache miss)
3585 http fetch GET 200 https://registry.npmjs.org/is-set/-/is-set-2.0.3.tgz 27658ms (cache miss)
3586 http fetch GET 200 https://registry.npmjs.org/typed-array-byte-length/-/typed-array-byte-length-1.0.3.tgz 27736ms (cache miss)
3587 http fetch GET 200 https://registry.npmjs.org/is-shared-array-buffer/-/is-shared-array-buffer-1.0.4.tgz 27843ms (cache miss)
3588 http fetch GET 200 https://registry.npmjs.org/is-typed-array/-/is-typed-array-1.1.15.tgz 28011ms (cache miss)
3589 http fetch GET 200 https://registry.npmjs.org/safe-array-concat/-/safe-array-concat-1.1.4.tgz 28172ms (cache miss)
3590 http fetch GET 200 https://registry.npmjs.org/is-negative-zero/-/is-negative-zero-2.0.3.tgz 28423ms (cache miss)
3591 http fetch GET 200 https://registry.npmjs.org/string.prototype.trimstart/-/string.prototype.trimstart-1.0.8.tgz 28487ms (cache miss)
3592 http fetch GET 200 https://registry.npmjs.org/set-proto/-/set-proto-1.0.0.tgz 28514ms (cache miss)
3593 http fetch GET 200 https://registry.npmjs.org/has-proto/-/has-proto-1.2.0.tgz 28788ms (cache miss)
3594 http fetch GET 200 https://registry.npmjs.org/is-array-buffer/-/is-array-buffer-3.0.5.tgz 28826ms (cache miss)
3595 http fetch GET 200 https://registry.npmjs.org/safe-push-apply/-/safe-push-apply-1.0.0.tgz 28827ms (cache miss)
3596 http fetch GET 200 https://registry.npmjs.org/globalthis/-/globalthis-1.0.4.tgz 28949ms (cache miss)
3597 http fetch GET 200 https://registry.npmjs.org/internal-slot/-/internal-slot-1.1.0.tgz 28949ms (cache miss)
3598 http fetch GET 200 https://registry.npmjs.org/is-data-view/-/is-data-view-1.0.2.tgz 29008ms (cache miss)
3599 http fetch GET 200 https://registry.npmjs.org/is-callable/-/is-callable-1.2.7.tgz 29038ms (cache miss)
3600 http fetch GET 200 https://registry.npmjs.org/function.prototype.name/-/function.prototype.name-1.2.0.tgz 29084ms (cache miss)
3601 http fetch GET 200 https://registry.npmjs.org/get-proto/-/get-proto-1.0.1.tgz 29095ms (cache miss)
3602 http fetch GET 200 https://registry.npmjs.org/es-set-tostringtag/-/es-set-tostringtag-2.1.0.tgz 29191ms (cache miss)
3603 http fetch GET 200 https://registry.npmjs.org/data-view-byte-offset/-/data-view-byte-offset-1.0.1.tgz 29409ms (cache miss)
3604 http fetch GET 200 https://registry.npmjs.org/array-buffer-byte-length/-/array-buffer-byte-length-1.0.2.tgz 29535ms (cache miss)
3605 http fetch GET 200 https://registry.npmjs.org/get-symbol-description/-/get-symbol-description-1.1.0.tgz 29541ms (cache miss)
3606 http fetch GET 200 https://registry.npmjs.org/has-property-descriptors/-/has-property-descriptors-1.0.2.tgz 29698ms (cache miss)
3607 http fetch GET 200 https://registry.npmjs.org/is-regex/-/is-regex-1.2.1.tgz 29867ms (cache miss)
3608 http fetch GET 200 https://registry.npmjs.org/es-to-primitive/-/es-to-primitive-1.3.4.tgz 29867ms (cache miss)
3609 http fetch GET 200 https://registry.npmjs.org/arraybuffer.prototype.slice/-/arraybuffer.prototype.slice-1.0.4.tgz 29868ms (cache miss)
3610 http fetch GET 200 https://registry.npmjs.org/define-data-property/-/define-data-property-1.1.4.tgz 29868ms (cache miss)
3611 http fetch GET 200 https://registry.npmjs.org/data-view-buffer/-/data-view-buffer-1.0.2.tgz 30077ms (cache miss)
3612 http fetch GET 200 https://registry.npmjs.org/object.assign/-/object.assign-4.1.7.tgz 30079ms (cache miss)
3613 http fetch GET 200 https://registry.npmjs.org/object-keys/-/object-keys-1.1.1.tgz 30207ms (cache miss)
3614 http fetch GET 200 https://registry.npmjs.org/call-bind-apply-helpers/-/call-bind-apply-helpers-1.0.2.tgz 30230ms (cache miss)
3615 http fetch GET 200 https://registry.npmjs.org/data-view-byte-length/-/data-view-byte-length-1.0.2.tgz 30519ms (cache miss)
3616 http fetch GET 200 https://registry.npmjs.org/es-errors/-/es-errors-1.3.0.tgz 30543ms (cache miss)
3617 http fetch GET 200 https://registry.npmjs.org/available-typed-arrays/-/available-typed-arrays-1.0.7.tgz 30545ms (cache miss)
3618 http fetch GET 200 https://registry.npmjs.org/es-shim-unscopables/-/es-shim-unscopables-1.1.0.tgz 30697ms (cache miss)
3619 http fetch GET 200 https://registry.npmjs.org/set-function-length/-/set-function-length-1.2.2.tgz 30870ms (cache miss)
3620 http fetch GET 200 https://registry.npmjs.org/define-properties/-/define-properties-1.2.1.tgz 31214ms (cache miss)
3621 http fetch GET 200 https://registry.npmjs.org/get-intrinsic/-/get-intrinsic-1.3.0.tgz 31216ms (cache miss)
3622 http fetch GET 200 https://registry.npmjs.org/es-define-property/-/es-define-property-1.0.1.tgz 31240ms (cache miss)
3623 http fetch GET 200 https://registry.npmjs.org/is-string/-/is-string-1.1.1.tgz 31393ms (cache miss)
3624 http fetch GET 200 https://registry.npmjs.org/math-intrinsics/-/math-intrinsics-1.1.0.tgz 31393ms (cache miss)
3625 http fetch GET 200 https://registry.npmjs.org/es-object-atoms/-/es-object-atoms-1.1.2.tgz 31579ms (cache miss)
3626 http fetch GET 200 https://registry.npmjs.org/call-bind/-/call-bind-1.0.9.tgz 31746ms (cache miss)
3627 http fetch GET 200 https://registry.npmjs.org/call-bound/-/call-bound-1.0.4.tgz 31746ms (cache miss)
3628 http fetch GET 200 https://registry.npmjs.org/array.prototype.flat/-/array.prototype.flat-1.3.3.tgz 32005ms (cache miss)
3629 http fetch GET 200 https://registry.npmjs.org/hasown/-/hasown-2.0.4.tgz 32006ms (cache miss)
3630 http fetch GET 200 https://registry.npmjs.org/string.prototype.trimend/-/string.prototype.trimend-1.0.10.tgz 32006ms (cache miss)
3631 http fetch GET 200 https://registry.npmjs.org/object.fromentries/-/object.fromentries-2.0.8.tgz 32029ms (cache miss)
3632 http fetch GET 200 https://registry.npmjs.org/object.values/-/object.values-1.2.1.tgz 32171ms (cache miss)
3633 http fetch GET 200 https://registry.npmjs.org/object.groupby/-/object.groupby-1.0.3.tgz 32212ms (cache miss)
3634 http fetch GET 200 https://registry.npmjs.org/gopd/-/gopd-1.2.0.tgz 32349ms (cache miss)
3635 http fetch GET 200 https://registry.npmjs.org/array.prototype.flatmap/-/array.prototype.flatmap-1.3.3.tgz 32714ms (cache miss)
3636 http fetch GET 200 https://registry.npmjs.org/array.prototype.findlastindex/-/array.prototype.findlastindex-1.2.6.tgz 32774ms (cache miss)
3637 http fetch GET 200 https://registry.npmjs.org/is-bun-module/-/is-bun-module-2.0.0.tgz 32774ms (cache miss)
3638 http fetch GET 200 https://registry.npmjs.org/array-includes/-/array-includes-3.1.9.tgz 32775ms (cache miss)
3639 http fetch GET 200 https://registry.npmjs.org/stable-hash/-/stable-hash-0.0.5.tgz 32897ms (cache miss)
3640 http fetch GET 200 https://registry.npmjs.org/tinyglobby/-/tinyglobby-0.2.17.tgz 33079ms (cache miss)
3641 http fetch GET 200 https://registry.npmjs.org/is-core-module/-/is-core-module-2.16.2.tgz 33190ms (cache miss)
3642 http fetch GET 200 https://registry.npmjs.org/get-tsconfig/-/get-tsconfig-4.14.3.tgz 33190ms (cache miss)
3643 http fetch GET 200 https://registry.npmjs.org/doctrine/-/doctrine-2.1.0.tgz 33375ms (cache miss)
3644 http fetch GET 200 https://registry.npmjs.org/@humanfs/types/-/types-0.15.0.tgz 34128ms (cache miss)
3645 http fetch GET 200 https://registry.npmjs.org/optionator/-/optionator-0.9.4.tgz 34244ms (cache miss)
3646 http fetch GET 200 https://registry.npmjs.org/eslint-import-resolver-typescript/-/eslint-import-resolver-typescript-3.10.1.tgz 34513ms (cache miss)
3647 http fetch GET 200 https://registry.npmjs.org/levn/-/levn-0.4.1.tgz 34536ms (cache miss)
3648 http fetch GET 200 https://registry.npmjs.org/fast-json-stable-stringify/-/fast-json-stable-stringify-2.1.0.tgz 34707ms (cache miss)
3649 http fetch GET 200 https://registry.npmjs.org/@humanfs/core/-/core-0.19.2.tgz 34712ms (cache miss)
3650 http fetch GET 200 https://registry.npmjs.org/fast-deep-equal/-/fast-deep-equal-3.1.3.tgz 34894ms (cache miss)
3651 http fetch GET 200 https://registry.npmjs.org/function-bind/-/function-bind-1.1.2.tgz 34907ms (cache miss)
3652 http fetch GET 200 https://registry.npmjs.org/esutils/-/esutils-2.0.3.tgz 35084ms (cache miss)
3653 http fetch GET 200 https://registry.npmjs.org/json-stable-stringify-without-jsonify/-/json-stable-stringify-without-jsonify-1.0.1.tgz 35114ms (cache miss)
3654 http fetch GET 200 https://registry.npmjs.org/eslint-visitor-keys/-/eslint-visitor-keys-4.2.1.tgz 35115ms (cache miss)
3655 http fetch GET 200 https://registry.npmjs.org/chalk/-/chalk-4.1.2.tgz 35799ms (cache miss)
3656 http fetch GET 200 https://registry.npmjs.org/@humanwhocodes/retry/-/retry-0.4.3.tgz 35855ms (cache miss)
3657 http fetch GET 200 https://registry.npmjs.org/debug/-/debug-4.4.3.tgz 35890ms (cache miss)
3658 http fetch GET 200 https://registry.npmjs.org/espree/-/espree-10.4.0.tgz 36065ms (cache miss)
3659 http fetch GET 200 https://registry.npmjs.org/@humanfs/node/-/node-0.16.8.tgz 36179ms (cache miss)
3660 http fetch GET 200 https://registry.npmjs.org/typescript-eslint/-/typescript-eslint-8.68.0.tgz 36423ms (cache miss)
3661 http fetch GET 200 https://registry.npmjs.org/tapable/-/tapable-2.3.3.tgz 37080ms (cache miss)
3662 http fetch GET 200 https://registry.npmjs.org/lightningcss/-/lightningcss-1.32.0.tgz 37133ms (cache miss)
3663 http fetch GET 200 https://registry.npmjs.org/@humanwhocodes/module-importer/-/module-importer-1.0.1.tgz 37624ms (cache miss)
3664 http fetch GET 200 https://registry.npmjs.org/@types/react-dom/-/react-dom-19.2.5.tgz 37686ms (cache miss)
3665 http fetch GET 200 https://registry.npmjs.org/@jridgewell/sourcemap-codec/-/sourcemap-codec-1.6.0.tgz 37775ms (cache miss)
3666 http fetch GET 200 https://registry.npmjs.org/source-map-js/-/source-map-js-1.2.1.tgz 37810ms (cache miss)
3667 http fetch GET 200 https://registry.npmjs.org/eslint-scope/-/eslint-scope-8.4.0.tgz 37901ms (cache miss)
3668 http fetch GET 200 https://registry.npmjs.org/@jridgewell/trace-mapping/-/trace-mapping-0.3.31.tgz 38774ms (cache miss)
3669 http fetch GET 200 https://registry.npmjs.org/@types/react/-/react-19.2.18.tgz 39035ms (cache miss)
3670 http fetch GET 200 https://registry.npmjs.org/react/-/react-19.2.8.tgz 41093ms (cache miss)
3671 http fetch GET 200 https://registry.npmjs.org/@jridgewell/remapping/-/remapping-2.3.5.tgz 42463ms (cache miss)
3672 http fetch GET 200 https://registry.npmjs.org/postcss/-/postcss-8.5.26.tgz 43035ms (cache miss)
3673 http fetch GET 200 https://registry.npmjs.org/eslint-config-next/-/eslint-config-next-16.3.3.tgz 44920ms (cache miss)
3674 http fetch GET 200 https://registry.npmjs.org/tailwindcss/-/tailwindcss-4.3.3.tgz 45465ms (cache miss)
3675 http fetch GET 200 https://registry.npmjs.org/esquery/-/esquery-1.7.0.tgz 45583ms (cache miss)
3676 http fetch GET 200 https://registry.npmjs.org/eslint-visitor-keys/-/eslint-visitor-keys-5.0.1.tgz 46374ms (cache miss)
3677 http fetch GET 200 https://registry.npmjs.org/debug/-/debug-3.2.7.tgz 46923ms (cache miss)
3678 http fetch GET 200 https://registry.npmjs.org/picomatch/-/picomatch-4.0.7.tgz 49054ms (cache miss)
3679 http fetch GET 200 https://registry.npmjs.org/@tailwindcss/node/-/node-4.3.3.tgz 49589ms (cache miss)
3680 http fetch GET 200 https://registry.npmjs.org/debug/-/debug-3.2.7.tgz 49920ms (cache miss)
3681 http fetch GET 200 https://registry.npmjs.org/fdir/-/fdir-6.5.0.tgz 49921ms (cache miss)
3682 http fetch GET 200 https://registry.npmjs.org/@emnapi/runtime/-/runtime-1.10.0.tgz 50249ms (cache miss)
3683 http fetch GET 200 https://registry.npmjs.org/debug/-/debug-3.2.7.tgz 50275ms (cache miss)
3684 http fetch GET 200 https://registry.npmjs.org/eslint-visitor-keys/-/eslint-visitor-keys-3.4.3.tgz 50777ms (cache miss)
3685 http fetch GET 200 https://registry.npmjs.org/nanoid/-/nanoid-3.3.18.tgz 50776ms (cache miss)
3686 http fetch GET 200 https://registry.npmjs.org/napi-postinstall/-/napi-postinstall-0.3.4.tgz 50779ms (cache miss)
3687 http fetch GET 200 https://registry.npmjs.org/eslint-visitor-keys/-/eslint-visitor-keys-3.4.3.tgz 51209ms (cache miss)
3688 http fetch GET 200 https://registry.npmjs.org/postcss/-/postcss-8.5.23.tgz 51563ms (cache miss)
3689 http fetch GET 200 https://registry.npmjs.org/@tailwindcss/postcss/-/postcss-4.3.3.tgz 51860ms (cache miss)
3690 http fetch GET 200 https://registry.npmjs.org/magic-string/-/magic-string-0.30.21.tgz 51989ms (cache miss)
3691 http fetch GET 200 https://registry.npmjs.org/baseline-browser-mapping/-/baseline-browser-mapping-2.11.20.tgz 52011ms (cache miss)
3692 http fetch GET 200 https://registry.npmjs.org/json5/-/json5-2.2.3.tgz 52336ms (cache miss)
3693 http fetch GET 200 https://registry.npmjs.org/jsesc/-/jsesc-3.1.0.tgz 52366ms (cache miss)
3694 http fetch GET 200 https://registry.npmjs.org/which/-/which-2.0.2.tgz 53065ms (cache miss)
3695 http fetch GET 200 https://registry.npmjs.org/semver/-/semver-6.3.1.tgz 53700ms (cache miss)
3696 http fetch GET 200 https://registry.npmjs.org/acorn/-/acorn-8.18.0.tgz 54816ms (cache miss)
3697 http fetch GET 200 https://registry.npmjs.org/semver/-/semver-7.8.5.tgz 55261ms (cache miss)
3698 http fetch GET 200 https://registry.npmjs.org/semver/-/semver-7.8.5.tgz 55359ms (cache miss)
3699 http fetch GET 200 https://registry.npmjs.org/@tailwindcss/oxide-darwin-arm64/-/oxide-darwin-arm64-4.3.3.tgz 55911ms (cache miss)
3700 http fetch GET 200 https://registry.npmjs.org/semver/-/semver-7.8.5.tgz 56321ms (cache miss)
3701 http fetch GET 200 https://registry.npmjs.org/json5/-/json5-1.0.2.tgz 56723ms (cache miss)
3702 http fetch GET 200 https://registry.npmjs.org/@typescript-eslint/type-utils/-/type-utils-8.68.0.tgz 57344ms (cache miss)
3703 http fetch GET 200 https://registry.npmjs.org/@typescript-eslint/types/-/types-8.68.0.tgz 57344ms (cache miss)
3704 http fetch GET 200 https://registry.npmjs.org/jiti/-/jiti-2.7.0.tgz 57434ms (cache miss)
3705 http fetch GET 200 https://registry.npmjs.org/@typescript-eslint/scope-manager/-/scope-manager-8.68.0.tgz 57926ms (cache miss)
3706 http fetch GET 200 https://registry.npmjs.org/hermes-estree/-/hermes-estree-0.25.1.tgz 58918ms (cache miss)
3707 http fetch GET 200 https://registry.npmjs.org/reusify/-/reusify-1.1.0.tgz 58919ms (cache miss)
3708 http fetch GET 200 https://registry.npmjs.org/@typescript-eslint/typescript-estree/-/typescript-estree-8.68.0.tgz 59601ms (cache miss)
3709 http fetch GET 200 https://registry.npmjs.org/@types/node/-/node-20.19.43.tgz 60231ms (cache miss)
3710 http fetch GET 200 https://registry.npmjs.org/@nodelib/fs.scandir/-/fs.scandir-2.1.5.tgz 60304ms (cache miss)
3711 http fetch GET 200 https://registry.npmjs.org/@swc/helpers/-/helpers-0.5.23.tgz 60311ms (cache miss)
3712 http fetch GET 200 https://registry.npmjs.org/fastq/-/fastq-1.20.2.tgz 60574ms (cache miss)
3713 http fetch GET 200 https://registry.npmjs.org/node-releases/-/node-releases-2.0.54.tgz 60922ms (cache miss)
3714 http fetch GET 200 https://registry.npmjs.org/@nodelib/fs.stat/-/fs.stat-2.0.5.tgz 61093ms (cache miss)
3715 http fetch GET 200 https://registry.npmjs.org/@nodelib/fs.walk/-/fs.walk-1.2.8.tgz 61266ms (cache miss)
3716 http fetch GET 200 https://registry.npmjs.org/string.prototype.includes/-/string.prototype.includes-2.0.1.tgz 62354ms (cache miss)
3717 http fetch GET 200 https://registry.npmjs.org/@babel/helpers/-/helpers-7.29.7.tgz 64507ms (cache miss)
3718 http fetch GET 200 https://registry.npmjs.org/language-subtag-registry/-/language-subtag-registry-0.3.23.tgz 64704ms (cache miss)
3719 http fetch GET 200 https://registry.npmjs.org/styled-jsx/-/styled-jsx-5.1.6.tgz 64706ms (cache miss)
3720 http fetch GET 200 https://registry.npmjs.org/has-tostringtag/-/has-tostringtag-1.0.2.tgz 64781ms (cache miss)
3721 http fetch GET 200 https://registry.npmjs.org/@babel/generator/-/generator-7.29.8.tgz 64838ms (cache miss)
3722 http fetch GET 200 https://registry.npmjs.org/es-iterator-helpers/-/es-iterator-helpers-1.4.0.tgz 64994ms (cache miss)
3723 http fetch GET 200 https://registry.npmjs.org/has-symbols/-/has-symbols-1.1.0.tgz 65287ms (cache miss)
3724 http fetch GET 200 https://registry.npmjs.org/eslint-plugin-react-hooks/-/eslint-plugin-react-hooks-7.1.1.tgz 65987ms (cache miss)
3725 http fetch GET 200 https://registry.npmjs.org/json-schema-traverse/-/json-schema-traverse-0.4.1.tgz 66754ms (cache miss)
3726 http fetch GET 200 https://registry.npmjs.org/object-inspect/-/object-inspect-1.13.4.tgz 66755ms (cache miss)
3727 http fetch GET 200 https://registry.npmjs.org/lucide-react/-/lucide-react-1.34.0.tgz 67814ms (cache miss)
3728 http fetch GET 200 https://registry.npmjs.org/@next/eslint-plugin-next/-/eslint-plugin-next-16.3.3.tgz 67294ms (cache miss)
3729 http fetch GET 200 https://registry.npmjs.org/@eslint/object-schema/-/object-schema-2.1.7.tgz 67964ms (cache miss)
3730 http fetch GET 200 https://registry.npmjs.org/@eslint/js/-/js-9.39.5.tgz 68080ms (cache miss)
3731 http fetch GET 200 https://registry.npmjs.org/@eslint/config-helpers/-/config-helpers-0.4.2.tgz 68958ms (cache miss)
3732 http fetch GET 200 https://registry.npmjs.org/@eslint/plugin-kit/-/plugin-kit-0.4.1.tgz 69127ms (cache miss)
3733 http fetch GET 200 https://registry.npmjs.org/es-abstract/-/es-abstract-1.24.2.tgz 69299ms (cache miss)
3734 http fetch GET 200 https://registry.npmjs.org/@jridgewell/resolve-uri/-/resolve-uri-3.1.2.tgz 69845ms (cache miss)
3735 http fetch GET 200 https://registry.npmjs.org/@eslint/core/-/core-0.17.0.tgz 70433ms (cache miss)
3736 http fetch GET 200 https://registry.npmjs.org/cross-spawn/-/cross-spawn-7.0.6.tgz 70433ms (cache miss)
3737 http fetch GET 200 https://registry.npmjs.org/hermes-parser/-/hermes-parser-0.25.1.tgz 70797ms (cache miss)
3738 http fetch GET 200 https://registry.npmjs.org/brace-expansion/-/brace-expansion-5.0.9.tgz 71318ms (cache miss)
3739 http fetch GET 200 https://registry.npmjs.org/axe-core/-/axe-core-4.13.0.tgz 71627ms (cache miss)
3740 http fetch GET 200 https://registry.npmjs.org/@jridgewell/gen-mapping/-/gen-mapping-0.3.13.tgz 71799ms (cache miss)
3741 http fetch GET 200 https://registry.npmjs.org/balanced-match/-/balanced-match-4.0.4.tgz 71947ms (cache miss)
3742 http fetch GET 200 https://registry.npmjs.org/eslint-plugin-react/-/eslint-plugin-react-7.37.5.tgz 72036ms (cache miss)
3743 http fetch GET 200 https://registry.npmjs.org/enhanced-resolve/-/enhanced-resolve-5.24.5.tgz 72039ms (cache miss)
3744 http fetch GET 200 https://registry.npmjs.org/minimatch/-/minimatch-10.2.6.tgz 73973ms (cache miss)
3745 http fetch GET 200 https://registry.npmjs.org/caniuse-lite/-/caniuse-lite-1.0.30001810.tgz 74083ms (cache miss)
3746 http fetch GET 200 https://registry.npmjs.org/flatted/-/flatted-3.4.4.tgz 74774ms (cache miss)
3747 http fetch GET 200 https://registry.npmjs.org/@eslint/eslintrc/-/eslintrc-3.3.6.tgz 74929ms (cache miss)
3748 http fetch GET 200 https://registry.npmjs.org/@typescript-eslint/utils/-/utils-8.68.0.tgz 75132ms (cache miss)
3749 http fetch GET 200 https://registry.npmjs.org/ajv/-/ajv-6.15.0.tgz 75477ms (cache miss)
3750 http fetch GET 200 https://registry.npmjs.org/@tybys/wasm-util/-/wasm-util-0.10.3.tgz 76589ms (cache miss)
3751 http fetch GET 200 https://registry.npmjs.org/eslint-plugin-import/-/eslint-plugin-import-2.32.0.tgz 77890ms (cache miss)
3752 http fetch GET 200 https://registry.npmjs.org/jsx-ast-utils/-/jsx-ast-utils-3.3.5.tgz 77864ms (cache miss)
3753 http fetch GET 200 https://registry.npmjs.org/@babel/parser/-/parser-7.29.8.tgz 78160ms (cache miss)
3754 http fetch GET 200 https://registry.npmjs.org/@babel/traverse/-/traverse-7.29.8.tgz 78207ms (cache miss)
3755 http fetch GET 200 https://registry.npmjs.org/axobject-query/-/axobject-query-4.1.0.tgz 79253ms (cache miss)
3756 http fetch GET 200 https://registry.npmjs.org/fast-glob/-/fast-glob-3.3.1.tgz 79869ms (cache miss)
3757 http fetch GET 200 https://registry.npmjs.org/tsconfig-paths/-/tsconfig-paths-3.15.0.tgz 80050ms (cache miss)
3758 http fetch GET 200 https://registry.npmjs.org/aria-query/-/aria-query-5.3.2.tgz 80207ms (cache miss)
3759 http fetch GET 200 https://registry.npmjs.org/@eslint/config-array/-/config-array-0.21.2.tgz 80583ms (cache miss)
3760 http fetch GET 200 https://registry.npmjs.org/resolve/-/resolve-2.0.0-next.7.tgz 82214ms (cache miss)
3761 http fetch GET 200 https://registry.npmjs.org/eslint-plugin-jsx-a11y/-/eslint-plugin-jsx-a11y-6.10.2.tgz 85377ms (cache miss)
3762 http fetch GET 200 https://registry.npmjs.org/@babel/core/-/core-7.29.7.tgz 85937ms (cache miss)
3763 http fetch GET 200 https://registry.npmjs.org/uri-js/-/uri-js-4.4.1.tgz 85999ms (cache miss)
3764 http fetch GET 200 https://registry.npmjs.org/@typescript-eslint/eslint-plugin/-/eslint-plugin-8.68.0.tgz 86536ms (cache miss)
3765 http fetch GET 200 https://registry.npmjs.org/js-yaml/-/js-yaml-4.3.2.tgz 88114ms (cache miss)
3766 http fetch GET 200 https://registry.npmjs.org/@babel/types/-/types-7.29.8.tgz 88100ms (cache miss)
3767 http fetch GET 200 https://registry.npmjs.org/eslint/-/eslint-9.39.5.tgz 98200ms (cache miss)
3768 warn deprecated eslint@9.39.5: This version is no longer supported. Please see https://eslint.org/version-support for other options.
3769 http fetch GET 200 https://registry.npmjs.org/react-dom/-/react-dom-19.2.8.tgz 98823ms (cache miss)
3770 http fetch GET 200 https://registry.npmjs.org/zod/-/zod-4.4.3.tgz 102583ms (cache miss)
3771 http fetch GET 200 https://registry.npmjs.org/lightningcss-darwin-arm64/-/lightningcss-darwin-arm64-1.32.0.tgz 105496ms (cache miss)
3772 http fetch GET 200 https://registry.npmjs.org/@img/sharp-wasm32/-/sharp-wasm32-0.35.4.tgz 118125ms (cache miss)
3773 http fetch GET 200 https://registry.npmjs.org/typescript/-/typescript-5.9.3.tgz 160378ms (cache miss)
3774 http fetch GET 200 https://registry.npmjs.org/@img/sharp-libvips-darwin-arm64/-/sharp-libvips-darwin-arm64-1.3.3.tgz 177384ms (cache miss)
