0 verbose cli /usr/local/bin/node /usr/local/bin/npm
1 info using npm@10.9.2
2 info using node@v22.17.0
3 silly config load:file:/usr/local/lib/node_modules/npm/npmrc
4 silly config load:file:/Users/sachingopalakrishnan/FINTRACE/sentinel-app/.npmrc
5 silly config load:file:/Users/sachingopalakrishnan/.npmrc
6 silly config load:file:/usr/local/etc/npmrc
7 verbose title npm install
8 verbose argv "install"
9 verbose logfile logs-max:10 dir:/Users/sachingopalakrishnan/FINTRACE/sentinel-app/.npm-local/_logs/2026-08-28T06_55_12_850Z-
10 verbose logfile /Users/sachingopalakrishnan/FINTRACE/sentinel-app/.npm-local/_logs/2026-08-28T06_55_12_850Z-debug-0.log
11 silly logfile done cleaning log files
12 silly packumentCache heap:4345298944 maxSize:1086324736 maxEntrySize:543162368
13 silly idealTree buildDeps
14 silly fetch manifest next@16.3.3
15 silly packumentCache full:https://registry.npmjs.org/next cache-miss
16 http fetch GET 200 https://registry.npmjs.org/next 7435ms (cache miss)
17 silly packumentCache full:https://registry.npmjs.org/next set size:undefined disposed:false
18 silly fetch manifest @opentelemetry/api@^1.1.0
19 silly packumentCache full:https://registry.npmjs.org/@opentelemetry%2fapi cache-miss
20 http fetch GET 200 https://registry.npmjs.org/@opentelemetry%2fapi 564ms (cache miss)
21 silly packumentCache full:https://registry.npmjs.org/@opentelemetry%2fapi set size:undefined disposed:false
22 silly fetch manifest @playwright/test@^1.51.1
23 silly packumentCache full:https://registry.npmjs.org/@playwright%2ftest cache-miss
24 http fetch GET 200 https://registry.npmjs.org/@playwright%2ftest 4917ms (cache miss)
25 silly packumentCache full:https://registry.npmjs.org/@playwright%2ftest set size:undefined disposed:false
26 silly fetch manifest babel-plugin-react-compiler@*
27 silly packumentCache full:https://registry.npmjs.org/babel-plugin-react-compiler cache-miss
28 http fetch GET 200 https://registry.npmjs.org/babel-plugin-react-compiler 532ms (cache miss)
29 silly packumentCache full:https://registry.npmjs.org/babel-plugin-react-compiler set size:undefined disposed:false
30 silly fetch manifest react@19.2.8
31 silly packumentCache full:https://registry.npmjs.org/react cache-miss
32 http fetch GET 200 https://registry.npmjs.org/react 2654ms (cache miss)
33 silly packumentCache full:https://registry.npmjs.org/react set size:undefined disposed:false
34 silly fetch manifest react-dom@19.2.8
35 silly packumentCache full:https://registry.npmjs.org/react-dom cache-miss
36 http fetch GET 200 https://registry.npmjs.org/react-dom 2141ms (cache miss)
37 silly packumentCache full:https://registry.npmjs.org/react-dom set size:undefined disposed:false
38 silly fetch manifest sass@^1.3.0
39 silly packumentCache full:https://registry.npmjs.org/sass cache-miss
40 http fetch GET 200 https://registry.npmjs.org/sass 592ms (cache miss)
41 silly packumentCache full:https://registry.npmjs.org/sass set size:undefined disposed:false
42 silly fetch manifest @tailwindcss/postcss@^4
43 silly packumentCache full:https://registry.npmjs.org/@tailwindcss%2fpostcss cache-miss
44 http fetch GET 200 https://registry.npmjs.org/@tailwindcss%2fpostcss 652ms (cache miss)
45 silly packumentCache full:https://registry.npmjs.org/@tailwindcss%2fpostcss set size:undefined disposed:false
46 silly fetch manifest @types/node@^20
47 silly packumentCache full:https://registry.npmjs.org/@types%2fnode cache-miss
48 http fetch GET 200 https://registry.npmjs.org/@types%2fnode 1508ms (cache miss)
49 silly packumentCache full:https://registry.npmjs.org/@types%2fnode set size:undefined disposed:false
50 silly fetch manifest @types/react@^19
51 silly packumentCache full:https://registry.npmjs.org/@types%2freact cache-miss
52 http fetch GET 200 https://registry.npmjs.org/@types%2freact 397ms (cache miss)
53 silly packumentCache full:https://registry.npmjs.org/@types%2freact set size:undefined disposed:false
54 silly fetch manifest @types/react-dom@^19
55 silly packumentCache full:https://registry.npmjs.org/@types%2freact-dom cache-miss
56 http fetch GET 200 https://registry.npmjs.org/@types%2freact-dom 147ms (cache miss)
57 silly packumentCache full:https://registry.npmjs.org/@types%2freact-dom set size:undefined disposed:false
58 silly fetch manifest eslint@^9
59 silly packumentCache full:https://registry.npmjs.org/eslint cache-miss
60 http fetch GET 200 https://registry.npmjs.org/eslint 553ms (cache miss)
61 silly packumentCache full:https://registry.npmjs.org/eslint set size:undefined disposed:false
62 silly fetch manifest jiti@*
63 silly packumentCache full:https://registry.npmjs.org/jiti cache-miss
64 http fetch GET 200 https://registry.npmjs.org/jiti 735ms (cache miss)
65 silly packumentCache full:https://registry.npmjs.org/jiti set size:undefined disposed:false
66 silly fetch manifest eslint-config-next@16.3.3
67 silly packumentCache full:https://registry.npmjs.org/eslint-config-next cache-miss
68 http fetch GET 200 https://registry.npmjs.org/eslint-config-next 1488ms (cache miss)
69 silly packumentCache full:https://registry.npmjs.org/eslint-config-next set size:undefined disposed:false
70 silly fetch manifest typescript@^5
71 silly packumentCache full:https://registry.npmjs.org/typescript cache-miss
72 http fetch GET 200 https://registry.npmjs.org/typescript 1834ms (cache miss)
73 silly packumentCache full:https://registry.npmjs.org/typescript set size:undefined disposed:false
74 silly fetch manifest tailwindcss@^4
75 silly packumentCache full:https://registry.npmjs.org/tailwindcss cache-miss
76 http fetch GET 200 https://registry.npmjs.org/tailwindcss 1409ms (cache miss)
77 silly packumentCache full:https://registry.npmjs.org/tailwindcss set size:undefined disposed:false
78 silly placeDep ROOT @tailwindcss/postcss@4.3.3 OK for: sentinel-app@0.1.0 want: ^4
79 silly placeDep ROOT @types/node@20.19.43 OK for: sentinel-app@0.1.0 want: ^20
80 silly placeDep ROOT @types/react@19.2.18 OK for: sentinel-app@0.1.0 want: ^19
81 silly placeDep ROOT @types/react-dom@19.2.5 OK for: sentinel-app@0.1.0 want: ^19
82 silly placeDep ROOT eslint@9.39.5 OK for: sentinel-app@0.1.0 want: ^9
83 silly placeDep ROOT eslint-config-next@16.3.3 OK for: sentinel-app@0.1.0 want: 16.3.3
84 silly placeDep ROOT next@16.3.3 OK for: sentinel-app@0.1.0 want: 16.3.3
85 silly placeDep ROOT react@19.2.8 OK for: next@16.3.3 want: ^18.2.0 || 19.0.0-rc-de68d2f4-20241204 || ^19.0.0
86 silly placeDep ROOT react-dom@19.2.8 OK for: next@16.3.3 want: ^18.2.0 || 19.0.0-rc-de68d2f4-20241204 || ^19.0.0
87 silly placeDep ROOT tailwindcss@4.3.3 OK for: sentinel-app@0.1.0 want: ^4
88 silly placeDep ROOT typescript@5.9.3 OK for: sentinel-app@0.1.0 want: ^5
89 silly fetch manifest postcss@^8.5.16
90 silly packumentCache full:https://registry.npmjs.org/postcss cache-miss
91 silly fetch manifest tailwindcss@4.3.3
92 silly packumentCache full:https://registry.npmjs.org/tailwindcss cache-miss
93 silly fetch manifest @alloc/quick-lru@^5.2.0
94 silly packumentCache full:https://registry.npmjs.org/@alloc%2fquick-lru cache-miss
95 silly fetch manifest @tailwindcss/node@4.3.3
96 silly packumentCache full:https://registry.npmjs.org/@tailwindcss%2fnode cache-miss
97 silly fetch manifest @tailwindcss/oxide@4.3.3
98 silly packumentCache full:https://registry.npmjs.org/@tailwindcss%2foxide cache-miss
99 silly fetch manifest undici-types@~6.21.0
100 silly packumentCache full:https://registry.npmjs.org/undici-types cache-miss
101 silly fetch manifest csstype@^3.2.2
102 silly packumentCache full:https://registry.npmjs.org/csstype cache-miss
103 silly fetch manifest ajv@^6.14.0
104 silly packumentCache full:https://registry.npmjs.org/ajv cache-miss
105 silly fetch manifest chalk@^4.0.0
106 silly packumentCache full:https://registry.npmjs.org/chalk cache-miss
107 http cache https://registry.npmjs.org/tailwindcss 17ms (cache hit)
108 silly packumentCache full:https://registry.npmjs.org/tailwindcss set size:10868886 disposed:false
109 silly fetch manifest debug@^4.3.2
110 silly packumentCache full:https://registry.npmjs.org/debug cache-miss
111 http fetch GET 200 https://registry.npmjs.org/postcss 514ms (cache miss)
112 silly packumentCache full:https://registry.npmjs.org/postcss set size:undefined disposed:false
113 silly fetch manifest espree@^10.4.0
114 silly packumentCache full:https://registry.npmjs.org/espree cache-miss
115 http fetch GET 200 https://registry.npmjs.org/espree 141ms (cache miss)
116 silly packumentCache full:https://registry.npmjs.org/espree set size:undefined disposed:false
117 silly fetch manifest ignore@^5.2.0
118 silly packumentCache full:https://registry.npmjs.org/ignore cache-miss
119 http fetch GET 200 https://registry.npmjs.org/@alloc%2fquick-lru 680ms (cache miss)
120 silly packumentCache full:https://registry.npmjs.org/@alloc%2fquick-lru set size:undefined disposed:false
121 silly fetch manifest esquery@^1.5.0
122 silly packumentCache full:https://registry.npmjs.org/esquery cache-miss
123 http fetch GET 200 https://registry.npmjs.org/debug 770ms (cache miss)
124 silly packumentCache full:https://registry.npmjs.org/debug set size:undefined disposed:false
125 silly fetch manifest esutils@^2.0.2
126 silly packumentCache full:https://registry.npmjs.org/esutils cache-miss
127 http fetch GET 200 https://registry.npmjs.org/undici-types 811ms (cache miss)
128 silly packumentCache full:https://registry.npmjs.org/undici-types set size:undefined disposed:false
129 silly fetch manifest find-up@^5.0.0
130 silly packumentCache full:https://registry.npmjs.org/find-up cache-miss
131 http fetch GET 200 https://registry.npmjs.org/csstype 828ms (cache miss)
132 silly packumentCache full:https://registry.npmjs.org/csstype set size:undefined disposed:false
133 silly fetch manifest is-glob@^4.0.0
134 silly packumentCache full:https://registry.npmjs.org/is-glob cache-miss
135 http fetch GET 200 https://registry.npmjs.org/esquery 162ms (cache miss)
136 silly packumentCache full:https://registry.npmjs.org/esquery set size:undefined disposed:false
137 silly fetch manifest minimatch@^3.1.5
138 silly packumentCache full:https://registry.npmjs.org/minimatch cache-miss
139 http fetch GET 200 https://registry.npmjs.org/ignore 185ms (cache miss)
140 silly packumentCache full:https://registry.npmjs.org/ignore set size:undefined disposed:false
141 silly fetch manifest @eslint/js@9.39.5
142 silly packumentCache full:https://registry.npmjs.org/@eslint%2fjs cache-miss
143 http fetch GET 200 https://registry.npmjs.org/chalk 847ms (cache miss)
144 silly packumentCache full:https://registry.npmjs.org/chalk set size:undefined disposed:false
145 silly fetch manifest optionator@^0.9.3
146 silly packumentCache full:https://registry.npmjs.org/optionator cache-miss
147 http fetch GET 200 https://registry.npmjs.org/ajv 902ms (cache miss)
148 silly packumentCache full:https://registry.npmjs.org/ajv set size:undefined disposed:false
149 silly fetch manifest cross-spawn@^7.0.6
150 silly packumentCache full:https://registry.npmjs.org/cross-spawn cache-miss
151 http fetch GET 200 https://registry.npmjs.org/esutils 106ms (cache miss)
152 silly packumentCache full:https://registry.npmjs.org/esutils set size:undefined disposed:false
153 silly fetch manifest glob-parent@^6.0.2
154 silly packumentCache full:https://registry.npmjs.org/glob-parent cache-miss
155 http fetch GET 200 https://registry.npmjs.org/is-glob 89ms (cache miss)
156 silly packumentCache full:https://registry.npmjs.org/is-glob set size:undefined disposed:false
157 silly fetch manifest imurmurhash@^0.1.4
158 silly packumentCache full:https://registry.npmjs.org/imurmurhash cache-miss
159 http fetch GET 200 https://registry.npmjs.org/@tailwindcss%2fnode 934ms (cache miss)
160 silly packumentCache full:https://registry.npmjs.org/@tailwindcss%2fnode set size:undefined disposed:false
161 silly fetch manifest @eslint/core@^0.17.0
162 silly packumentCache full:https://registry.npmjs.org/@eslint%2fcore cache-miss
163 http fetch GET 200 https://registry.npmjs.org/find-up 126ms (cache miss)
164 silly packumentCache full:https://registry.npmjs.org/find-up set size:undefined disposed:false
165 silly fetch manifest eslint-scope@^8.4.0
166 silly packumentCache full:https://registry.npmjs.org/eslint-scope cache-miss
167 http fetch GET 200 https://registry.npmjs.org/optionator 120ms (cache miss)
168 silly packumentCache full:https://registry.npmjs.org/optionator set size:undefined disposed:false
169 silly fetch manifest lodash.merge@^4.6.2
170 silly packumentCache full:https://registry.npmjs.org/lodash.merge cache-miss
171 http fetch GET 200 https://registry.npmjs.org/@eslint%2fjs 126ms (cache miss)
172 silly packumentCache full:https://registry.npmjs.org/@eslint%2fjs set size:undefined disposed:false
173 silly fetch manifest @humanfs/node@^0.16.6
174 silly packumentCache full:https://registry.npmjs.org/@humanfs%2fnode cache-miss
175 http fetch GET 200 https://registry.npmjs.org/minimatch 136ms (cache miss)
176 silly packumentCache full:https://registry.npmjs.org/minimatch set size:undefined disposed:false
177 silly fetch manifest @types/estree@^1.0.6
178 silly packumentCache full:https://registry.npmjs.org/@types%2festree cache-miss
179 http fetch GET 200 https://registry.npmjs.org/cross-spawn 89ms (cache miss)
180 silly packumentCache full:https://registry.npmjs.org/cross-spawn set size:undefined disposed:false
181 silly fetch manifest fast-deep-equal@^3.1.3
182 silly packumentCache full:https://registry.npmjs.org/fast-deep-equal cache-miss
183 http fetch GET 200 https://registry.npmjs.org/glob-parent 81ms (cache miss)
184 silly packumentCache full:https://registry.npmjs.org/glob-parent set size:undefined disposed:false
185 silly fetch manifest natural-compare@^1.4.0
186 silly packumentCache full:https://registry.npmjs.org/natural-compare cache-miss
187 http fetch GET 200 https://registry.npmjs.org/imurmurhash 95ms (cache miss)
188 silly packumentCache full:https://registry.npmjs.org/imurmurhash set size:undefined disposed:false
189 silly fetch manifest @eslint/eslintrc@^3.3.6
190 silly packumentCache full:https://registry.npmjs.org/@eslint%2feslintrc cache-miss
191 http fetch GET 200 https://registry.npmjs.org/@eslint%2fcore 78ms (cache miss)
192 silly packumentCache full:https://registry.npmjs.org/@eslint%2fcore set size:undefined disposed:false
193 silly fetch manifest file-entry-cache@^8.0.0
194 silly packumentCache full:https://registry.npmjs.org/file-entry-cache cache-miss
195 http fetch GET 200 https://registry.npmjs.org/eslint-scope 91ms (cache miss)
196 silly packumentCache full:https://registry.npmjs.org/eslint-scope set size:undefined disposed:false
197 silly fetch manifest @eslint/plugin-kit@^0.4.1
198 silly packumentCache full:https://registry.npmjs.org/@eslint%2fplugin-kit cache-miss
199 http fetch GET 200 https://registry.npmjs.org/lodash.merge 91ms (cache miss)
200 silly packumentCache full:https://registry.npmjs.org/lodash.merge set size:undefined disposed:false
201 silly fetch manifest eslint-visitor-keys@^4.2.1
202 silly packumentCache full:https://registry.npmjs.org/eslint-visitor-keys cache-miss
203 http fetch GET 200 https://registry.npmjs.org/@humanfs%2fnode 88ms (cache miss)
204 silly packumentCache full:https://registry.npmjs.org/@humanfs%2fnode set size:undefined disposed:false
205 silly fetch manifest @eslint/config-array@^0.21.2
206 silly packumentCache full:https://registry.npmjs.org/@eslint%2fconfig-array cache-miss
207 http fetch GET 200 https://registry.npmjs.org/natural-compare 116ms (cache miss)
208 silly packumentCache full:https://registry.npmjs.org/natural-compare set size:undefined disposed:false
209 silly fetch manifest @humanwhocodes/retry@^0.4.2
210 silly packumentCache full:https://registry.npmjs.org/@humanwhocodes%2fretry cache-miss
211 http fetch GET 200 https://registry.npmjs.org/fast-deep-equal 119ms (cache miss)
212 silly packumentCache full:https://registry.npmjs.org/fast-deep-equal set size:undefined disposed:false
213 silly fetch manifest escape-string-regexp@^4.0.0
214 silly packumentCache full:https://registry.npmjs.org/escape-string-regexp cache-miss
215 http fetch GET 200 https://registry.npmjs.org/file-entry-cache 102ms (cache miss)
216 silly packumentCache full:https://registry.npmjs.org/file-entry-cache set size:undefined disposed:false
217 silly fetch manifest @eslint/config-helpers@^0.4.2
218 silly packumentCache full:https://registry.npmjs.org/@eslint%2fconfig-helpers cache-miss
219 http fetch GET 200 https://registry.npmjs.org/@types%2festree 139ms (cache miss)
220 silly packumentCache full:https://registry.npmjs.org/@types%2festree set size:undefined disposed:false
221 silly fetch manifest @eslint-community/regexpp@^4.12.1
222 silly packumentCache full:https://registry.npmjs.org/@eslint-community%2fregexpp cache-miss
223 http fetch GET 200 https://registry.npmjs.org/@tailwindcss%2foxide 1123ms (cache miss)
224 silly packumentCache full:https://registry.npmjs.org/@tailwindcss%2foxide set size:undefined disposed:false
225 silly fetch manifest @eslint-community/eslint-utils@^4.8.0
226 silly packumentCache full:https://registry.npmjs.org/@eslint-community%2feslint-utils cache-miss
227 http fetch GET 200 https://registry.npmjs.org/@eslint%2feslintrc 124ms (cache miss)
228 silly packumentCache full:https://registry.npmjs.org/@eslint%2feslintrc set size:undefined disposed:false
229 silly fetch manifest @humanwhocodes/module-importer@^1.0.1
230 silly packumentCache full:https://registry.npmjs.org/@humanwhocodes%2fmodule-importer cache-miss
231 http fetch GET 200 https://registry.npmjs.org/eslint-visitor-keys 80ms (cache miss)
232 silly packumentCache full:https://registry.npmjs.org/eslint-visitor-keys set size:undefined disposed:false
233 silly fetch manifest json-stable-stringify-without-jsonify@^1.0.1
234 silly packumentCache full:https://registry.npmjs.org/json-stable-stringify-without-jsonify cache-miss
235 http fetch GET 200 https://registry.npmjs.org/@eslint%2fplugin-kit 108ms (cache miss)
236 silly packumentCache full:https://registry.npmjs.org/@eslint%2fplugin-kit set size:undefined disposed:false
237 silly fetch manifest globals@16.4.0
238 silly packumentCache full:https://registry.npmjs.org/globals cache-miss
239 http fetch GET 200 https://registry.npmjs.org/@eslint%2fconfig-array 81ms (cache miss)
240 silly packumentCache full:https://registry.npmjs.org/@eslint%2fconfig-array set size:undefined disposed:false
241 silly fetch manifest typescript-eslint@^8.46.0
242 silly packumentCache full:https://registry.npmjs.org/typescript-eslint cache-miss
243 http fetch GET 200 https://registry.npmjs.org/escape-string-regexp 78ms (cache miss)
244 silly packumentCache full:https://registry.npmjs.org/escape-string-regexp set size:undefined disposed:false
245 silly fetch manifest eslint-plugin-react@^7.37.0
246 silly packumentCache full:https://registry.npmjs.org/eslint-plugin-react cache-miss
247 http fetch GET 200 https://registry.npmjs.org/@eslint%2fconfig-helpers 75ms (cache miss)
248 silly packumentCache full:https://registry.npmjs.org/@eslint%2fconfig-helpers set size:undefined disposed:false
249 silly fetch manifest eslint-plugin-import@^2.32.0
250 silly packumentCache full:https://registry.npmjs.org/eslint-plugin-import cache-miss
251 http fetch GET 200 https://registry.npmjs.org/@humanwhocodes%2fretry 81ms (cache miss)
252 silly packumentCache full:https://registry.npmjs.org/@humanwhocodes%2fretry set size:undefined disposed:false
253 silly fetch manifest eslint-plugin-jsx-a11y@^6.10.0
254 silly packumentCache full:https://registry.npmjs.org/eslint-plugin-jsx-a11y cache-miss
255 http fetch GET 200 https://registry.npmjs.org/json-stable-stringify-without-jsonify 55ms (cache miss)
256 silly packumentCache full:https://registry.npmjs.org/json-stable-stringify-without-jsonify set size:undefined disposed:false
257 silly fetch manifest @next/eslint-plugin-next@16.3.3
258 silly packumentCache full:https://registry.npmjs.org/@next%2feslint-plugin-next cache-miss
259 http fetch GET 200 https://registry.npmjs.org/@eslint-community%2fregexpp 75ms (cache miss)
260 silly packumentCache full:https://registry.npmjs.org/@eslint-community%2fregexpp set size:undefined disposed:false
261 silly fetch manifest eslint-plugin-react-hooks@^7.0.0
262 silly packumentCache full:https://registry.npmjs.org/eslint-plugin-react-hooks cache-miss
263 http fetch GET 200 https://registry.npmjs.org/@eslint-community%2feslint-utils 82ms (cache miss)
264 silly packumentCache full:https://registry.npmjs.org/@eslint-community%2feslint-utils set size:undefined disposed:false
265 silly fetch manifest eslint-import-resolver-node@^0.3.6
266 silly packumentCache full:https://registry.npmjs.org/eslint-import-resolver-node cache-miss
267 http fetch GET 200 https://registry.npmjs.org/@humanwhocodes%2fmodule-importer 81ms (cache miss)
268 silly packumentCache full:https://registry.npmjs.org/@humanwhocodes%2fmodule-importer set size:undefined disposed:false
269 silly fetch manifest eslint-import-resolver-typescript@^3.5.2
270 silly packumentCache full:https://registry.npmjs.org/eslint-import-resolver-typescript cache-miss
271 http fetch GET 200 https://registry.npmjs.org/globals 123ms (cache miss)
272 silly packumentCache full:https://registry.npmjs.org/globals set size:undefined disposed:false
273 silly fetch manifest postcss@8.5.23
274 silly packumentCache full:https://registry.npmjs.org/postcss cache-miss
275 http cache https://registry.npmjs.org/postcss 2ms (cache hit)
276 silly packumentCache full:https://registry.npmjs.org/postcss set size:760024 disposed:false
277 silly fetch manifest @next/env@16.3.3
278 silly packumentCache full:https://registry.npmjs.org/@next%2fenv cache-miss
279 http fetch GET 200 https://registry.npmjs.org/eslint-import-resolver-node 143ms (cache miss)
280 silly packumentCache full:https://registry.npmjs.org/eslint-import-resolver-node set size:undefined disposed:false
281 silly fetch manifest styled-jsx@5.1.6
282 silly packumentCache full:https://registry.npmjs.org/styled-jsx cache-miss
283 http fetch GET 200 https://registry.npmjs.org/eslint-plugin-jsx-a11y 237ms (cache miss)
284 silly packumentCache full:https://registry.npmjs.org/eslint-plugin-jsx-a11y set size:undefined disposed:false
285 silly fetch manifest @swc/helpers@0.5.23
286 silly packumentCache full:https://registry.npmjs.org/@swc%2fhelpers cache-miss
287 http fetch GET 200 https://registry.npmjs.org/eslint-import-resolver-typescript 387ms (cache miss)
288 silly packumentCache full:https://registry.npmjs.org/eslint-import-resolver-typescript set size:undefined disposed:false
289 silly fetch manifest caniuse-lite@^1.0.30001579
290 silly packumentCache full:https://registry.npmjs.org/caniuse-lite cache-miss
291 http fetch GET 200 https://registry.npmjs.org/eslint-plugin-import 424ms (cache miss)
292 silly packumentCache full:https://registry.npmjs.org/eslint-plugin-import set size:undefined disposed:false
293 silly fetch manifest baseline-browser-mapping@^2.9.19
294 silly packumentCache full:https://registry.npmjs.org/baseline-browser-mapping cache-miss
295 http fetch GET 200 https://registry.npmjs.org/styled-jsx 390ms (cache miss)
296 silly packumentCache full:https://registry.npmjs.org/styled-jsx set size:undefined disposed:false
297 silly fetch manifest sharp@^0.35.3
298 silly packumentCache full:https://registry.npmjs.org/sharp cache-miss
299 http fetch GET 200 https://registry.npmjs.org/eslint-plugin-react 559ms (cache miss)
300 silly packumentCache full:https://registry.npmjs.org/eslint-plugin-react set size:undefined disposed:false
301 silly fetch manifest @next/swc-darwin-x64@16.3.3
302 silly packumentCache full:https://registry.npmjs.org/@next%2fswc-darwin-x64 cache-miss
303 http fetch GET 200 https://registry.npmjs.org/@swc%2fhelpers 358ms (cache miss)
304 silly packumentCache full:https://registry.npmjs.org/@swc%2fhelpers set size:undefined disposed:false
305 silly fetch manifest @next/swc-darwin-arm64@16.3.3
306 silly packumentCache full:https://registry.npmjs.org/@next%2fswc-darwin-arm64 cache-miss
307 http fetch GET 200 https://registry.npmjs.org/baseline-browser-mapping 292ms (cache miss)
308 silly packumentCache full:https://registry.npmjs.org/baseline-browser-mapping set size:undefined disposed:false
309 silly fetch manifest @next/swc-linux-x64-gnu@16.3.3
310 silly packumentCache full:https://registry.npmjs.org/@next%2fswc-linux-x64-gnu cache-miss
311 http fetch GET 200 https://registry.npmjs.org/sharp 498ms (cache miss)
312 silly packumentCache full:https://registry.npmjs.org/sharp set size:undefined disposed:false
313 silly fetch manifest @next/swc-linux-x64-musl@16.3.3
314 silly packumentCache full:https://registry.npmjs.org/@next%2fswc-linux-x64-musl cache-miss
315 http fetch GET 200 https://registry.npmjs.org/typescript-eslint 1544ms (cache miss)
316 silly packumentCache full:https://registry.npmjs.org/typescript-eslint set size:undefined disposed:false
317 silly fetch manifest @next/swc-win32-x64-msvc@16.3.3
318 silly packumentCache full:https://registry.npmjs.org/@next%2fswc-win32-x64-msvc cache-miss
319 http fetch GET 200 https://registry.npmjs.org/@next%2fswc-darwin-x64 1174ms (cache miss)
320 silly packumentCache full:https://registry.npmjs.org/@next%2fswc-darwin-x64 set size:undefined disposed:false
321 silly fetch manifest @next/swc-linux-arm64-gnu@16.3.3
322 silly packumentCache full:https://registry.npmjs.org/@next%2fswc-linux-arm64-gnu cache-miss
323 http fetch GET 200 https://registry.npmjs.org/eslint-plugin-react-hooks 2513ms (cache miss)
324 silly packumentCache full:https://registry.npmjs.org/eslint-plugin-react-hooks set size:undefined disposed:false
325 silly fetch manifest @next/swc-linux-arm64-musl@16.3.3
326 silly packumentCache full:https://registry.npmjs.org/@next%2fswc-linux-arm64-musl cache-miss
327 http fetch GET 200 https://registry.npmjs.org/@next%2fswc-linux-arm64-gnu 884ms (cache miss)
328 silly packumentCache full:https://registry.npmjs.org/@next%2fswc-linux-arm64-gnu set size:undefined disposed:false
329 silly fetch manifest @next/swc-win32-arm64-msvc@16.3.3
330 silly packumentCache full:https://registry.npmjs.org/@next%2fswc-win32-arm64-msvc cache-miss
331 http fetch GET 200 https://registry.npmjs.org/caniuse-lite 2239ms (cache miss)
332 silly packumentCache full:https://registry.npmjs.org/caniuse-lite set size:undefined disposed:false
333 silly fetch manifest scheduler@^0.27.0
334 silly packumentCache full:https://registry.npmjs.org/scheduler cache-miss
335 http fetch GET 200 https://registry.npmjs.org/@next%2fswc-darwin-arm64 2336ms (cache miss)
336 silly packumentCache full:https://registry.npmjs.org/@next%2fswc-darwin-arm64 set size:undefined disposed:false
337 http fetch GET 200 https://registry.npmjs.org/@next%2fswc-linux-x64-gnu 3948ms (cache miss)
338 silly packumentCache full:https://registry.npmjs.org/@next%2fswc-linux-x64-gnu set size:undefined disposed:false
339 http fetch GET 200 https://registry.npmjs.org/@next%2fswc-linux-x64-musl 3746ms (cache miss)
340 silly packumentCache full:https://registry.npmjs.org/@next%2fswc-linux-x64-musl set size:undefined disposed:false
341 http fetch GET 200 https://registry.npmjs.org/@next%2fswc-win32-arm64-msvc 2187ms (cache miss)
342 silly packumentCache full:https://registry.npmjs.org/@next%2fswc-win32-arm64-msvc set size:undefined disposed:false
343 http fetch GET 200 https://registry.npmjs.org/@next%2fenv 4856ms (cache miss)
344 silly packumentCache full:https://registry.npmjs.org/@next%2fenv set size:undefined disposed:false
345 http fetch GET 200 https://registry.npmjs.org/@next%2fswc-win32-x64-msvc 3613ms (cache miss)
346 silly packumentCache full:https://registry.npmjs.org/@next%2fswc-win32-x64-msvc set size:undefined disposed:false
347 http fetch GET 200 https://registry.npmjs.org/@next%2fswc-linux-arm64-musl 3319ms (cache miss)
348 silly packumentCache full:https://registry.npmjs.org/@next%2fswc-linux-arm64-musl set size:undefined disposed:false
349 http fetch GET 200 https://registry.npmjs.org/@next%2feslint-plugin-next 6993ms (cache miss)
350 silly packumentCache full:https://registry.npmjs.org/@next%2feslint-plugin-next set size:undefined disposed:false
351 http fetch GET 200 https://registry.npmjs.org/scheduler 4502ms (cache miss)
352 silly packumentCache full:https://registry.npmjs.org/scheduler set size:undefined disposed:false
353 silly placeDep ROOT @alloc/quick-lru@5.2.0 OK for: @tailwindcss/postcss@4.3.3 want: ^5.2.0
354 silly placeDep ROOT @tailwindcss/node@4.3.3 OK for: @tailwindcss/postcss@4.3.3 want: 4.3.3
355 silly placeDep ROOT @tailwindcss/oxide@4.3.3 OK for: @tailwindcss/postcss@4.3.3 want: 4.3.3
356 silly placeDep ROOT postcss@8.5.26 OK for: @tailwindcss/postcss@4.3.3 want: ^8.5.16
357 silly fetch manifest jiti@^2.7.0
358 silly packumentCache full:https://registry.npmjs.org/jiti cache-miss
359 silly fetch manifest lightningcss@1.32.0
360 silly packumentCache full:https://registry.npmjs.org/lightningcss cache-miss
361 silly fetch manifest magic-string@^0.30.21
362 silly packumentCache full:https://registry.npmjs.org/magic-string cache-miss
363 silly fetch manifest source-map-js@^1.2.1
364 silly packumentCache full:https://registry.npmjs.org/source-map-js cache-miss
365 silly fetch manifest enhanced-resolve@^5.24.1
366 silly packumentCache full:https://registry.npmjs.org/enhanced-resolve cache-miss
367 silly fetch manifest @jridgewell/remapping@^2.3.5
368 silly packumentCache full:https://registry.npmjs.org/@jridgewell%2fremapping cache-miss
369 silly fetch manifest @tailwindcss/oxide-darwin-x64@4.3.3
370 silly packumentCache full:https://registry.npmjs.org/@tailwindcss%2foxide-darwin-x64 cache-miss
371 silly fetch manifest @tailwindcss/oxide-freebsd-x64@4.3.3
372 silly packumentCache full:https://registry.npmjs.org/@tailwindcss%2foxide-freebsd-x64 cache-miss
373 silly fetch manifest @tailwindcss/oxide-wasm32-wasi@4.3.3
374 silly packumentCache full:https://registry.npmjs.org/@tailwindcss%2foxide-wasm32-wasi cache-miss
375 http cache https://registry.npmjs.org/jiti 7ms (cache hit)
376 silly packumentCache full:https://registry.npmjs.org/jiti set size:387989 disposed:false
377 silly fetch manifest @tailwindcss/oxide-darwin-arm64@4.3.3
378 silly packumentCache full:https://registry.npmjs.org/@tailwindcss%2foxide-darwin-arm64 cache-miss
379 http fetch GET 200 https://registry.npmjs.org/source-map-js 321ms (cache miss)
380 silly packumentCache full:https://registry.npmjs.org/source-map-js set size:undefined disposed:false
381 silly fetch manifest @tailwindcss/oxide-android-arm64@4.3.3
382 silly packumentCache full:https://registry.npmjs.org/@tailwindcss%2foxide-android-arm64 cache-miss
383 http fetch GET 200 https://registry.npmjs.org/lightningcss 323ms (cache miss)
384 silly packumentCache full:https://registry.npmjs.org/lightningcss set size:undefined disposed:false
385 silly fetch manifest @tailwindcss/oxide-linux-x64-gnu@4.3.3
386 silly packumentCache full:https://registry.npmjs.org/@tailwindcss%2foxide-linux-x64-gnu cache-miss
387 http fetch GET 200 https://registry.npmjs.org/@jridgewell%2fremapping 356ms (cache miss)
388 silly packumentCache full:https://registry.npmjs.org/@jridgewell%2fremapping set size:undefined disposed:false
389 silly fetch manifest @tailwindcss/oxide-linux-x64-musl@4.3.3
390 silly packumentCache full:https://registry.npmjs.org/@tailwindcss%2foxide-linux-x64-musl cache-miss
391 http fetch GET 200 https://registry.npmjs.org/magic-string 496ms (cache miss)
392 silly packumentCache full:https://registry.npmjs.org/magic-string set size:undefined disposed:false
393 silly fetch manifest @tailwindcss/oxide-win32-x64-msvc@4.3.3
394 silly packumentCache full:https://registry.npmjs.org/@tailwindcss%2foxide-win32-x64-msvc cache-miss
395 http fetch GET 200 https://registry.npmjs.org/enhanced-resolve 788ms (cache miss)
396 silly packumentCache full:https://registry.npmjs.org/enhanced-resolve set size:undefined disposed:false
397 silly fetch manifest @tailwindcss/oxide-linux-arm64-gnu@4.3.3
398 silly packumentCache full:https://registry.npmjs.org/@tailwindcss%2foxide-linux-arm64-gnu cache-miss
399 http fetch GET 200 https://registry.npmjs.org/@tailwindcss%2foxide-freebsd-x64 2055ms (cache miss)
400 silly packumentCache full:https://registry.npmjs.org/@tailwindcss%2foxide-freebsd-x64 set size:undefined disposed:false
401 silly fetch manifest @tailwindcss/oxide-linux-arm64-musl@4.3.3
402 silly packumentCache full:https://registry.npmjs.org/@tailwindcss%2foxide-linux-arm64-musl cache-miss
403 http fetch GET 200 https://registry.npmjs.org/@tailwindcss%2foxide-wasm32-wasi 2171ms (cache miss)
404 silly packumentCache full:https://registry.npmjs.org/@tailwindcss%2foxide-wasm32-wasi set size:undefined disposed:false
405 silly fetch manifest @tailwindcss/oxide-win32-arm64-msvc@4.3.3
406 silly packumentCache full:https://registry.npmjs.org/@tailwindcss%2foxide-win32-arm64-msvc cache-miss
407 http fetch GET 200 https://registry.npmjs.org/@tailwindcss%2foxide-darwin-x64 2880ms (cache miss)
408 silly packumentCache full:https://registry.npmjs.org/@tailwindcss%2foxide-darwin-x64 set size:undefined disposed:false
409 silly fetch manifest @tailwindcss/oxide-linux-arm-gnueabihf@4.3.3
410 silly packumentCache full:https://registry.npmjs.org/@tailwindcss%2foxide-linux-arm-gnueabihf cache-miss
411 http fetch GET 200 https://registry.npmjs.org/@tailwindcss%2foxide-linux-x64-gnu 3364ms (cache miss)
412 silly packumentCache full:https://registry.npmjs.org/@tailwindcss%2foxide-linux-x64-gnu set size:undefined disposed:false
413 silly fetch manifest nanoid@^3.3.17
414 silly packumentCache full:https://registry.npmjs.org/nanoid cache-miss
415 http fetch GET 200 https://registry.npmjs.org/@tailwindcss%2foxide-darwin-arm64 4060ms (cache miss)
416 silly packumentCache full:https://registry.npmjs.org/@tailwindcss%2foxide-darwin-arm64 set size:undefined disposed:false
417 silly fetch manifest picocolors@^1.1.1
418 silly packumentCache full:https://registry.npmjs.org/picocolors cache-miss
419 http fetch GET 200 https://registry.npmjs.org/@tailwindcss%2foxide-linux-arm64-musl 2158ms (cache miss)
420 silly packumentCache full:https://registry.npmjs.org/@tailwindcss%2foxide-linux-arm64-musl set size:undefined disposed:false
421 http fetch GET 200 https://registry.npmjs.org/nanoid 593ms (cache miss)
422 silly packumentCache full:https://registry.npmjs.org/nanoid set size:undefined disposed:false
423 http fetch GET 200 https://registry.npmjs.org/@tailwindcss%2foxide-android-arm64 4044ms (cache miss)
424 silly packumentCache full:https://registry.npmjs.org/@tailwindcss%2foxide-android-arm64 set size:undefined disposed:false
425 http fetch GET 200 https://registry.npmjs.org/picocolors 361ms (cache miss)
426 silly packumentCache full:https://registry.npmjs.org/picocolors set size:undefined disposed:false
427 http fetch GET 200 https://registry.npmjs.org/@tailwindcss%2foxide-linux-x64-musl 4094ms (cache miss)
428 silly packumentCache full:https://registry.npmjs.org/@tailwindcss%2foxide-linux-x64-musl set size:undefined disposed:false
429 http fetch GET 200 https://registry.npmjs.org/@tailwindcss%2foxide-win32-x64-msvc 4425ms (cache miss)
430 silly packumentCache full:https://registry.npmjs.org/@tailwindcss%2foxide-win32-x64-msvc set size:undefined disposed:false
431 http fetch GET 200 https://registry.npmjs.org/@tailwindcss%2foxide-linux-arm-gnueabihf 2047ms (cache miss)
432 silly packumentCache full:https://registry.npmjs.org/@tailwindcss%2foxide-linux-arm-gnueabihf set size:undefined disposed:false
433 http fetch GET 200 https://registry.npmjs.org/@tailwindcss%2foxide-win32-arm64-msvc 3461ms (cache miss)
434 silly packumentCache full:https://registry.npmjs.org/@tailwindcss%2foxide-win32-arm64-msvc set size:undefined disposed:false
435 http fetch GET 200 https://registry.npmjs.org/@tailwindcss%2foxide-linux-arm64-gnu 4859ms (cache miss)
436 silly packumentCache full:https://registry.npmjs.org/@tailwindcss%2foxide-linux-arm64-gnu set size:undefined disposed:false
437 silly placeDep ROOT @jridgewell/remapping@2.3.5 OK for: @tailwindcss/node@4.3.3 want: ^2.3.5
438 silly placeDep ROOT enhanced-resolve@5.24.5 OK for: @tailwindcss/node@4.3.3 want: ^5.24.1
439 silly placeDep ROOT jiti@2.7.0 OK for: @tailwindcss/node@4.3.3 want: ^2.7.0
440 silly placeDep ROOT lightningcss@1.32.0 OK for: @tailwindcss/node@4.3.3 want: 1.32.0
441 silly placeDep ROOT magic-string@0.30.21 OK for: @tailwindcss/node@4.3.3 want: ^0.30.21
442 silly placeDep ROOT source-map-js@1.2.1 OK for: @tailwindcss/node@4.3.3 want: ^1.2.1
443 silly fetch manifest @jridgewell/gen-mapping@^0.3.5
444 silly packumentCache full:https://registry.npmjs.org/@jridgewell%2fgen-mapping cache-miss
445 silly fetch manifest @jridgewell/trace-mapping@^0.3.24
446 silly packumentCache full:https://registry.npmjs.org/@jridgewell%2ftrace-mapping cache-miss
447 silly fetch manifest tapable@^2.3.3
448 silly packumentCache full:https://registry.npmjs.org/tapable cache-miss
449 silly fetch manifest graceful-fs@^4.2.4
450 silly packumentCache full:https://registry.npmjs.org/graceful-fs cache-miss
451 silly fetch manifest detect-libc@^2.0.3
452 silly packumentCache full:https://registry.npmjs.org/detect-libc cache-miss
453 silly fetch manifest lightningcss-darwin-x64@1.32.0
454 silly packumentCache full:https://registry.npmjs.org/lightningcss-darwin-x64 cache-miss
455 silly fetch manifest lightningcss-freebsd-x64@1.32.0
456 silly packumentCache full:https://registry.npmjs.org/lightningcss-freebsd-x64 cache-miss
457 silly fetch manifest lightningcss-darwin-arm64@1.32.0
458 silly packumentCache full:https://registry.npmjs.org/lightningcss-darwin-arm64 cache-miss
459 silly fetch manifest lightningcss-android-arm64@1.32.0
460 silly packumentCache full:https://registry.npmjs.org/lightningcss-android-arm64 cache-miss
461 http fetch GET 200 https://registry.npmjs.org/tapable 173ms (cache miss)
462 silly packumentCache full:https://registry.npmjs.org/tapable set size:undefined disposed:false
463 silly fetch manifest lightningcss-linux-x64-gnu@1.32.0
464 silly packumentCache full:https://registry.npmjs.org/lightningcss-linux-x64-gnu cache-miss
465 http fetch GET 200 https://registry.npmjs.org/lightningcss-freebsd-x64 174ms (cache miss)
466 silly packumentCache full:https://registry.npmjs.org/lightningcss-freebsd-x64 set size:undefined disposed:false
467 silly fetch manifest lightningcss-linux-x64-musl@1.32.0
468 silly packumentCache full:https://registry.npmjs.org/lightningcss-linux-x64-musl cache-miss
469 http fetch GET 200 https://registry.npmjs.org/detect-libc 176ms (cache miss)
470 silly packumentCache full:https://registry.npmjs.org/detect-libc set size:undefined disposed:false
471 silly fetch manifest lightningcss-win32-x64-msvc@1.32.0
472 silly packumentCache full:https://registry.npmjs.org/lightningcss-win32-x64-msvc cache-miss
473 http fetch GET 200 https://registry.npmjs.org/@jridgewell%2fgen-mapping 179ms (cache miss)
474 silly packumentCache full:https://registry.npmjs.org/@jridgewell%2fgen-mapping set size:undefined disposed:false
475 silly fetch manifest lightningcss-linux-arm64-gnu@1.32.0
476 silly packumentCache full:https://registry.npmjs.org/lightningcss-linux-arm64-gnu cache-miss
477 http fetch GET 200 https://registry.npmjs.org/lightningcss-darwin-x64 180ms (cache miss)
478 silly packumentCache full:https://registry.npmjs.org/lightningcss-darwin-x64 set size:undefined disposed:false
479 silly fetch manifest lightningcss-linux-arm64-musl@1.32.0
480 silly packumentCache full:https://registry.npmjs.org/lightningcss-linux-arm64-musl cache-miss
481 http fetch GET 200 https://registry.npmjs.org/lightningcss-android-arm64 180ms (cache miss)
482 silly packumentCache full:https://registry.npmjs.org/lightningcss-android-arm64 set size:undefined disposed:false
483 silly fetch manifest lightningcss-win32-arm64-msvc@1.32.0
484 silly packumentCache full:https://registry.npmjs.org/lightningcss-win32-arm64-msvc cache-miss
485 http fetch GET 200 https://registry.npmjs.org/@jridgewell%2ftrace-mapping 217ms (cache miss)
486 silly packumentCache full:https://registry.npmjs.org/@jridgewell%2ftrace-mapping set size:undefined disposed:false
487 silly fetch manifest lightningcss-linux-arm-gnueabihf@1.32.0
488 silly packumentCache full:https://registry.npmjs.org/lightningcss-linux-arm-gnueabihf cache-miss
489 http fetch GET 200 https://registry.npmjs.org/graceful-fs 237ms (cache miss)
490 silly packumentCache full:https://registry.npmjs.org/graceful-fs set size:undefined disposed:false
491 silly fetch manifest @jridgewell/sourcemap-codec@^1.5.5
492 silly packumentCache full:https://registry.npmjs.org/@jridgewell%2fsourcemap-codec cache-miss
493 http fetch GET 200 https://registry.npmjs.org/lightningcss-linux-x64-gnu 93ms (cache miss)
494 silly packumentCache full:https://registry.npmjs.org/lightningcss-linux-x64-gnu set size:undefined disposed:false
495 http fetch GET 200 https://registry.npmjs.org/lightningcss-darwin-arm64 282ms (cache miss)
496 silly packumentCache full:https://registry.npmjs.org/lightningcss-darwin-arm64 set size:undefined disposed:false
497 http fetch GET 200 https://registry.npmjs.org/lightningcss-win32-arm64-msvc 121ms (cache miss)
498 silly packumentCache full:https://registry.npmjs.org/lightningcss-win32-arm64-msvc set size:undefined disposed:false
499 http fetch GET 200 https://registry.npmjs.org/lightningcss-linux-arm64-gnu 155ms (cache miss)
500 silly packumentCache full:https://registry.npmjs.org/lightningcss-linux-arm64-gnu set size:undefined disposed:false
501 http fetch GET 200 https://registry.npmjs.org/lightningcss-linux-x64-musl 160ms (cache miss)
502 silly packumentCache full:https://registry.npmjs.org/lightningcss-linux-x64-musl set size:undefined disposed:false
503 http fetch GET 200 https://registry.npmjs.org/lightningcss-win32-x64-msvc 160ms (cache miss)
504 silly packumentCache full:https://registry.npmjs.org/lightningcss-win32-x64-msvc set size:undefined disposed:false
505 http fetch GET 200 https://registry.npmjs.org/lightningcss-linux-arm-gnueabihf 120ms (cache miss)
506 silly packumentCache full:https://registry.npmjs.org/lightningcss-linux-arm-gnueabihf set size:undefined disposed:false
507 http fetch GET 200 https://registry.npmjs.org/lightningcss-linux-arm64-musl 158ms (cache miss)
508 silly packumentCache full:https://registry.npmjs.org/lightningcss-linux-arm64-musl set size:undefined disposed:false
509 http fetch GET 200 https://registry.npmjs.org/@jridgewell%2fsourcemap-codec 144ms (cache miss)
510 silly packumentCache full:https://registry.npmjs.org/@jridgewell%2fsourcemap-codec set size:undefined disposed:false
511 silly placeDep ROOT @jridgewell/gen-mapping@0.3.13 OK for: @jridgewell/remapping@2.3.5 want: ^0.3.5
512 silly placeDep ROOT @jridgewell/trace-mapping@0.3.31 OK for: @jridgewell/remapping@2.3.5 want: ^0.3.24
513 silly fetch manifest @jridgewell/sourcemap-codec@^1.5.0
514 silly packumentCache full:https://registry.npmjs.org/@jridgewell%2fsourcemap-codec cache-miss
515 silly fetch manifest @jridgewell/resolve-uri@^3.1.0
516 silly packumentCache full:https://registry.npmjs.org/@jridgewell%2fresolve-uri cache-miss
517 silly fetch manifest @jridgewell/sourcemap-codec@^1.4.14
518 silly packumentCache full:https://registry.npmjs.org/@jridgewell%2fsourcemap-codec cache-miss
519 http cache https://registry.npmjs.org/@jridgewell%2fsourcemap-codec 6ms (cache hit)
520 silly packumentCache full:https://registry.npmjs.org/@jridgewell%2fsourcemap-codec set size:65255 disposed:false
521 http cache https://registry.npmjs.org/@jridgewell%2fsourcemap-codec 6ms (cache hit)
522 silly packumentCache full:https://registry.npmjs.org/@jridgewell%2fsourcemap-codec set size:65255 disposed:false
523 silly packumentCache full:https://registry.npmjs.org/@jridgewell%2fsourcemap-codec dispose
524 http fetch GET 200 https://registry.npmjs.org/@jridgewell%2fresolve-uri 111ms (cache miss)
525 silly packumentCache full:https://registry.npmjs.org/@jridgewell%2fresolve-uri set size:undefined disposed:false
526 silly placeDep ROOT @jridgewell/sourcemap-codec@1.6.0 OK for: @jridgewell/gen-mapping@0.3.13 want: ^1.5.0
527 silly placeDep ROOT @jridgewell/resolve-uri@3.1.2 OK for: @jridgewell/trace-mapping@0.3.31 want: ^3.1.0
528 silly placeDep ROOT @tailwindcss/oxide-android-arm64@4.3.3 OK for: @tailwindcss/oxide@4.3.3 want: 4.3.3
529 silly placeDep ROOT @tailwindcss/oxide-darwin-arm64@4.3.3 OK for: @tailwindcss/oxide@4.3.3 want: 4.3.3
530 silly placeDep ROOT @tailwindcss/oxide-darwin-x64@4.3.3 OK for: @tailwindcss/oxide@4.3.3 want: 4.3.3
531 silly placeDep ROOT @tailwindcss/oxide-freebsd-x64@4.3.3 OK for: @tailwindcss/oxide@4.3.3 want: 4.3.3
532 silly placeDep ROOT @tailwindcss/oxide-linux-arm-gnueabihf@4.3.3 OK for: @tailwindcss/oxide@4.3.3 want: 4.3.3
533 silly placeDep ROOT @tailwindcss/oxide-linux-arm64-gnu@4.3.3 OK for: @tailwindcss/oxide@4.3.3 want: 4.3.3
534 silly placeDep ROOT @tailwindcss/oxide-linux-arm64-musl@4.3.3 OK for: @tailwindcss/oxide@4.3.3 want: 4.3.3
535 silly placeDep ROOT @tailwindcss/oxide-linux-x64-gnu@4.3.3 OK for: @tailwindcss/oxide@4.3.3 want: 4.3.3
536 silly placeDep ROOT @tailwindcss/oxide-linux-x64-musl@4.3.3 OK for: @tailwindcss/oxide@4.3.3 want: 4.3.3
537 silly placeDep ROOT @tailwindcss/oxide-wasm32-wasi@4.3.3 OK for: @tailwindcss/oxide@4.3.3 want: 4.3.3
538 silly placeDep ROOT @tailwindcss/oxide-win32-arm64-msvc@4.3.3 OK for: @tailwindcss/oxide@4.3.3 want: 4.3.3
539 silly placeDep ROOT @tailwindcss/oxide-win32-x64-msvc@4.3.3 OK for: @tailwindcss/oxide@4.3.3 want: 4.3.3
540 silly placeDep ROOT undici-types@6.21.0 OK for: @types/node@20.19.43 want: ~6.21.0
541 silly placeDep ROOT csstype@3.2.3 OK for: @types/react@19.2.18 want: ^3.2.2
542 silly placeDep ROOT graceful-fs@4.2.11 OK for: enhanced-resolve@5.24.5 want: ^4.2.4
543 silly placeDep ROOT tapable@2.3.3 OK for: enhanced-resolve@5.24.5 want: ^2.3.3
544 silly fetch manifest eslint@^6.0.0 || ^7.0.0 || >=8.0.0
545 silly packumentCache full:https://registry.npmjs.org/eslint cache-miss
546 http cache https://registry.npmjs.org/eslint 3ms (cache hit)
547 silly packumentCache full:https://registry.npmjs.org/eslint set size:2070000 disposed:false
548 silly placeDep ROOT @eslint-community/eslint-utils@4.10.1 OK for: eslint@9.39.5 want: ^4.8.0
549 silly placeDep ROOT @eslint-community/regexpp@4.12.2 OK for: eslint@9.39.5 want: ^4.12.1
550 silly placeDep ROOT @eslint/config-array@0.21.2 OK for: eslint@9.39.5 want: ^0.21.2
551 silly placeDep ROOT @eslint/config-helpers@0.4.2 OK for: eslint@9.39.5 want: ^0.4.2
552 silly placeDep ROOT @eslint/core@0.17.0 OK for: eslint@9.39.5 want: ^0.17.0
553 silly placeDep ROOT @eslint/eslintrc@3.3.6 OK for: eslint@9.39.5 want: ^3.3.6
554 silly placeDep ROOT @eslint/js@9.39.5 OK for: eslint@9.39.5 want: 9.39.5
555 silly placeDep ROOT @eslint/plugin-kit@0.4.1 OK for: eslint@9.39.5 want: ^0.4.1
556 silly placeDep ROOT @humanfs/node@0.16.8 OK for: eslint@9.39.5 want: ^0.16.6
557 silly placeDep ROOT @humanwhocodes/module-importer@1.0.1 OK for: eslint@9.39.5 want: ^1.0.1
558 silly placeDep ROOT @humanwhocodes/retry@0.4.3 OK for: eslint@9.39.5 want: ^0.4.2
559 silly placeDep ROOT @types/estree@1.0.9 OK for: eslint@9.39.5 want: ^1.0.6
560 silly placeDep ROOT ajv@6.15.0 OK for: eslint@9.39.5 want: ^6.14.0
561 silly placeDep ROOT chalk@4.1.2 OK for: eslint@9.39.5 want: ^4.0.0
562 silly placeDep ROOT cross-spawn@7.0.6 OK for: eslint@9.39.5 want: ^7.0.6
563 silly placeDep ROOT debug@4.4.3 OK for: eslint@9.39.5 want: ^4.3.2
564 silly placeDep ROOT escape-string-regexp@4.0.0 OK for: eslint@9.39.5 want: ^4.0.0
565 silly placeDep ROOT eslint-scope@8.4.0 OK for: eslint@9.39.5 want: ^8.4.0
566 silly placeDep ROOT eslint-visitor-keys@4.2.1 OK for: eslint@9.39.5 want: ^4.2.1
567 silly placeDep ROOT espree@10.4.0 OK for: eslint@9.39.5 want: ^10.4.0
568 silly placeDep ROOT esquery@1.7.0 OK for: eslint@9.39.5 want: ^1.5.0
569 silly placeDep ROOT esutils@2.0.3 OK for: eslint@9.39.5 want: ^2.0.2
570 silly placeDep ROOT fast-deep-equal@3.1.3 OK for: eslint@9.39.5 want: ^3.1.3
571 silly placeDep ROOT file-entry-cache@8.0.0 OK for: eslint@9.39.5 want: ^8.0.0
572 silly placeDep ROOT find-up@5.0.0 OK for: eslint@9.39.5 want: ^5.0.0
573 silly placeDep ROOT glob-parent@6.0.2 OK for: eslint@9.39.5 want: ^6.0.2
574 silly placeDep ROOT ignore@5.3.2 OK for: eslint@9.39.5 want: ^5.2.0
575 silly placeDep ROOT imurmurhash@0.1.4 OK for: eslint@9.39.5 want: ^0.1.4
576 silly placeDep ROOT is-glob@4.0.3 OK for: eslint@9.39.5 want: ^4.0.0
577 silly placeDep ROOT json-stable-stringify-without-jsonify@1.0.1 OK for: eslint@9.39.5 want: ^1.0.1
578 silly placeDep ROOT lodash.merge@4.6.2 OK for: eslint@9.39.5 want: ^4.6.2
579 silly placeDep ROOT minimatch@3.1.5 OK for: eslint@9.39.5 want: ^3.1.5
580 silly placeDep ROOT natural-compare@1.4.0 OK for: eslint@9.39.5 want: ^1.4.0
581 silly placeDep ROOT optionator@0.9.4 OK for: eslint@9.39.5 want: ^0.9.3
582 silly fetch manifest eslint-visitor-keys@^3.4.3
583 silly packumentCache full:https://registry.npmjs.org/eslint-visitor-keys cache-miss
584 silly fetch manifest debug@^4.3.1
585 silly packumentCache full:https://registry.npmjs.org/debug cache-miss
586 silly fetch manifest @eslint/object-schema@^2.1.7
587 silly packumentCache full:https://registry.npmjs.org/@eslint%2fobject-schema cache-miss
588 silly fetch manifest @types/json-schema@^7.0.15
589 silly packumentCache full:https://registry.npmjs.org/@types%2fjson-schema cache-miss
590 silly fetch manifest espree@^10.0.1
591 silly packumentCache full:https://registry.npmjs.org/espree cache-miss
592 silly fetch manifest globals@^14.0.0
593 silly packumentCache full:https://registry.npmjs.org/globals cache-miss
594 silly fetch manifest import-fresh@^3.2.1
595 silly packumentCache full:https://registry.npmjs.org/import-fresh cache-miss
596 silly fetch manifest js-yaml@^4.3.0
597 silly packumentCache full:https://registry.npmjs.org/js-yaml cache-miss
598 silly fetch manifest strip-json-comments@^3.1.1
599 silly packumentCache full:https://registry.npmjs.org/strip-json-comments cache-miss
600 http cache https://registry.npmjs.org/eslint-visitor-keys 4ms (cache hit)
601 silly packumentCache full:https://registry.npmjs.org/eslint-visitor-keys set size:69949 disposed:false
602 silly fetch manifest levn@^0.4.1
603 silly packumentCache full:https://registry.npmjs.org/levn cache-miss
604 http cache https://registry.npmjs.org/debug 5ms (cache hit)
605 silly packumentCache full:https://registry.npmjs.org/debug set size:195840 disposed:false
606 silly fetch manifest @humanwhocodes/retry@^0.4.0
607 silly packumentCache full:https://registry.npmjs.org/@humanwhocodes%2fretry cache-miss
608 http cache https://registry.npmjs.org/globals 6ms (cache hit)
609 silly packumentCache full:https://registry.npmjs.org/globals set size:335107 disposed:false
610 silly fetch manifest @humanfs/core@^0.19.2
611 silly packumentCache full:https://registry.npmjs.org/@humanfs%2fcore cache-miss
612 http cache https://registry.npmjs.org/espree 8ms (cache hit)
613 silly packumentCache full:https://registry.npmjs.org/espree set size:326080 disposed:false
614 silly fetch manifest @humanfs/types@^0.15.0
615 silly packumentCache full:https://registry.npmjs.org/@humanfs%2ftypes cache-miss
616 http cache https://registry.npmjs.org/@humanwhocodes%2fretry 9ms (cache hit)
617 silly packumentCache full:https://registry.npmjs.org/@humanwhocodes%2fretry set size:42348 disposed:false
618 silly fetch manifest uri-js@^4.2.2
619 silly packumentCache full:https://registry.npmjs.org/uri-js cache-miss
620 http fetch GET 200 https://registry.npmjs.org/uri-js 93ms (cache miss)
621 silly packumentCache full:https://registry.npmjs.org/uri-js set size:undefined disposed:false
622 silly fetch manifest fast-deep-equal@^3.1.1
623 silly packumentCache full:https://registry.npmjs.org/fast-deep-equal cache-miss
624 http cache https://registry.npmjs.org/fast-deep-equal 1ms (cache hit)
625 silly packumentCache full:https://registry.npmjs.org/fast-deep-equal set size:48634 disposed:false
626 silly fetch manifest json-schema-traverse@^0.4.1
627 silly packumentCache full:https://registry.npmjs.org/json-schema-traverse cache-miss
628 http fetch GET 200 https://registry.npmjs.org/import-fresh 129ms (cache miss)
629 silly packumentCache full:https://registry.npmjs.org/import-fresh set size:undefined disposed:false
630 silly fetch manifest fast-json-stable-stringify@^2.0.0
631 silly packumentCache full:https://registry.npmjs.org/fast-json-stable-stringify cache-miss
632 http fetch GET 200 https://registry.npmjs.org/levn 132ms (cache miss)
633 silly packumentCache full:https://registry.npmjs.org/levn set size:undefined disposed:false
634 silly fetch manifest ansi-styles@^4.1.0
635 silly packumentCache full:https://registry.npmjs.org/ansi-styles cache-miss
636 http fetch GET 200 https://registry.npmjs.org/strip-json-comments 157ms (cache miss)
637 silly packumentCache full:https://registry.npmjs.org/strip-json-comments set size:undefined disposed:false
638 silly fetch manifest supports-color@^7.1.0
639 silly packumentCache full:https://registry.npmjs.org/supports-color cache-miss
640 http fetch GET 200 https://registry.npmjs.org/@types%2fjson-schema 180ms (cache miss)
641 silly packumentCache full:https://registry.npmjs.org/@types%2fjson-schema set size:undefined disposed:false
642 silly fetch manifest which@^2.0.1
643 silly packumentCache full:https://registry.npmjs.org/which cache-miss
644 http fetch GET 200 https://registry.npmjs.org/js-yaml 181ms (cache miss)
645 silly packumentCache full:https://registry.npmjs.org/js-yaml set size:undefined disposed:false
646 silly fetch manifest path-key@^3.1.0
647 silly packumentCache full:https://registry.npmjs.org/path-key cache-miss
648 http fetch GET 200 https://registry.npmjs.org/@humanfs%2fcore 180ms (cache miss)
649 silly packumentCache full:https://registry.npmjs.org/@humanfs%2fcore set size:undefined disposed:false
650 silly fetch manifest shebang-command@^2.0.0
651 silly packumentCache full:https://registry.npmjs.org/shebang-command cache-miss
652 http fetch GET 200 https://registry.npmjs.org/@humanfs%2ftypes 182ms (cache miss)
653 silly packumentCache full:https://registry.npmjs.org/@humanfs%2ftypes set size:undefined disposed:false
654 silly fetch manifest ms@^2.1.3
655 silly packumentCache full:https://registry.npmjs.org/ms cache-miss
656 http fetch GET 200 https://registry.npmjs.org/json-schema-traverse 98ms (cache miss)
657 silly packumentCache full:https://registry.npmjs.org/json-schema-traverse set size:undefined disposed:false
658 silly fetch manifest esrecurse@^4.3.0
659 silly packumentCache full:https://registry.npmjs.org/esrecurse cache-miss
660 http fetch GET 200 https://registry.npmjs.org/@eslint%2fobject-schema 210ms (cache miss)
661 silly packumentCache full:https://registry.npmjs.org/@eslint%2fobject-schema set size:undefined disposed:false
662 silly fetch manifest estraverse@^5.2.0
663 silly packumentCache full:https://registry.npmjs.org/estraverse cache-miss
664 http fetch GET 200 https://registry.npmjs.org/fast-json-stable-stringify 82ms (cache miss)
665 silly packumentCache full:https://registry.npmjs.org/fast-json-stable-stringify set size:undefined disposed:false
666 silly fetch manifest acorn@^8.15.0
667 silly packumentCache full:https://registry.npmjs.org/acorn cache-miss
668 http fetch GET 200 https://registry.npmjs.org/ansi-styles 246ms (cache miss)
669 silly packumentCache full:https://registry.npmjs.org/ansi-styles set size:undefined disposed:false
670 silly fetch manifest acorn-jsx@^5.3.2
671 silly packumentCache full:https://registry.npmjs.org/acorn-jsx cache-miss
672 http fetch GET 200 https://registry.npmjs.org/path-key 200ms (cache miss)
673 silly packumentCache full:https://registry.npmjs.org/path-key set size:undefined disposed:false
674 silly fetch manifest estraverse@^5.1.0
675 silly packumentCache full:https://registry.npmjs.org/estraverse cache-miss
676 http fetch GET 200 https://registry.npmjs.org/shebang-command 197ms (cache miss)
677 silly packumentCache full:https://registry.npmjs.org/shebang-command set size:undefined disposed:false
678 silly fetch manifest flat-cache@^4.0.0
679 silly packumentCache full:https://registry.npmjs.org/flat-cache cache-miss
680 http fetch GET 200 https://registry.npmjs.org/ms 258ms (cache miss)
681 silly packumentCache full:https://registry.npmjs.org/ms set size:undefined disposed:false
682 silly fetch manifest locate-path@^6.0.0
683 silly packumentCache full:https://registry.npmjs.org/locate-path cache-miss
684 http fetch GET 200 https://registry.npmjs.org/supports-color 295ms (cache miss)
685 silly packumentCache full:https://registry.npmjs.org/supports-color set size:undefined disposed:false
686 silly fetch manifest path-exists@^4.0.0
687 silly packumentCache full:https://registry.npmjs.org/path-exists cache-miss
688 http fetch GET 200 https://registry.npmjs.org/esrecurse 256ms (cache miss)
689 silly packumentCache full:https://registry.npmjs.org/esrecurse set size:undefined disposed:false
690 silly fetch manifest is-glob@^4.0.3
691 silly packumentCache full:https://registry.npmjs.org/is-glob cache-miss
692 http cache https://registry.npmjs.org/is-glob 2ms (cache hit)
693 silly packumentCache full:https://registry.npmjs.org/is-glob set size:40530 disposed:false
694 silly fetch manifest is-extglob@^2.1.1
695 silly packumentCache full:https://registry.npmjs.org/is-extglob cache-miss
696 http fetch GET 200 https://registry.npmjs.org/estraverse 317ms (cache miss)
697 silly packumentCache full:https://registry.npmjs.org/estraverse set size:undefined disposed:false
698 silly fetch manifest brace-expansion@^1.1.7
699 silly packumentCache full:https://registry.npmjs.org/brace-expansion cache-miss
700 http fetch GET 200 https://registry.npmjs.org/path-exists 121ms (cache miss)
701 silly packumentCache full:https://registry.npmjs.org/path-exists set size:undefined disposed:false
702 silly fetch manifest prelude-ls@^1.2.1
703 silly packumentCache full:https://registry.npmjs.org/prelude-ls cache-miss
704 http fetch GET 200 https://registry.npmjs.org/estraverse 193ms (cache miss)
705 silly packumentCache full:https://registry.npmjs.org/estraverse set size:undefined disposed:false
706 silly fetch manifest deep-is@^0.1.3
707 silly packumentCache full:https://registry.npmjs.org/deep-is cache-miss
708 http fetch GET 200 https://registry.npmjs.org/locate-path 129ms (cache miss)
709 silly packumentCache full:https://registry.npmjs.org/locate-path set size:undefined disposed:false
710 silly fetch manifest word-wrap@^1.2.5
711 silly packumentCache full:https://registry.npmjs.org/word-wrap cache-miss
712 http fetch GET 200 https://registry.npmjs.org/is-extglob 113ms (cache miss)
713 silly packumentCache full:https://registry.npmjs.org/is-extglob set size:undefined disposed:false
714 silly fetch manifest type-check@^0.4.0
715 silly packumentCache full:https://registry.npmjs.org/type-check cache-miss
716 http fetch GET 200 https://registry.npmjs.org/which 403ms (cache miss)
717 silly packumentCache full:https://registry.npmjs.org/which set size:undefined disposed:false
718 silly fetch manifest fast-levenshtein@^2.0.6
719 silly packumentCache full:https://registry.npmjs.org/fast-levenshtein cache-miss
720 http fetch GET 200 https://registry.npmjs.org/acorn 373ms (cache miss)
721 silly packumentCache full:https://registry.npmjs.org/acorn set size:undefined disposed:false
722 http fetch GET 200 https://registry.npmjs.org/acorn-jsx 203ms (cache miss)
723 silly packumentCache full:https://registry.npmjs.org/acorn-jsx set size:undefined disposed:false
724 http fetch GET 200 https://registry.npmjs.org/flat-cache 204ms (cache miss)
725 silly packumentCache full:https://registry.npmjs.org/flat-cache set size:undefined disposed:false
726 http fetch GET 200 https://registry.npmjs.org/deep-is 78ms (cache miss)
727 silly packumentCache full:https://registry.npmjs.org/deep-is set size:undefined disposed:false
728 http fetch GET 200 https://registry.npmjs.org/prelude-ls 79ms (cache miss)
729 silly packumentCache full:https://registry.npmjs.org/prelude-ls set size:undefined disposed:false
730 http fetch GET 200 https://registry.npmjs.org/word-wrap 78ms (cache miss)
731 silly packumentCache full:https://registry.npmjs.org/word-wrap set size:undefined disposed:false
732 http fetch GET 200 https://registry.npmjs.org/type-check 78ms (cache miss)
733 silly packumentCache full:https://registry.npmjs.org/type-check set size:undefined disposed:false
734 http fetch GET 200 https://registry.npmjs.org/fast-levenshtein 77ms (cache miss)
735 silly packumentCache full:https://registry.npmjs.org/fast-levenshtein set size:undefined disposed:false
736 http fetch GET 200 https://registry.npmjs.org/brace-expansion 225ms (cache miss)
737 silly packumentCache full:https://registry.npmjs.org/brace-expansion set size:undefined disposed:false
738 silly placeDep node_modules/@eslint-community/eslint-utils eslint-visitor-keys@3.4.3 OK for: @eslint-community/eslint-utils@4.10.1 want: ^3.4.3
739 silly placeDep ROOT @eslint/object-schema@2.1.7 OK for: @eslint/config-array@0.21.2 want: ^2.1.7
740 silly placeDep ROOT @types/json-schema@7.0.15 OK for: @eslint/core@0.17.0 want: ^7.0.15
741 silly placeDep ROOT globals@14.0.0 OK for: @eslint/eslintrc@3.3.6 want: ^14.0.0
742 silly placeDep ROOT import-fresh@3.3.1 OK for: @eslint/eslintrc@3.3.6 want: ^3.2.1
743 silly placeDep ROOT js-yaml@4.3.2 OK for: @eslint/eslintrc@3.3.6 want: ^4.3.0
744 silly placeDep ROOT strip-json-comments@3.1.1 OK for: @eslint/eslintrc@3.3.6 want: ^3.1.1
745 silly fetch manifest resolve-from@^4.0.0
746 silly packumentCache full:https://registry.npmjs.org/resolve-from cache-miss
747 silly fetch manifest parent-module@^1.0.0
748 silly packumentCache full:https://registry.npmjs.org/parent-module cache-miss
749 silly fetch manifest argparse@^2.0.1
750 silly packumentCache full:https://registry.npmjs.org/argparse cache-miss
751 http fetch GET 200 https://registry.npmjs.org/parent-module 76ms (cache miss)
752 silly packumentCache full:https://registry.npmjs.org/parent-module set size:undefined disposed:false
753 http fetch GET 200 https://registry.npmjs.org/resolve-from 95ms (cache miss)
754 silly packumentCache full:https://registry.npmjs.org/resolve-from set size:undefined disposed:false
755 http fetch GET 200 https://registry.npmjs.org/argparse 99ms (cache miss)
756 silly packumentCache full:https://registry.npmjs.org/argparse set size:undefined disposed:false
757 silly placeDep ROOT levn@0.4.1 OK for: @eslint/plugin-kit@0.4.1 want: ^0.4.1
758 silly fetch manifest type-check@~0.4.0
759 silly packumentCache full:https://registry.npmjs.org/type-check cache-miss
760 http cache https://registry.npmjs.org/type-check 1ms (cache hit)
761 silly packumentCache full:https://registry.npmjs.org/type-check set size:21221 disposed:false
762 silly placeDep ROOT @humanfs/core@0.19.2 OK for: @humanfs/node@0.16.8 want: ^0.19.2
763 silly placeDep ROOT @humanfs/types@0.15.0 OK for: @humanfs/node@0.16.8 want: ^0.15.0
764 silly placeDep ROOT fast-json-stable-stringify@2.1.0 OK for: ajv@6.15.0 want: ^2.0.0
765 silly placeDep ROOT json-schema-traverse@0.4.1 OK for: ajv@6.15.0 want: ^0.4.1
766 silly placeDep ROOT uri-js@4.4.1 OK for: ajv@6.15.0 want: ^4.2.2
767 silly fetch manifest punycode@^2.1.0
768 silly packumentCache full:https://registry.npmjs.org/punycode cache-miss
769 http fetch GET 200 https://registry.npmjs.org/punycode 104ms (cache miss)
770 silly packumentCache full:https://registry.npmjs.org/punycode set size:undefined disposed:false
771 silly placeDep ROOT ansi-styles@4.3.0 OK for: chalk@4.1.2 want: ^4.1.0
772 silly placeDep ROOT supports-color@7.2.0 OK for: chalk@4.1.2 want: ^7.1.0
773 silly fetch manifest color-convert@^2.0.1
774 silly packumentCache full:https://registry.npmjs.org/color-convert cache-miss
775 silly fetch manifest has-flag@^4.0.0
776 silly packumentCache full:https://registry.npmjs.org/has-flag cache-miss
777 http fetch GET 200 https://registry.npmjs.org/has-flag 116ms (cache miss)
778 silly packumentCache full:https://registry.npmjs.org/has-flag set size:undefined disposed:false
779 http fetch GET 200 https://registry.npmjs.org/color-convert 117ms (cache miss)
780 silly packumentCache full:https://registry.npmjs.org/color-convert set size:undefined disposed:false
781 silly placeDep ROOT color-convert@2.0.1 OK for: ansi-styles@4.3.0 want: ^2.0.1
782 silly fetch manifest color-name@~1.1.4
783 silly packumentCache full:https://registry.npmjs.org/color-name cache-miss
784 http fetch GET 200 https://registry.npmjs.org/color-name 59ms (cache miss)
785 silly packumentCache full:https://registry.npmjs.org/color-name set size:undefined disposed:false
786 silly placeDep ROOT color-name@1.1.4 OK for: color-convert@2.0.1 want: ~1.1.4
787 silly placeDep ROOT path-key@3.1.1 OK for: cross-spawn@7.0.6 want: ^3.1.0
788 silly placeDep ROOT shebang-command@2.0.0 OK for: cross-spawn@7.0.6 want: ^2.0.0
789 silly placeDep ROOT which@2.0.2 OK for: cross-spawn@7.0.6 want: ^2.0.1
790 silly fetch manifest shebang-regex@^3.0.0
791 silly packumentCache full:https://registry.npmjs.org/shebang-regex cache-miss
792 silly fetch manifest isexe@^2.0.0
793 silly packumentCache full:https://registry.npmjs.org/isexe cache-miss
794 http fetch GET 200 https://registry.npmjs.org/shebang-regex 102ms (cache miss)
795 silly packumentCache full:https://registry.npmjs.org/shebang-regex set size:undefined disposed:false
796 http fetch GET 200 https://registry.npmjs.org/isexe 146ms (cache miss)
797 silly packumentCache full:https://registry.npmjs.org/isexe set size:undefined disposed:false
798 silly placeDep ROOT ms@2.1.3 OK for: debug@4.4.3 want: ^2.1.3
799 silly fetch manifest eslint@>=9.0.0
800 silly packumentCache full:https://registry.npmjs.org/eslint cache-miss
801 http cache https://registry.npmjs.org/eslint 4ms (cache hit)
802 silly packumentCache full:https://registry.npmjs.org/eslint set size:2070000 disposed:false
803 silly fetch manifest typescript@>=3.3.1
804 silly packumentCache full:https://registry.npmjs.org/typescript cache-miss
805 http cache https://registry.npmjs.org/typescript 15ms (cache hit)
806 silly packumentCache full:https://registry.npmjs.org/typescript set size:15601863 disposed:false
807 silly fetch manifest typescript@>=4.8.4 <6.1.0
808 silly packumentCache full:https://registry.npmjs.org/typescript cache-miss
809 http cache https://registry.npmjs.org/typescript 15ms (cache hit)
810 silly packumentCache full:https://registry.npmjs.org/typescript set size:15601863 disposed:false
811 silly fetch manifest eslint@^3 || ^4 || ^5 || ^6 || ^7 || ^8 || ^9.7
812 silly packumentCache full:https://registry.npmjs.org/eslint cache-miss
813 http cache https://registry.npmjs.org/eslint 5ms (cache hit)
814 silly packumentCache full:https://registry.npmjs.org/eslint set size:2070000 disposed:false
815 silly fetch manifest eslint@^2 || ^3 || ^4 || ^5 || ^6 || ^7.2.0 || ^8 || ^9
816 silly packumentCache full:https://registry.npmjs.org/eslint cache-miss
817 http cache https://registry.npmjs.org/eslint 2ms (cache hit)
818 silly packumentCache full:https://registry.npmjs.org/eslint set size:2070000 disposed:false
819 silly fetch manifest eslint@^3 || ^4 || ^5 || ^6 || ^7 || ^8 || ^9
820 silly packumentCache full:https://registry.npmjs.org/eslint cache-miss
821 http cache https://registry.npmjs.org/eslint 2ms (cache hit)
822 silly packumentCache full:https://registry.npmjs.org/eslint set size:2070000 disposed:false
823 silly fetch manifest eslint-plugin-import-x@*
824 silly packumentCache full:https://registry.npmjs.org/eslint-plugin-import-x cache-miss
825 http fetch GET 200 https://registry.npmjs.org/eslint-plugin-import-x 148ms (cache miss)
826 silly packumentCache full:https://registry.npmjs.org/eslint-plugin-import-x set size:undefined disposed:false
827 silly fetch manifest @typescript-eslint/utils@^8.56.0
828 silly packumentCache full:https://registry.npmjs.org/@typescript-eslint%2futils cache-miss
829 http fetch GET 200 https://registry.npmjs.org/@typescript-eslint%2futils 1773ms (cache miss)
830 silly packumentCache full:https://registry.npmjs.org/@typescript-eslint%2futils set size:undefined disposed:false
831 silly placeDep ROOT @next/eslint-plugin-next@16.3.3 OK for: eslint-config-next@16.3.3 want: 16.3.3
832 silly placeDep ROOT eslint-import-resolver-node@0.3.10 OK for: eslint-config-next@16.3.3 want: ^0.3.6
833 silly placeDep ROOT eslint-import-resolver-typescript@3.10.1 OK for: eslint-config-next@16.3.3 want: ^3.5.2
834 silly placeDep ROOT eslint-plugin-import@2.32.0 OK for: eslint-config-next@16.3.3 want: ^2.32.0
835 silly placeDep ROOT eslint-plugin-jsx-a11y@6.10.2 OK for: eslint-config-next@16.3.3 want: ^6.10.0
836 silly placeDep ROOT eslint-plugin-react@7.37.5 OK for: eslint-config-next@16.3.3 want: ^7.37.0
837 silly placeDep ROOT eslint-plugin-react-hooks@7.1.1 OK for: eslint-config-next@16.3.3 want: ^7.0.0
838 silly placeDep node_modules/eslint-config-next globals@16.4.0 OK for: eslint-config-next@16.3.3 want: 16.4.0
839 silly placeDep ROOT typescript-eslint@8.68.0 OK for: eslint-config-next@16.3.3 want: ^8.46.0
840 silly fetch manifest fast-glob@3.3.1
841 silly packumentCache full:https://registry.npmjs.org/fast-glob cache-miss
842 silly fetch manifest @eslint-community/eslint-utils@4.9.1
843 silly packumentCache full:https://registry.npmjs.org/@eslint-community%2feslint-utils cache-miss
844 silly fetch manifest debug@^3.2.7
845 silly packumentCache full:https://registry.npmjs.org/debug cache-hit
846 silly fetch manifest resolve@^2.0.0-next.6
847 silly packumentCache full:https://registry.npmjs.org/resolve cache-miss
848 silly fetch manifest is-core-module@^2.16.1
849 silly packumentCache full:https://registry.npmjs.org/is-core-module cache-miss
850 silly fetch manifest tinyglobby@^0.2.13
851 silly packumentCache full:https://registry.npmjs.org/tinyglobby cache-miss
852 silly fetch manifest stable-hash@^0.0.5
853 silly packumentCache full:https://registry.npmjs.org/stable-hash cache-miss
854 silly fetch manifest get-tsconfig@^4.10.0
855 silly packumentCache full:https://registry.npmjs.org/get-tsconfig cache-miss
856 silly fetch manifest is-bun-module@^2.0.0
857 silly packumentCache full:https://registry.npmjs.org/is-bun-module cache-miss
858 silly fetch manifest unrs-resolver@^1.6.2
859 silly packumentCache full:https://registry.npmjs.org/unrs-resolver cache-miss
860 http cache https://registry.npmjs.org/@eslint-community%2feslint-utils 4ms (cache hit)
861 silly packumentCache full:https://registry.npmjs.org/@eslint-community%2feslint-utils set size:108339 disposed:false
862 silly fetch manifest @nolyfill/is-core-module@1.0.39
863 silly packumentCache full:https://registry.npmjs.org/@nolyfill%2fis-core-module cache-miss
864 http fetch GET 200 https://registry.npmjs.org/stable-hash 324ms (cache miss)
865 silly packumentCache full:https://registry.npmjs.org/stable-hash set size:undefined disposed:false
866 silly fetch manifest @rtsao/scc@^1.1.0
867 silly packumentCache full:https://registry.npmjs.org/@rtsao%2fscc cache-miss
868 http fetch GET 200 https://registry.npmjs.org/tinyglobby 326ms (cache miss)
869 silly packumentCache full:https://registry.npmjs.org/tinyglobby set size:undefined disposed:false
870 silly fetch manifest array-includes@^3.1.9
871 silly packumentCache full:https://registry.npmjs.org/array-includes cache-miss
872 http fetch GET 200 https://registry.npmjs.org/unrs-resolver 500ms (cache miss)
873 silly packumentCache full:https://registry.npmjs.org/unrs-resolver set size:undefined disposed:false
874 silly fetch manifest array.prototype.findlastindex@^1.2.6
875 silly packumentCache full:https://registry.npmjs.org/array.prototype.findlastindex cache-miss
876 http fetch GET 200 https://registry.npmjs.org/is-bun-module 504ms (cache miss)
877 silly packumentCache full:https://registry.npmjs.org/is-bun-module set size:undefined disposed:false
878 silly fetch manifest array.prototype.flat@^1.3.3
879 silly packumentCache full:https://registry.npmjs.org/array.prototype.flat cache-miss
880 http fetch GET 200 https://registry.npmjs.org/is-core-module 505ms (cache miss)
881 silly packumentCache full:https://registry.npmjs.org/is-core-module set size:undefined disposed:false
882 silly fetch manifest array.prototype.flatmap@^1.3.3
883 silly packumentCache full:https://registry.npmjs.org/array.prototype.flatmap cache-miss
884 http fetch GET 200 https://registry.npmjs.org/get-tsconfig 507ms (cache miss)
885 silly packumentCache full:https://registry.npmjs.org/get-tsconfig set size:undefined disposed:false
886 silly fetch manifest doctrine@^2.1.0
887 silly packumentCache full:https://registry.npmjs.org/doctrine cache-miss
888 http fetch GET 200 https://registry.npmjs.org/@nolyfill%2fis-core-module 533ms (cache miss)
889 silly packumentCache full:https://registry.npmjs.org/@nolyfill%2fis-core-module set size:undefined disposed:false
890 silly fetch manifest eslint-module-utils@^2.12.1
891 silly packumentCache full:https://registry.npmjs.org/eslint-module-utils cache-miss
892 http fetch GET 200 https://registry.npmjs.org/@rtsao%2fscc 353ms (cache miss)
893 silly packumentCache full:https://registry.npmjs.org/@rtsao%2fscc set size:undefined disposed:false
894 silly fetch manifest hasown@^2.0.2
895 silly packumentCache full:https://registry.npmjs.org/hasown cache-miss
896 http fetch GET 200 https://registry.npmjs.org/resolve 680ms (cache miss)
897 silly packumentCache full:https://registry.npmjs.org/resolve set size:undefined disposed:false
898 silly fetch manifest object.fromentries@^2.0.8
899 silly packumentCache full:https://registry.npmjs.org/object.fromentries cache-miss
900 http fetch GET 200 https://registry.npmjs.org/fast-glob 701ms (cache miss)
901 silly packumentCache full:https://registry.npmjs.org/fast-glob set size:undefined disposed:false
902 silly fetch manifest object.groupby@^1.0.3
903 silly packumentCache full:https://registry.npmjs.org/object.groupby cache-miss
904 http fetch GET 200 https://registry.npmjs.org/array.prototype.findlastindex 466ms (cache miss)
905 silly packumentCache full:https://registry.npmjs.org/array.prototype.findlastindex set size:undefined disposed:false
906 silly fetch manifest object.values@^1.2.1
907 silly packumentCache full:https://registry.npmjs.org/object.values cache-miss
908 http fetch GET 200 https://registry.npmjs.org/array.prototype.flatmap 817ms (cache miss)
909 silly packumentCache full:https://registry.npmjs.org/array.prototype.flatmap set size:undefined disposed:false
910 silly fetch manifest semver@^6.3.1
911 silly packumentCache full:https://registry.npmjs.org/semver cache-miss
912 http fetch GET 200 https://registry.npmjs.org/array.prototype.flat 997ms (cache miss)
913 silly packumentCache full:https://registry.npmjs.org/array.prototype.flat set size:undefined disposed:false
914 silly fetch manifest string.prototype.trimend@^1.0.9
915 silly packumentCache full:https://registry.npmjs.org/string.prototype.trimend cache-miss
916 http fetch GET 200 https://registry.npmjs.org/object.values 534ms (cache miss)
917 silly packumentCache full:https://registry.npmjs.org/object.values set size:undefined disposed:false
918 silly fetch manifest tsconfig-paths@^3.15.0
919 silly packumentCache full:https://registry.npmjs.org/tsconfig-paths cache-miss
920 http fetch GET 200 https://registry.npmjs.org/array-includes 1177ms (cache miss)
921 silly packumentCache full:https://registry.npmjs.org/array-includes set size:undefined disposed:false
922 silly fetch manifest aria-query@^5.3.2
923 silly packumentCache full:https://registry.npmjs.org/aria-query cache-miss
924 http fetch GET 200 https://registry.npmjs.org/string.prototype.trimend 176ms (cache miss)
925 silly packumentCache full:https://registry.npmjs.org/string.prototype.trimend set size:undefined disposed:false
926 silly fetch manifest array-includes@^3.1.8
927 silly packumentCache full:https://registry.npmjs.org/array-includes cache-miss
928 http fetch GET 200 https://registry.npmjs.org/object.fromentries 998ms (cache miss)
929 silly packumentCache full:https://registry.npmjs.org/object.fromentries set size:undefined disposed:false
930 silly fetch manifest array.prototype.flatmap@^1.3.2
931 silly packumentCache full:https://registry.npmjs.org/array.prototype.flatmap cache-miss
932 http fetch GET 200 https://registry.npmjs.org/doctrine 1174ms (cache miss)
933 silly packumentCache full:https://registry.npmjs.org/doctrine set size:undefined disposed:false
934 silly fetch manifest ast-types-flow@^0.0.8
935 silly packumentCache full:https://registry.npmjs.org/ast-types-flow cache-miss
936 http cache https://registry.npmjs.org/array-includes 6ms (cache hit)
937 silly packumentCache full:https://registry.npmjs.org/array-includes set size:77143 disposed:false
938 silly fetch manifest axe-core@^4.10.0
939 silly packumentCache full:https://registry.npmjs.org/axe-core cache-miss
940 http cache https://registry.npmjs.org/array.prototype.flatmap 6ms (cache hit)
941 silly packumentCache full:https://registry.npmjs.org/array.prototype.flatmap set size:51458 disposed:false
942 silly fetch manifest axobject-query@^4.1.0
943 silly packumentCache full:https://registry.npmjs.org/axobject-query cache-miss
944 http fetch GET 200 https://registry.npmjs.org/object.groupby 1033ms (cache miss)
945 silly packumentCache full:https://registry.npmjs.org/object.groupby set size:undefined disposed:false
946 silly fetch manifest damerau-levenshtein@^1.0.8
947 silly packumentCache full:https://registry.npmjs.org/damerau-levenshtein cache-miss
948 http fetch GET 200 https://registry.npmjs.org/hasown 1059ms (cache miss)
949 silly packumentCache full:https://registry.npmjs.org/hasown set size:undefined disposed:false
950 silly fetch manifest emoji-regex@^9.2.2
951 silly packumentCache full:https://registry.npmjs.org/emoji-regex cache-miss
952 http fetch GET 200 https://registry.npmjs.org/axobject-query 98ms (cache miss)
953 silly packumentCache full:https://registry.npmjs.org/axobject-query set size:undefined disposed:false
954 silly fetch manifest jsx-ast-utils@^3.3.5
955 silly packumentCache full:https://registry.npmjs.org/jsx-ast-utils cache-miss
956 http fetch GET 200 https://registry.npmjs.org/ast-types-flow 107ms (cache miss)
957 silly packumentCache full:https://registry.npmjs.org/ast-types-flow set size:undefined disposed:false
958 silly fetch manifest language-tags@^1.0.9
959 silly packumentCache full:https://registry.npmjs.org/language-tags cache-miss
960 http fetch GET 200 https://registry.npmjs.org/tsconfig-paths 339ms (cache miss)
961 silly packumentCache full:https://registry.npmjs.org/tsconfig-paths set size:undefined disposed:false
962 silly fetch manifest safe-regex-test@^1.0.3
963 silly packumentCache full:https://registry.npmjs.org/safe-regex-test cache-miss
964 http fetch GET 200 https://registry.npmjs.org/damerau-levenshtein 120ms (cache miss)
965 silly packumentCache full:https://registry.npmjs.org/damerau-levenshtein set size:undefined disposed:false
966 silly fetch manifest string.prototype.includes@^2.0.1
967 silly packumentCache full:https://registry.npmjs.org/string.prototype.includes cache-miss
968 http fetch GET 200 https://registry.npmjs.org/eslint-module-utils 1331ms (cache miss)
969 silly packumentCache full:https://registry.npmjs.org/eslint-module-utils set size:undefined disposed:false
970 silly fetch manifest array.prototype.findlast@^1.2.5
971 silly packumentCache full:https://registry.npmjs.org/array.prototype.findlast cache-miss
972 http fetch GET 200 https://registry.npmjs.org/jsx-ast-utils 96ms (cache miss)
973 silly packumentCache full:https://registry.npmjs.org/jsx-ast-utils set size:undefined disposed:false
974 silly fetch manifest array.prototype.tosorted@^1.1.4
975 silly packumentCache full:https://registry.npmjs.org/array.prototype.tosorted cache-miss
976 http fetch GET 200 https://registry.npmjs.org/language-tags 152ms (cache miss)
977 silly packumentCache full:https://registry.npmjs.org/language-tags set size:undefined disposed:false
978 silly fetch manifest es-iterator-helpers@^1.2.1
979 silly packumentCache full:https://registry.npmjs.org/es-iterator-helpers cache-miss
980 http fetch GET 200 https://registry.npmjs.org/array.prototype.findlast 73ms (cache miss)
981 silly packumentCache full:https://registry.npmjs.org/array.prototype.findlast set size:undefined disposed:false
982 silly fetch manifest estraverse@^5.3.0
983 silly packumentCache full:https://registry.npmjs.org/estraverse cache-miss
984 http fetch GET 200 https://registry.npmjs.org/safe-regex-test 100ms (cache miss)
985 silly packumentCache full:https://registry.npmjs.org/safe-regex-test set size:undefined disposed:false
986 silly fetch manifest jsx-ast-utils@^2.4.1 || ^3.0.0
987 silly packumentCache full:https://registry.npmjs.org/jsx-ast-utils cache-miss
988 http cache https://registry.npmjs.org/estraverse 3ms (cache hit)
989 silly packumentCache full:https://registry.npmjs.org/estraverse set size:62412 disposed:false
990 silly fetch manifest object.entries@^1.1.9
991 silly packumentCache full:https://registry.npmjs.org/object.entries cache-miss
992 http cache https://registry.npmjs.org/jsx-ast-utils 3ms (cache hit)
993 silly packumentCache full:https://registry.npmjs.org/jsx-ast-utils set size:115998 disposed:false
994 silly fetch manifest prop-types@^15.8.1
995 silly packumentCache full:https://registry.npmjs.org/prop-types cache-miss
996 http fetch GET 200 https://registry.npmjs.org/string.prototype.includes 112ms (cache miss)
997 silly packumentCache full:https://registry.npmjs.org/string.prototype.includes set size:undefined disposed:false
998 silly fetch manifest resolve@^2.0.0-next.5
999 silly packumentCache full:https://registry.npmjs.org/resolve cache-miss
1000 http cache https://registry.npmjs.org/resolve 1ms (cache hit)
1001 silly packumentCache full:https://registry.npmjs.org/resolve set size:244568 disposed:false
1002 silly fetch manifest semver@^6.3.1
1003 silly packumentCache full:https://registry.npmjs.org/semver cache-miss
1004 http fetch GET 200 https://registry.npmjs.org/array.prototype.tosorted 90ms (cache miss)
1005 silly packumentCache full:https://registry.npmjs.org/array.prototype.tosorted set size:undefined disposed:false
1006 silly fetch manifest string.prototype.matchall@^4.0.12
1007 silly packumentCache full:https://registry.npmjs.org/string.prototype.matchall cache-miss
1008 http fetch GET 200 https://registry.npmjs.org/emoji-regex 243ms (cache miss)
1009 silly packumentCache full:https://registry.npmjs.org/emoji-regex set size:undefined disposed:false
1010 silly fetch manifest string.prototype.repeat@^1.0.0
1011 silly packumentCache full:https://registry.npmjs.org/string.prototype.repeat cache-miss
1012 http fetch GET 200 https://registry.npmjs.org/object.entries 69ms (cache miss)
1013 silly packumentCache full:https://registry.npmjs.org/object.entries set size:undefined disposed:false
1014 silly fetch manifest zod@^3.25.0 || ^4.0.0
1015 silly packumentCache full:https://registry.npmjs.org/zod cache-miss
1016 http fetch GET 200 https://registry.npmjs.org/string.prototype.matchall 167ms (cache miss)
1017 silly packumentCache full:https://registry.npmjs.org/string.prototype.matchall set size:undefined disposed:false
1018 silly fetch manifest @babel/core@^7.24.4
1019 silly packumentCache full:https://registry.npmjs.org/@babel%2fcore cache-miss
1020 http fetch GET 200 https://registry.npmjs.org/string.prototype.repeat 167ms (cache miss)
1021 silly packumentCache full:https://registry.npmjs.org/string.prototype.repeat set size:undefined disposed:false
1022 silly fetch manifest @babel/parser@^7.24.4
1023 silly packumentCache full:https://registry.npmjs.org/@babel%2fparser cache-miss
1024 http fetch GET 200 https://registry.npmjs.org/prop-types 229ms (cache miss)
1025 silly packumentCache full:https://registry.npmjs.org/prop-types set size:undefined disposed:false
1026 silly fetch manifest hermes-parser@^0.25.1
1027 silly packumentCache full:https://registry.npmjs.org/hermes-parser cache-miss
1028 http fetch GET 200 https://registry.npmjs.org/es-iterator-helpers 245ms (cache miss)
1029 silly packumentCache full:https://registry.npmjs.org/es-iterator-helpers set size:undefined disposed:false
1030 silly fetch manifest zod-validation-error@^3.5.0 || ^4.0.0
1031 silly packumentCache full:https://registry.npmjs.org/zod-validation-error cache-miss
1032 http fetch GET 200 https://registry.npmjs.org/hermes-parser 320ms (cache miss)
1033 silly packumentCache full:https://registry.npmjs.org/hermes-parser set size:undefined disposed:false
1034 silly fetch manifest @typescript-eslint/utils@8.68.0
1035 silly packumentCache full:https://registry.npmjs.org/@typescript-eslint%2futils cache-miss
1036 http cache https://registry.npmjs.org/@typescript-eslint%2futils 13ms (cache hit)
1037 silly packumentCache full:https://registry.npmjs.org/@typescript-eslint%2futils set size:10804857 disposed:false
1038 silly fetch manifest @typescript-eslint/parser@8.68.0
1039 silly packumentCache full:https://registry.npmjs.org/@typescript-eslint%2fparser cache-miss
1040 http fetch GET 200 https://registry.npmjs.org/zod-validation-error 360ms (cache miss)
1041 silly packumentCache full:https://registry.npmjs.org/zod-validation-error set size:undefined disposed:false
1042 silly fetch manifest @typescript-eslint/eslint-plugin@8.68.0
1043 silly packumentCache full:https://registry.npmjs.org/@typescript-eslint%2feslint-plugin cache-miss
1044 http fetch GET 200 https://registry.npmjs.org/@babel%2fcore 461ms (cache miss)
1045 silly packumentCache full:https://registry.npmjs.org/@babel%2fcore set size:undefined disposed:false
1046 silly fetch manifest @typescript-eslint/typescript-estree@8.68.0
1047 silly packumentCache full:https://registry.npmjs.org/@typescript-eslint%2ftypescript-estree cache-miss
1048 http fetch GET 200 https://registry.npmjs.org/semver 1146ms (cache miss)
1049 silly packumentCache full:https://registry.npmjs.org/semver set size:undefined disposed:false
1050 http fetch GET 200 https://registry.npmjs.org/aria-query 1727ms (cache miss)
1051 silly packumentCache full:https://registry.npmjs.org/aria-query set size:undefined disposed:false
1052 http fetch GET 200 https://registry.npmjs.org/zod 1297ms (cache miss)
1053 silly packumentCache full:https://registry.npmjs.org/zod set size:undefined disposed:false
1054 http fetch GET 200 https://registry.npmjs.org/@babel%2fparser 1574ms (cache miss)
1055 silly packumentCache full:https://registry.npmjs.org/@babel%2fparser set size:undefined disposed:false
1056 http fetch GET 200 https://registry.npmjs.org/axe-core 3519ms (cache miss)
1057 silly packumentCache full:https://registry.npmjs.org/axe-core set size:undefined disposed:false
1058 http fetch GET 200 https://registry.npmjs.org/semver 4745ms (cache miss)
1059 silly packumentCache full:https://registry.npmjs.org/semver set size:undefined disposed:false
1060 http fetch GET 200 https://registry.npmjs.org/@typescript-eslint%2ftypescript-estree 5408ms (cache miss)
1061 silly packumentCache full:https://registry.npmjs.org/@typescript-eslint%2ftypescript-estree set size:undefined disposed:false
1062 http fetch GET 200 https://registry.npmjs.org/@typescript-eslint%2feslint-plugin 9826ms (cache miss)
1063 silly packumentCache full:https://registry.npmjs.org/@typescript-eslint%2feslint-plugin set size:undefined disposed:false
1064 http fetch GET 200 https://registry.npmjs.org/@typescript-eslint%2fparser 11107ms (cache miss)
1065 silly packumentCache full:https://registry.npmjs.org/@typescript-eslint%2fparser set size:undefined disposed:false
1066 silly placeDep node_modules/@next/eslint-plugin-next @eslint-community/eslint-utils@4.9.1 OK for: @next/eslint-plugin-next@16.3.3 want: 4.9.1
1067 silly placeDep ROOT fast-glob@3.3.1 OK for: @next/eslint-plugin-next@16.3.3 want: 3.3.1
1068 silly fetch manifest merge2@^1.3.0
1069 silly packumentCache full:https://registry.npmjs.org/merge2 cache-miss
1070 silly fetch manifest micromatch@^4.0.4
1071 silly packumentCache full:https://registry.npmjs.org/micromatch cache-miss
1072 silly fetch manifest glob-parent@^5.1.2
1073 silly packumentCache full:https://registry.npmjs.org/glob-parent cache-miss
1074 silly fetch manifest @nodelib/fs.stat@^2.0.2
1075 silly packumentCache full:https://registry.npmjs.org/@nodelib%2ffs.stat cache-miss
1076 silly fetch manifest @nodelib/fs.walk@^1.2.3
1077 silly packumentCache full:https://registry.npmjs.org/@nodelib%2ffs.walk cache-miss
1078 http cache https://registry.npmjs.org/glob-parent 5ms (cache hit)
1079 silly packumentCache full:https://registry.npmjs.org/glob-parent set size:42445 disposed:false
1080 http fetch GET 200 https://registry.npmjs.org/@nodelib%2ffs.stat 113ms (cache miss)
1081 silly packumentCache full:https://registry.npmjs.org/@nodelib%2ffs.stat set size:undefined disposed:false
1082 http fetch GET 200 https://registry.npmjs.org/@nodelib%2ffs.walk 202ms (cache miss)
1083 silly packumentCache full:https://registry.npmjs.org/@nodelib%2ffs.walk set size:undefined disposed:false
1084 http fetch GET 200 https://registry.npmjs.org/merge2 220ms (cache miss)
1085 silly packumentCache full:https://registry.npmjs.org/merge2 set size:undefined disposed:false
1086 http fetch GET 200 https://registry.npmjs.org/micromatch 710ms (cache miss)
1087 silly packumentCache full:https://registry.npmjs.org/micromatch set size:undefined disposed:false
1088 silly placeDep node_modules/eslint-import-resolver-node debug@3.2.7 OK for: eslint-import-resolver-node@0.3.10 want: ^3.2.7
1089 silly placeDep ROOT is-core-module@2.16.2 OK for: eslint-import-resolver-node@0.3.10 want: ^2.16.1
1090 silly placeDep ROOT resolve@2.0.0-next.7 OK for: eslint-import-resolver-node@0.3.10 want: ^2.0.0-next.6
1091 silly fetch manifest hasown@^2.0.3
1092 silly packumentCache full:https://registry.npmjs.org/hasown cache-miss
1093 silly fetch manifest es-errors@^1.3.0
1094 silly packumentCache full:https://registry.npmjs.org/es-errors cache-miss
1095 silly fetch manifest node-exports-info@^1.6.0
1096 silly packumentCache full:https://registry.npmjs.org/node-exports-info cache-miss
1097 silly fetch manifest object-keys@^1.1.1
1098 silly packumentCache full:https://registry.npmjs.org/object-keys cache-miss
1099 silly fetch manifest path-parse@^1.0.7
1100 silly packumentCache full:https://registry.npmjs.org/path-parse cache-miss
1101 silly fetch manifest supports-preserve-symlinks-flag@^1.0.0
1102 silly packumentCache full:https://registry.npmjs.org/supports-preserve-symlinks-flag cache-miss
1103 http cache https://registry.npmjs.org/hasown 5ms (cache hit)
1104 silly packumentCache full:https://registry.npmjs.org/hasown set size:18361 disposed:false
1105 http fetch GET 200 https://registry.npmjs.org/path-parse 74ms (cache miss)
1106 silly packumentCache full:https://registry.npmjs.org/path-parse set size:undefined disposed:false
1107 http fetch GET 200 https://registry.npmjs.org/object-keys 87ms (cache miss)
1108 silly packumentCache full:https://registry.npmjs.org/object-keys set size:undefined disposed:false
1109 http fetch GET 200 https://registry.npmjs.org/es-errors 88ms (cache miss)
1110 silly packumentCache full:https://registry.npmjs.org/es-errors set size:undefined disposed:false
1111 http fetch GET 200 https://registry.npmjs.org/supports-preserve-symlinks-flag 90ms (cache miss)
1112 silly packumentCache full:https://registry.npmjs.org/supports-preserve-symlinks-flag set size:undefined disposed:false
1113 http fetch GET 200 https://registry.npmjs.org/node-exports-info 429ms (cache miss)
1114 silly packumentCache full:https://registry.npmjs.org/node-exports-info set size:undefined disposed:false
1115 silly placeDep ROOT @nolyfill/is-core-module@1.0.39 OK for: eslint-import-resolver-typescript@3.10.1 want: 1.0.39
1116 silly placeDep ROOT get-tsconfig@4.14.3 OK for: eslint-import-resolver-typescript@3.10.1 want: ^4.10.0
1117 silly placeDep ROOT is-bun-module@2.0.0 OK for: eslint-import-resolver-typescript@3.10.1 want: ^2.0.0
1118 silly placeDep ROOT stable-hash@0.0.5 OK for: eslint-import-resolver-typescript@3.10.1 want: ^0.0.5
1119 silly placeDep ROOT tinyglobby@0.2.17 OK for: eslint-import-resolver-typescript@3.10.1 want: ^0.2.13
1120 silly placeDep ROOT unrs-resolver@1.12.2 OK for: eslint-import-resolver-typescript@3.10.1 want: ^1.6.2
1121 silly fetch manifest resolve-pkg-maps@^1.0.0
1122 silly packumentCache full:https://registry.npmjs.org/resolve-pkg-maps cache-miss
1123 silly fetch manifest semver@^7.7.1
1124 silly packumentCache full:https://registry.npmjs.org/semver cache-miss
1125 silly fetch manifest fdir@^6.5.0
1126 silly packumentCache full:https://registry.npmjs.org/fdir cache-miss
1127 silly fetch manifest picomatch@^4.0.4
1128 silly packumentCache full:https://registry.npmjs.org/picomatch cache-miss
1129 silly fetch manifest napi-postinstall@^0.3.4
1130 silly packumentCache full:https://registry.npmjs.org/napi-postinstall cache-miss
1131 silly fetch manifest @unrs/resolver-binding-darwin-arm64@1.12.2
1132 silly packumentCache full:https://registry.npmjs.org/@unrs%2fresolver-binding-darwin-arm64 cache-miss
1133 silly fetch manifest @unrs/resolver-binding-android-arm64@1.12.2
1134 silly packumentCache full:https://registry.npmjs.org/@unrs%2fresolver-binding-android-arm64 cache-miss
1135 silly fetch manifest @unrs/resolver-binding-win32-arm64-msvc@1.12.2
1136 silly packumentCache full:https://registry.npmjs.org/@unrs%2fresolver-binding-win32-arm64-msvc cache-miss
1137 silly fetch manifest @unrs/resolver-binding-linux-arm64-gnu@1.12.2
1138 silly packumentCache full:https://registry.npmjs.org/@unrs%2fresolver-binding-linux-arm64-gnu cache-miss
1139 http cache https://registry.npmjs.org/semver 6ms (cache hit)
1140 silly packumentCache full:https://registry.npmjs.org/semver set size:246069 disposed:false
1141 silly fetch manifest @unrs/resolver-binding-linux-arm64-musl@1.12.2
1142 silly packumentCache full:https://registry.npmjs.org/@unrs%2fresolver-binding-linux-arm64-musl cache-miss
1143 http fetch GET 200 https://registry.npmjs.org/resolve-pkg-maps 69ms (cache miss)
1144 silly packumentCache full:https://registry.npmjs.org/resolve-pkg-maps set size:undefined disposed:false
1145 silly fetch manifest @unrs/resolver-binding-openharmony-arm64@1.12.2
1146 silly packumentCache full:https://registry.npmjs.org/@unrs%2fresolver-binding-openharmony-arm64 cache-miss
1147 http fetch GET 200 https://registry.npmjs.org/@unrs%2fresolver-binding-linux-arm64-gnu 134ms (cache miss)
1148 silly packumentCache full:https://registry.npmjs.org/@unrs%2fresolver-binding-linux-arm64-gnu set size:undefined disposed:false
1149 silly fetch manifest @unrs/resolver-binding-android-arm-eabi@1.12.2
1150 silly packumentCache full:https://registry.npmjs.org/@unrs%2fresolver-binding-android-arm-eabi cache-miss
1151 http fetch GET 200 https://registry.npmjs.org/@unrs%2fresolver-binding-android-arm64 136ms (cache miss)
1152 silly packumentCache full:https://registry.npmjs.org/@unrs%2fresolver-binding-android-arm64 set size:undefined disposed:false
1153 silly fetch manifest @unrs/resolver-binding-linux-arm-gnueabihf@1.12.2
1154 silly packumentCache full:https://registry.npmjs.org/@unrs%2fresolver-binding-linux-arm-gnueabihf cache-miss
1155 http fetch GET 200 https://registry.npmjs.org/@unrs%2fresolver-binding-win32-arm64-msvc 137ms (cache miss)
1156 silly packumentCache full:https://registry.npmjs.org/@unrs%2fresolver-binding-win32-arm64-msvc set size:undefined disposed:false
1157 silly fetch manifest @unrs/resolver-binding-linux-arm-musleabihf@1.12.2
1158 silly packumentCache full:https://registry.npmjs.org/@unrs%2fresolver-binding-linux-arm-musleabihf cache-miss
1159 http fetch GET 200 https://registry.npmjs.org/@unrs%2fresolver-binding-darwin-arm64 138ms (cache miss)
1160 silly packumentCache full:https://registry.npmjs.org/@unrs%2fresolver-binding-darwin-arm64 set size:undefined disposed:false
1161 silly fetch manifest @unrs/resolver-binding-win32-ia32-msvc@1.12.2
1162 silly packumentCache full:https://registry.npmjs.org/@unrs%2fresolver-binding-win32-ia32-msvc cache-miss
1163 http fetch GET 200 https://registry.npmjs.org/@unrs%2fresolver-binding-openharmony-arm64 81ms (cache miss)
1164 silly packumentCache full:https://registry.npmjs.org/@unrs%2fresolver-binding-openharmony-arm64 set size:undefined disposed:false
1165 silly fetch manifest @unrs/resolver-binding-linux-loong64-gnu@1.12.2
1166 silly packumentCache full:https://registry.npmjs.org/@unrs%2fresolver-binding-linux-loong64-gnu cache-miss
1167 http fetch GET 200 https://registry.npmjs.org/napi-postinstall 180ms (cache miss)
1168 silly packumentCache full:https://registry.npmjs.org/napi-postinstall set size:undefined disposed:false
1169 silly fetch manifest @unrs/resolver-binding-linux-loong64-musl@1.12.2
1170 silly packumentCache full:https://registry.npmjs.org/@unrs%2fresolver-binding-linux-loong64-musl cache-miss
1171 http fetch GET 200 https://registry.npmjs.org/@unrs%2fresolver-binding-win32-ia32-msvc 99ms (cache miss)
1172 silly packumentCache full:https://registry.npmjs.org/@unrs%2fresolver-binding-win32-ia32-msvc set size:undefined disposed:false
1173 silly fetch manifest @unrs/resolver-binding-linux-ppc64-gnu@1.12.2
1174 silly packumentCache full:https://registry.npmjs.org/@unrs%2fresolver-binding-linux-ppc64-gnu cache-miss
1175 http fetch GET 200 https://registry.npmjs.org/@unrs%2fresolver-binding-linux-loong64-gnu 136ms (cache miss)
1176 silly packumentCache full:https://registry.npmjs.org/@unrs%2fresolver-binding-linux-loong64-gnu set size:undefined disposed:false
1177 silly fetch manifest @unrs/resolver-binding-linux-riscv64-gnu@1.12.2
1178 silly packumentCache full:https://registry.npmjs.org/@unrs%2fresolver-binding-linux-riscv64-gnu cache-miss
1179 http fetch GET 200 https://registry.npmjs.org/@unrs%2fresolver-binding-linux-arm-musleabihf 151ms (cache miss)
1180 silly packumentCache full:https://registry.npmjs.org/@unrs%2fresolver-binding-linux-arm-musleabihf set size:undefined disposed:false
1181 silly fetch manifest @unrs/resolver-binding-linux-riscv64-musl@1.12.2
1182 silly packumentCache full:https://registry.npmjs.org/@unrs%2fresolver-binding-linux-riscv64-musl cache-miss
1183 http fetch GET 200 https://registry.npmjs.org/@unrs%2fresolver-binding-linux-arm-gnueabihf 155ms (cache miss)
1184 silly packumentCache full:https://registry.npmjs.org/@unrs%2fresolver-binding-linux-arm-gnueabihf set size:undefined disposed:false
1185 silly fetch manifest @unrs/resolver-binding-linux-s390x-gnu@1.12.2
1186 silly packumentCache full:https://registry.npmjs.org/@unrs%2fresolver-binding-linux-s390x-gnu cache-miss
1187 http fetch GET 200 https://registry.npmjs.org/@unrs%2fresolver-binding-linux-loong64-musl 112ms (cache miss)
1188 silly packumentCache full:https://registry.npmjs.org/@unrs%2fresolver-binding-linux-loong64-musl set size:undefined disposed:false
1189 silly fetch manifest @unrs/resolver-binding-wasm32-wasi@1.12.2
1190 silly packumentCache full:https://registry.npmjs.org/@unrs%2fresolver-binding-wasm32-wasi cache-miss
1191 http fetch GET 200 https://registry.npmjs.org/fdir 313ms (cache miss)
1192 silly packumentCache full:https://registry.npmjs.org/fdir set size:undefined disposed:false
1193 silly fetch manifest @unrs/resolver-binding-darwin-x64@1.12.2
1194 silly packumentCache full:https://registry.npmjs.org/@unrs%2fresolver-binding-darwin-x64 cache-miss
1195 http fetch GET 200 https://registry.npmjs.org/@unrs%2fresolver-binding-linux-arm64-musl 335ms (cache miss)
1196 silly packumentCache full:https://registry.npmjs.org/@unrs%2fresolver-binding-linux-arm64-musl set size:undefined disposed:false
1197 silly fetch manifest @unrs/resolver-binding-win32-x64-msvc@1.12.2
1198 silly packumentCache full:https://registry.npmjs.org/@unrs%2fresolver-binding-win32-x64-msvc cache-miss
1199 http fetch GET 200 https://registry.npmjs.org/@unrs%2fresolver-binding-linux-ppc64-gnu 105ms (cache miss)
1200 silly packumentCache full:https://registry.npmjs.org/@unrs%2fresolver-binding-linux-ppc64-gnu set size:undefined disposed:false
1201 silly fetch manifest @unrs/resolver-binding-freebsd-x64@1.12.2
1202 silly packumentCache full:https://registry.npmjs.org/@unrs%2fresolver-binding-freebsd-x64 cache-miss
1203 http fetch GET 200 https://registry.npmjs.org/picomatch 401ms (cache miss)
1204 silly packumentCache full:https://registry.npmjs.org/picomatch set size:undefined disposed:false
1205 silly fetch manifest @unrs/resolver-binding-linux-x64-gnu@1.12.2
1206 silly packumentCache full:https://registry.npmjs.org/@unrs%2fresolver-binding-linux-x64-gnu cache-miss
1207 http fetch GET 200 https://registry.npmjs.org/@unrs%2fresolver-binding-linux-riscv64-gnu 115ms (cache miss)
1208 silly packumentCache full:https://registry.npmjs.org/@unrs%2fresolver-binding-linux-riscv64-gnu set size:undefined disposed:false
1209 silly fetch manifest @unrs/resolver-binding-linux-x64-musl@1.12.2
1210 silly packumentCache full:https://registry.npmjs.org/@unrs%2fresolver-binding-linux-x64-musl cache-miss
1211 http fetch GET 200 https://registry.npmjs.org/@unrs%2fresolver-binding-linux-s390x-gnu 112ms (cache miss)
1212 silly packumentCache full:https://registry.npmjs.org/@unrs%2fresolver-binding-linux-s390x-gnu set size:undefined disposed:false
1213 http fetch GET 200 https://registry.npmjs.org/@unrs%2fresolver-binding-android-arm-eabi 273ms (cache miss)
1214 silly packumentCache full:https://registry.npmjs.org/@unrs%2fresolver-binding-android-arm-eabi set size:undefined disposed:false
1215 http fetch GET 200 https://registry.npmjs.org/@unrs%2fresolver-binding-linux-riscv64-musl 125ms (cache miss)
1216 silly packumentCache full:https://registry.npmjs.org/@unrs%2fresolver-binding-linux-riscv64-musl set size:undefined disposed:false
1217 http fetch GET 200 https://registry.npmjs.org/@unrs%2fresolver-binding-freebsd-x64 95ms (cache miss)
1218 silly packumentCache full:https://registry.npmjs.org/@unrs%2fresolver-binding-freebsd-x64 set size:undefined disposed:false
1219 http fetch GET 200 https://registry.npmjs.org/@unrs%2fresolver-binding-darwin-x64 144ms (cache miss)
1220 silly packumentCache full:https://registry.npmjs.org/@unrs%2fresolver-binding-darwin-x64 set size:undefined disposed:false
1221 http fetch GET 200 https://registry.npmjs.org/@unrs%2fresolver-binding-linux-x64-gnu 144ms (cache miss)
1222 silly packumentCache full:https://registry.npmjs.org/@unrs%2fresolver-binding-linux-x64-gnu set size:undefined disposed:false
1223 http fetch GET 200 https://registry.npmjs.org/@unrs%2fresolver-binding-linux-x64-musl 141ms (cache miss)
1224 silly packumentCache full:https://registry.npmjs.org/@unrs%2fresolver-binding-linux-x64-musl set size:undefined disposed:false
1225 http fetch GET 200 https://registry.npmjs.org/@unrs%2fresolver-binding-wasm32-wasi 252ms (cache miss)
1226 silly packumentCache full:https://registry.npmjs.org/@unrs%2fresolver-binding-wasm32-wasi set size:undefined disposed:false
1227 http fetch GET 200 https://registry.npmjs.org/@unrs%2fresolver-binding-win32-x64-msvc 338ms (cache miss)
1228 silly packumentCache full:https://registry.npmjs.org/@unrs%2fresolver-binding-win32-x64-msvc set size:undefined disposed:false
1229 silly placeDep ROOT @rtsao/scc@1.1.0 OK for: eslint-plugin-import@2.32.0 want: ^1.1.0
1230 silly placeDep ROOT array-includes@3.1.9 OK for: eslint-plugin-import@2.32.0 want: ^3.1.9
1231 silly placeDep ROOT array.prototype.findlastindex@1.2.6 OK for: eslint-plugin-import@2.32.0 want: ^1.2.6
1232 silly placeDep ROOT array.prototype.flat@1.3.3 OK for: eslint-plugin-import@2.32.0 want: ^1.3.3
1233 silly placeDep ROOT array.prototype.flatmap@1.3.3 OK for: eslint-plugin-import@2.32.0 want: ^1.3.3
1234 silly placeDep node_modules/eslint-plugin-import debug@3.2.7 OK for: eslint-plugin-import@2.32.0 want: ^3.2.7
1235 silly placeDep ROOT doctrine@2.1.0 OK for: eslint-plugin-import@2.32.0 want: ^2.1.0
1236 silly placeDep ROOT eslint-module-utils@2.14.0 OK for: eslint-plugin-import@2.32.0 want: ^2.12.1
1237 silly placeDep ROOT hasown@2.0.4 OK for: eslint-plugin-import@2.32.0 want: ^2.0.2
1238 silly placeDep ROOT object.fromentries@2.0.8 OK for: eslint-plugin-import@2.32.0 want: ^2.0.8
1239 silly placeDep ROOT object.groupby@1.0.3 OK for: eslint-plugin-import@2.32.0 want: ^1.0.3
1240 silly placeDep ROOT object.values@1.2.1 OK for: eslint-plugin-import@2.32.0 want: ^1.2.1
1241 silly placeDep ROOT semver@6.3.1 OK for: eslint-plugin-import@2.32.0 want: ^6.3.1
1242 silly placeDep ROOT string.prototype.trimend@1.0.10 OK for: eslint-plugin-import@2.32.0 want: ^1.0.9
1243 silly placeDep ROOT tsconfig-paths@3.15.0 OK for: eslint-plugin-import@2.32.0 want: ^3.15.0
1244 silly fetch manifest call-bind@^1.0.8
1245 silly packumentCache full:https://registry.npmjs.org/call-bind cache-miss
1246 silly fetch manifest call-bound@^1.0.4
1247 silly packumentCache full:https://registry.npmjs.org/call-bound cache-miss
1248 silly fetch manifest define-properties@^1.2.1
1249 silly packumentCache full:https://registry.npmjs.org/define-properties cache-miss
1250 silly fetch manifest es-abstract@^1.24.0
1251 silly packumentCache full:https://registry.npmjs.org/es-abstract cache-miss
1252 silly fetch manifest es-object-atoms@^1.1.1
1253 silly packumentCache full:https://registry.npmjs.org/es-object-atoms cache-miss
1254 silly fetch manifest get-intrinsic@^1.3.0
1255 silly packumentCache full:https://registry.npmjs.org/get-intrinsic cache-miss
1256 silly fetch manifest is-string@^1.1.1
1257 silly packumentCache full:https://registry.npmjs.org/is-string cache-miss
1258 silly fetch manifest math-intrinsics@^1.1.0
1259 silly packumentCache full:https://registry.npmjs.org/math-intrinsics cache-miss
1260 silly fetch manifest call-bind@^1.0.8
1261 silly packumentCache full:https://registry.npmjs.org/call-bind cache-miss
1262 http fetch GET 200 https://registry.npmjs.org/define-properties 508ms (cache miss)
1263 silly packumentCache full:https://registry.npmjs.org/define-properties set size:undefined disposed:false
1264 silly fetch manifest call-bound@^1.0.4
1265 silly packumentCache full:https://registry.npmjs.org/call-bound cache-miss
1266 http fetch GET 200 https://registry.npmjs.org/es-object-atoms 602ms (cache miss)
1267 silly packumentCache full:https://registry.npmjs.org/es-object-atoms set size:undefined disposed:false
1268 silly fetch manifest es-abstract@^1.23.9
1269 silly packumentCache full:https://registry.npmjs.org/es-abstract cache-miss
1270 http fetch GET 200 https://registry.npmjs.org/math-intrinsics 604ms (cache miss)
1271 silly packumentCache full:https://registry.npmjs.org/math-intrinsics set size:undefined disposed:false
1272 silly fetch manifest es-shim-unscopables@^1.1.0
1273 silly packumentCache full:https://registry.npmjs.org/es-shim-unscopables cache-miss
1274 http fetch GET 200 https://registry.npmjs.org/call-bind 606ms (cache miss)
1275 silly packumentCache full:https://registry.npmjs.org/call-bind set size:undefined disposed:false
1276 silly fetch manifest es-abstract@^1.23.5
1277 silly packumentCache full:https://registry.npmjs.org/es-abstract cache-miss
1278 http fetch GET 200 https://registry.npmjs.org/call-bind 675ms (cache miss)
1279 silly packumentCache full:https://registry.npmjs.org/call-bind set size:undefined disposed:false
1280 silly fetch manifest es-shim-unscopables@^1.0.2
1281 silly packumentCache full:https://registry.npmjs.org/es-shim-unscopables cache-miss
1282 http fetch GET 200 https://registry.npmjs.org/call-bound 727ms (cache miss)
1283 silly packumentCache full:https://registry.npmjs.org/call-bound set size:undefined disposed:false
1284 silly fetch manifest es-abstract@^1.23.5
1285 silly packumentCache full:https://registry.npmjs.org/es-abstract cache-miss
1286 http fetch GET 200 https://registry.npmjs.org/is-string 732ms (cache miss)
1287 silly packumentCache full:https://registry.npmjs.org/is-string set size:undefined disposed:false
1288 silly fetch manifest es-shim-unscopables@^1.0.2
1289 silly packumentCache full:https://registry.npmjs.org/es-shim-unscopables cache-miss
1290 http fetch GET 200 https://registry.npmjs.org/get-intrinsic 733ms (cache miss)
1291 silly packumentCache full:https://registry.npmjs.org/get-intrinsic set size:undefined disposed:false
1292 silly fetch manifest function-bind@^1.1.2
1293 silly packumentCache full:https://registry.npmjs.org/function-bind cache-miss
1294 http fetch GET 200 https://registry.npmjs.org/call-bound 271ms (cache miss)
1295 silly packumentCache full:https://registry.npmjs.org/call-bound set size:undefined disposed:false
1296 silly fetch manifest call-bind@^1.0.7
1297 silly packumentCache full:https://registry.npmjs.org/call-bind cache-miss
1298 http cache https://registry.npmjs.org/call-bind 2ms (cache hit)
1299 silly packumentCache full:https://registry.npmjs.org/call-bind set size:32985 disposed:false
1300 silly fetch manifest es-abstract@^1.23.2
1301 silly packumentCache full:https://registry.npmjs.org/es-abstract cache-miss
1302 http fetch GET 200 https://registry.npmjs.org/es-abstract 784ms (cache miss)
1303 silly packumentCache full:https://registry.npmjs.org/es-abstract set size:undefined disposed:false
1304 silly fetch manifest es-object-atoms@^1.0.0
1305 silly packumentCache full:https://registry.npmjs.org/es-object-atoms cache-miss
1306 http cache https://registry.npmjs.org/es-abstract 8ms (cache hit)
1307 silly packumentCache full:https://registry.npmjs.org/es-abstract set size:384124 disposed:false
1308 silly fetch manifest call-bound@^1.0.3
1309 silly packumentCache full:https://registry.npmjs.org/call-bound cache-miss
1310 http cache https://registry.npmjs.org/es-object-atoms 7ms (cache hit)
1311 silly packumentCache full:https://registry.npmjs.org/es-object-atoms set size:18278 disposed:false
1312 silly fetch manifest call-bind@^1.0.9
1313 silly packumentCache full:https://registry.npmjs.org/call-bind cache-hit
1314 silly fetch manifest es-object-atoms@^1.1.2
1315 silly packumentCache full:https://registry.npmjs.org/es-object-atoms cache-hit
1316 silly fetch manifest json5@^1.0.2
1317 silly packumentCache full:https://registry.npmjs.org/json5 cache-miss
1318 http cache https://registry.npmjs.org/call-bound 4ms (cache hit)
1319 silly packumentCache full:https://registry.npmjs.org/call-bound set size:15317 disposed:false
1320 silly fetch manifest minimist@^1.2.6
1321 silly packumentCache full:https://registry.npmjs.org/minimist cache-miss
1322 http fetch GET 200 https://registry.npmjs.org/es-shim-unscopables 365ms (cache miss)
1323 silly packumentCache full:https://registry.npmjs.org/es-shim-unscopables set size:undefined disposed:false
1324 silly fetch manifest strip-bom@^3.0.0
1325 silly packumentCache full:https://registry.npmjs.org/strip-bom cache-miss
1326 http fetch GET 200 https://registry.npmjs.org/es-shim-unscopables 304ms (cache miss)
1327 silly packumentCache full:https://registry.npmjs.org/es-shim-unscopables set size:undefined disposed:false
1328 silly fetch manifest @types/json5@^0.0.29
1329 silly packumentCache full:https://registry.npmjs.org/@types%2fjson5 cache-miss
1330 http fetch GET 200 https://registry.npmjs.org/function-bind 305ms (cache miss)
1331 silly packumentCache full:https://registry.npmjs.org/function-bind set size:undefined disposed:false
1332 http fetch GET 200 https://registry.npmjs.org/json5 390ms (cache miss)
1333 silly packumentCache full:https://registry.npmjs.org/json5 set size:undefined disposed:false
1334 http fetch GET 200 https://registry.npmjs.org/minimist 389ms (cache miss)
1335 silly packumentCache full:https://registry.npmjs.org/minimist set size:undefined disposed:false
1336 http fetch GET 200 https://registry.npmjs.org/es-shim-unscopables 552ms (cache miss)
1337 silly packumentCache full:https://registry.npmjs.org/es-shim-unscopables set size:undefined disposed:false
1338 http fetch GET 200 https://registry.npmjs.org/strip-bom 309ms (cache miss)
1339 silly packumentCache full:https://registry.npmjs.org/strip-bom set size:undefined disposed:false
1340 http fetch GET 200 https://registry.npmjs.org/es-abstract 678ms (cache miss)
1341 silly packumentCache full:https://registry.npmjs.org/es-abstract set size:undefined disposed:false
1342 silly packumentCache full:https://registry.npmjs.org/es-abstract dispose
1343 http fetch GET 200 https://registry.npmjs.org/@types%2fjson5 303ms (cache miss)
1344 silly packumentCache full:https://registry.npmjs.org/@types%2fjson5 set size:undefined disposed:false
1345 http fetch GET 200 https://registry.npmjs.org/es-abstract 615ms (cache miss)
1346 silly packumentCache full:https://registry.npmjs.org/es-abstract set size:undefined disposed:true
1347 http fetch GET 200 https://registry.npmjs.org/es-abstract 980ms (cache miss)
1348 silly packumentCache full:https://registry.npmjs.org/es-abstract set size:undefined disposed:false
1349 silly placeDep ROOT call-bind@1.0.9 OK for: array-includes@3.1.9 want: ^1.0.8
1350 silly placeDep ROOT call-bound@1.0.4 OK for: array-includes@3.1.9 want: ^1.0.4
1351 silly placeDep ROOT define-properties@1.2.1 OK for: array-includes@3.1.9 want: ^1.2.1
1352 silly placeDep ROOT es-abstract@1.24.2 OK for: array-includes@3.1.9 want: ^1.24.0
1353 silly placeDep ROOT es-object-atoms@1.1.2 OK for: array-includes@3.1.9 want: ^1.1.1
1354 silly placeDep ROOT get-intrinsic@1.3.0 OK for: array-includes@3.1.9 want: ^1.3.0
1355 silly placeDep ROOT is-string@1.1.1 OK for: array-includes@3.1.9 want: ^1.1.1
1356 silly placeDep ROOT math-intrinsics@1.1.0 OK for: array-includes@3.1.9 want: ^1.1.0
1357 silly fetch manifest call-bind-apply-helpers@^1.0.2
1358 silly packumentCache full:https://registry.npmjs.org/call-bind-apply-helpers cache-miss
1359 silly fetch manifest es-define-property@^1.0.1
1360 silly packumentCache full:https://registry.npmjs.org/es-define-property cache-miss
1361 silly fetch manifest set-function-length@^1.2.2
1362 silly packumentCache full:https://registry.npmjs.org/set-function-length cache-miss
1363 silly fetch manifest call-bind-apply-helpers@^1.0.2
1364 silly packumentCache full:https://registry.npmjs.org/call-bind-apply-helpers cache-miss
1365 silly fetch manifest define-data-property@^1.0.1
1366 silly packumentCache full:https://registry.npmjs.org/define-data-property cache-miss
1367 silly fetch manifest has-property-descriptors@^1.0.0
1368 silly packumentCache full:https://registry.npmjs.org/has-property-descriptors cache-miss
1369 silly fetch manifest array-buffer-byte-length@^1.0.2
1370 silly packumentCache full:https://registry.npmjs.org/array-buffer-byte-length cache-miss
1371 silly fetch manifest arraybuffer.prototype.slice@^1.0.4
1372 silly packumentCache full:https://registry.npmjs.org/arraybuffer.prototype.slice cache-miss
1373 silly fetch manifest available-typed-arrays@^1.0.7
1374 silly packumentCache full:https://registry.npmjs.org/available-typed-arrays cache-miss
1375 http fetch GET 200 https://registry.npmjs.org/es-define-property 293ms (cache miss)
1376 silly packumentCache full:https://registry.npmjs.org/es-define-property set size:undefined disposed:false
1377 silly fetch manifest data-view-buffer@^1.0.2
1378 silly packumentCache full:https://registry.npmjs.org/data-view-buffer cache-miss
1379 http fetch GET 200 https://registry.npmjs.org/set-function-length 293ms (cache miss)
1380 silly packumentCache full:https://registry.npmjs.org/set-function-length set size:undefined disposed:false
1381 silly fetch manifest data-view-byte-length@^1.0.2
1382 silly packumentCache full:https://registry.npmjs.org/data-view-byte-length cache-miss
1383 http fetch GET 200 https://registry.npmjs.org/define-data-property 294ms (cache miss)
1384 silly packumentCache full:https://registry.npmjs.org/define-data-property set size:undefined disposed:false
1385 silly fetch manifest data-view-byte-offset@^1.0.1
1386 silly packumentCache full:https://registry.npmjs.org/data-view-byte-offset cache-miss
1387 http fetch GET 200 https://registry.npmjs.org/call-bind-apply-helpers 297ms (cache miss)
1388 silly packumentCache full:https://registry.npmjs.org/call-bind-apply-helpers set size:undefined disposed:false
1389 silly fetch manifest es-set-tostringtag@^2.1.0
1390 silly packumentCache full:https://registry.npmjs.org/es-set-tostringtag cache-miss
1391 http fetch GET 200 https://registry.npmjs.org/array-buffer-byte-length 297ms (cache miss)
1392 silly packumentCache full:https://registry.npmjs.org/array-buffer-byte-length set size:undefined disposed:false
1393 silly fetch manifest es-to-primitive@^1.3.0
1394 silly packumentCache full:https://registry.npmjs.org/es-to-primitive cache-miss
1395 http fetch GET 200 https://registry.npmjs.org/arraybuffer.prototype.slice 296ms (cache miss)
1396 silly packumentCache full:https://registry.npmjs.org/arraybuffer.prototype.slice set size:undefined disposed:false
1397 silly fetch manifest function.prototype.name@^1.1.8
1398 silly packumentCache full:https://registry.npmjs.org/function.prototype.name cache-miss
1399 http fetch GET 200 https://registry.npmjs.org/call-bind-apply-helpers 334ms (cache miss)
1400 silly packumentCache full:https://registry.npmjs.org/call-bind-apply-helpers set size:undefined disposed:false
1401 silly fetch manifest get-proto@^1.0.1
1402 silly packumentCache full:https://registry.npmjs.org/get-proto cache-miss
1403 http fetch GET 200 https://registry.npmjs.org/has-property-descriptors 335ms (cache miss)
1404 silly packumentCache full:https://registry.npmjs.org/has-property-descriptors set size:undefined disposed:false
1405 silly fetch manifest get-symbol-description@^1.1.0
1406 silly packumentCache full:https://registry.npmjs.org/get-symbol-description cache-miss
1407 http fetch GET 200 https://registry.npmjs.org/available-typed-arrays 336ms (cache miss)
1408 silly packumentCache full:https://registry.npmjs.org/available-typed-arrays set size:undefined disposed:false
1409 silly fetch manifest globalthis@^1.0.4
1410 silly packumentCache full:https://registry.npmjs.org/globalthis cache-miss
1411 http fetch GET 200 https://registry.npmjs.org/data-view-byte-offset 369ms (cache miss)
1412 silly packumentCache full:https://registry.npmjs.org/data-view-byte-offset set size:undefined disposed:false
1413 silly fetch manifest gopd@^1.2.0
1414 silly packumentCache full:https://registry.npmjs.org/gopd cache-miss
1415 http fetch GET 200 https://registry.npmjs.org/data-view-byte-length 371ms (cache miss)
1416 silly packumentCache full:https://registry.npmjs.org/data-view-byte-length set size:undefined disposed:false
1417 silly fetch manifest has-property-descriptors@^1.0.2
1418 silly packumentCache full:https://registry.npmjs.org/has-property-descriptors cache-miss
1419 http fetch GET 200 https://registry.npmjs.org/es-set-tostringtag 370ms (cache miss)
1420 silly packumentCache full:https://registry.npmjs.org/es-set-tostringtag set size:undefined disposed:false
1421 silly fetch manifest has-proto@^1.2.0
1422 silly packumentCache full:https://registry.npmjs.org/has-proto cache-miss
1423 http fetch GET 200 https://registry.npmjs.org/es-to-primitive 370ms (cache miss)
1424 silly packumentCache full:https://registry.npmjs.org/es-to-primitive set size:undefined disposed:false
1425 silly fetch manifest has-symbols@^1.1.0
1426 silly packumentCache full:https://registry.npmjs.org/has-symbols cache-miss
1427 http fetch GET 200 https://registry.npmjs.org/data-view-buffer 375ms (cache miss)
1428 silly packumentCache full:https://registry.npmjs.org/data-view-buffer set size:undefined disposed:false
1429 silly fetch manifest internal-slot@^1.1.0
1430 silly packumentCache full:https://registry.npmjs.org/internal-slot cache-miss
1431 http fetch GET 200 https://registry.npmjs.org/function.prototype.name 372ms (cache miss)
1432 silly packumentCache full:https://registry.npmjs.org/function.prototype.name set size:undefined disposed:false
1433 silly fetch manifest is-array-buffer@^3.0.5
1434 silly packumentCache full:https://registry.npmjs.org/is-array-buffer cache-miss
1435 http cache https://registry.npmjs.org/has-property-descriptors 6ms (cache hit)
1436 silly packumentCache full:https://registry.npmjs.org/has-property-descriptors set size:12452 disposed:false
1437 silly fetch manifest is-callable@^1.2.7
1438 silly packumentCache full:https://registry.npmjs.org/is-callable cache-miss
1439 http fetch GET 200 https://registry.npmjs.org/get-symbol-description 467ms (cache miss)
1440 silly packumentCache full:https://registry.npmjs.org/get-symbol-description set size:undefined disposed:false
1441 silly fetch manifest is-data-view@^1.0.2
1442 silly packumentCache full:https://registry.npmjs.org/is-data-view cache-miss
1443 http fetch GET 200 https://registry.npmjs.org/globalthis 467ms (cache miss)
1444 silly packumentCache full:https://registry.npmjs.org/globalthis set size:undefined disposed:false
1445 silly fetch manifest is-negative-zero@^2.0.3
1446 silly packumentCache full:https://registry.npmjs.org/is-negative-zero cache-miss
1447 http fetch GET 200 https://registry.npmjs.org/gopd 142ms (cache miss)
1448 silly packumentCache full:https://registry.npmjs.org/gopd set size:undefined disposed:false
1449 silly fetch manifest is-regex@^1.2.1
1450 silly packumentCache full:https://registry.npmjs.org/is-regex cache-miss
1451 http fetch GET 200 https://registry.npmjs.org/has-proto 140ms (cache miss)
1452 silly packumentCache full:https://registry.npmjs.org/has-proto set size:undefined disposed:false
1453 silly fetch manifest is-set@^2.0.3
1454 silly packumentCache full:https://registry.npmjs.org/is-set cache-miss
1455 http fetch GET 200 https://registry.npmjs.org/internal-slot 140ms (cache miss)
1456 silly packumentCache full:https://registry.npmjs.org/internal-slot set size:undefined disposed:false
1457 silly fetch manifest is-shared-array-buffer@^1.0.4
1458 silly packumentCache full:https://registry.npmjs.org/is-shared-array-buffer cache-miss
1459 http fetch GET 200 https://registry.npmjs.org/is-callable 136ms (cache miss)
1460 silly packumentCache full:https://registry.npmjs.org/is-callable set size:undefined disposed:false
1461 silly fetch manifest is-typed-array@^1.1.15
1462 silly packumentCache full:https://registry.npmjs.org/is-typed-array cache-miss
1463 http fetch GET 200 https://registry.npmjs.org/has-symbols 142ms (cache miss)
1464 silly packumentCache full:https://registry.npmjs.org/has-symbols set size:undefined disposed:false
1465 silly fetch manifest is-weakref@^1.1.1
1466 silly packumentCache full:https://registry.npmjs.org/is-weakref cache-miss
1467 http fetch GET 200 https://registry.npmjs.org/get-proto 475ms (cache miss)
1468 silly packumentCache full:https://registry.npmjs.org/get-proto set size:undefined disposed:false
1469 silly fetch manifest object-inspect@^1.13.4
1470 silly packumentCache full:https://registry.npmjs.org/object-inspect cache-miss
1471 http fetch GET 200 https://registry.npmjs.org/is-array-buffer 140ms (cache miss)
1472 silly packumentCache full:https://registry.npmjs.org/is-array-buffer set size:undefined disposed:false
1473 silly fetch manifest object.assign@^4.1.7
1474 silly packumentCache full:https://registry.npmjs.org/object.assign cache-miss
1475 http fetch GET 200 https://registry.npmjs.org/is-regex 109ms (cache miss)
1476 silly packumentCache full:https://registry.npmjs.org/is-regex set size:undefined disposed:false
1477 silly fetch manifest own-keys@^1.0.1
1478 silly packumentCache full:https://registry.npmjs.org/own-keys cache-miss
1479 http fetch GET 200 https://registry.npmjs.org/is-data-view 113ms (cache miss)
1480 silly packumentCache full:https://registry.npmjs.org/is-data-view set size:undefined disposed:false
1481 silly fetch manifest regexp.prototype.flags@^1.5.4
1482 silly packumentCache full:https://registry.npmjs.org/regexp.prototype.flags cache-miss
1483 http fetch GET 200 https://registry.npmjs.org/is-set 111ms (cache miss)
1484 silly packumentCache full:https://registry.npmjs.org/is-set set size:undefined disposed:false
1485 silly fetch manifest safe-array-concat@^1.1.3
1486 silly packumentCache full:https://registry.npmjs.org/safe-array-concat cache-miss
1487 http fetch GET 200 https://registry.npmjs.org/is-weakref 110ms (cache miss)
1488 silly packumentCache full:https://registry.npmjs.org/is-weakref set size:undefined disposed:false
1489 silly fetch manifest safe-push-apply@^1.0.0
1490 silly packumentCache full:https://registry.npmjs.org/safe-push-apply cache-miss
1491 http fetch GET 200 https://registry.npmjs.org/is-typed-array 110ms (cache miss)
1492 silly packumentCache full:https://registry.npmjs.org/is-typed-array set size:undefined disposed:false
1493 silly fetch manifest safe-regex-test@^1.1.0
1494 silly packumentCache full:https://registry.npmjs.org/safe-regex-test cache-miss
1495 http cache https://registry.npmjs.org/safe-regex-test 2ms (cache hit)
1496 silly packumentCache full:https://registry.npmjs.org/safe-regex-test set size:17412 disposed:false
1497 silly fetch manifest set-proto@^1.0.0
1498 silly packumentCache full:https://registry.npmjs.org/set-proto cache-miss
1499 http fetch GET 200 https://registry.npmjs.org/is-negative-zero 245ms (cache miss)
1500 silly packumentCache full:https://registry.npmjs.org/is-negative-zero set size:undefined disposed:false
1501 silly fetch manifest stop-iteration-iterator@^1.1.0
1502 silly packumentCache full:https://registry.npmjs.org/stop-iteration-iterator cache-miss
1503 http fetch GET 200 https://registry.npmjs.org/is-shared-array-buffer 244ms (cache miss)
1504 silly packumentCache full:https://registry.npmjs.org/is-shared-array-buffer set size:undefined disposed:false
1505 silly fetch manifest string.prototype.trim@^1.2.10
1506 silly packumentCache full:https://registry.npmjs.org/string.prototype.trim cache-miss
1507 http fetch GET 200 https://registry.npmjs.org/object-inspect 242ms (cache miss)
1508 silly packumentCache full:https://registry.npmjs.org/object-inspect set size:undefined disposed:false
1509 silly fetch manifest string.prototype.trimstart@^1.0.8
1510 silly packumentCache full:https://registry.npmjs.org/string.prototype.trimstart cache-miss
1511 http fetch GET 200 https://registry.npmjs.org/object.assign 249ms (cache miss)
1512 silly packumentCache full:https://registry.npmjs.org/object.assign set size:undefined disposed:false
1513 silly fetch manifest typed-array-buffer@^1.0.3
1514 silly packumentCache full:https://registry.npmjs.org/typed-array-buffer cache-miss
1515 http fetch GET 200 https://registry.npmjs.org/own-keys 271ms (cache miss)
1516 silly packumentCache full:https://registry.npmjs.org/own-keys set size:undefined disposed:false
1517 silly fetch manifest typed-array-byte-length@^1.0.3
1518 silly packumentCache full:https://registry.npmjs.org/typed-array-byte-length cache-miss
1519 http fetch GET 200 https://registry.npmjs.org/safe-push-apply 270ms (cache miss)
1520 silly packumentCache full:https://registry.npmjs.org/safe-push-apply set size:undefined disposed:false
1521 silly fetch manifest typed-array-byte-offset@^1.0.4
1522 silly packumentCache full:https://registry.npmjs.org/typed-array-byte-offset cache-miss
1523 http fetch GET 200 https://registry.npmjs.org/stop-iteration-iterator 140ms (cache miss)
1524 silly packumentCache full:https://registry.npmjs.org/stop-iteration-iterator set size:undefined disposed:false
1525 silly fetch manifest typed-array-length@^1.0.7
1526 silly packumentCache full:https://registry.npmjs.org/typed-array-length cache-miss
1527 http fetch GET 200 https://registry.npmjs.org/typed-array-buffer 129ms (cache miss)
1528 silly packumentCache full:https://registry.npmjs.org/typed-array-buffer set size:undefined disposed:false
1529 silly fetch manifest unbox-primitive@^1.1.0
1530 silly packumentCache full:https://registry.npmjs.org/unbox-primitive cache-miss
1531 http fetch GET 200 https://registry.npmjs.org/set-proto 269ms (cache miss)
1532 silly packumentCache full:https://registry.npmjs.org/set-proto set size:undefined disposed:false
1533 silly fetch manifest which-typed-array@^1.1.19
1534 silly packumentCache full:https://registry.npmjs.org/which-typed-array cache-miss
1535 http fetch GET 200 https://registry.npmjs.org/safe-array-concat 274ms (cache miss)
1536 silly packumentCache full:https://registry.npmjs.org/safe-array-concat set size:undefined disposed:false
1537 silly fetch manifest has-tostringtag@^1.0.2
1538 silly packumentCache full:https://registry.npmjs.org/has-tostringtag cache-miss
1539 http fetch GET 200 https://registry.npmjs.org/regexp.prototype.flags 277ms (cache miss)
1540 silly packumentCache full:https://registry.npmjs.org/regexp.prototype.flags set size:undefined disposed:false
1541 http fetch GET 200 https://registry.npmjs.org/unbox-primitive 173ms (cache miss)
1542 silly packumentCache full:https://registry.npmjs.org/unbox-primitive set size:undefined disposed:false
1543 http fetch GET 200 https://registry.npmjs.org/has-tostringtag 172ms (cache miss)
1544 silly packumentCache full:https://registry.npmjs.org/has-tostringtag set size:undefined disposed:false
1545 http fetch GET 200 https://registry.npmjs.org/typed-array-byte-offset 176ms (cache miss)
1546 silly packumentCache full:https://registry.npmjs.org/typed-array-byte-offset set size:undefined disposed:false
1547 http fetch GET 200 https://registry.npmjs.org/string.prototype.trim 314ms (cache miss)
1548 silly packumentCache full:https://registry.npmjs.org/string.prototype.trim set size:undefined disposed:false
1549 http fetch GET 200 https://registry.npmjs.org/typed-array-byte-length 178ms (cache miss)
1550 silly packumentCache full:https://registry.npmjs.org/typed-array-byte-length set size:undefined disposed:false
1551 http fetch GET 200 https://registry.npmjs.org/string.prototype.trimstart 313ms (cache miss)
1552 silly packumentCache full:https://registry.npmjs.org/string.prototype.trimstart set size:undefined disposed:false
1553 http fetch GET 200 https://registry.npmjs.org/typed-array-length 177ms (cache miss)
1554 silly packumentCache full:https://registry.npmjs.org/typed-array-length set size:undefined disposed:false
1555 http fetch GET 200 https://registry.npmjs.org/which-typed-array 176ms (cache miss)
1556 silly packumentCache full:https://registry.npmjs.org/which-typed-array set size:undefined disposed:false
1557 silly placeDep ROOT es-errors@1.3.0 OK for: array.prototype.findlastindex@1.2.6 want: ^1.3.0
1558 silly placeDep ROOT es-shim-unscopables@1.1.0 OK for: array.prototype.findlastindex@1.2.6 want: ^1.1.0
1559 silly placeDep ROOT call-bind-apply-helpers@1.0.2 OK for: call-bind@1.0.9 want: ^1.0.2
1560 silly placeDep ROOT es-define-property@1.0.1 OK for: call-bind@1.0.9 want: ^1.0.1
1561 silly placeDep ROOT set-function-length@1.2.2 OK for: call-bind@1.0.9 want: ^1.2.2
1562 silly fetch manifest define-data-property@^1.1.4
1563 silly packumentCache full:https://registry.npmjs.org/define-data-property cache-miss
1564 silly fetch manifest gopd@^1.0.1
1565 silly packumentCache full:https://registry.npmjs.org/gopd cache-miss
1566 http cache https://registry.npmjs.org/gopd 1ms (cache hit)
1567 silly packumentCache full:https://registry.npmjs.org/gopd set size:11483 disposed:false
1568 http cache https://registry.npmjs.org/define-data-property 2ms (cache hit)
1569 silly packumentCache full:https://registry.npmjs.org/define-data-property set size:28048 disposed:false
1570 silly placeDep ROOT function-bind@1.1.2 OK for: call-bind-apply-helpers@1.0.2 want: ^1.1.2
1571 silly placeDep ROOT define-data-property@1.1.4 OK for: define-properties@1.2.1 want: ^1.0.1
1572 silly placeDep ROOT has-property-descriptors@1.0.2 OK for: define-properties@1.2.1 want: ^1.0.0
1573 silly placeDep ROOT object-keys@1.1.1 OK for: define-properties@1.2.1 want: ^1.1.1
1574 silly placeDep ROOT gopd@1.2.0 OK for: define-data-property@1.1.4 want: ^1.0.1
1575 silly placeDep ROOT array-buffer-byte-length@1.0.2 OK for: es-abstract@1.24.2 want: ^1.0.2
1576 silly placeDep ROOT arraybuffer.prototype.slice@1.0.4 OK for: es-abstract@1.24.2 want: ^1.0.4
1577 silly placeDep ROOT available-typed-arrays@1.0.7 OK for: es-abstract@1.24.2 want: ^1.0.7
1578 silly placeDep ROOT data-view-buffer@1.0.2 OK for: es-abstract@1.24.2 want: ^1.0.2
1579 silly placeDep ROOT data-view-byte-length@1.0.2 OK for: es-abstract@1.24.2 want: ^1.0.2
1580 silly placeDep ROOT data-view-byte-offset@1.0.1 OK for: es-abstract@1.24.2 want: ^1.0.1
1581 silly placeDep ROOT es-set-tostringtag@2.1.0 OK for: es-abstract@1.24.2 want: ^2.1.0
1582 silly placeDep ROOT es-to-primitive@1.3.4 OK for: es-abstract@1.24.2 want: ^1.3.0
1583 silly placeDep ROOT function.prototype.name@1.2.0 OK for: es-abstract@1.24.2 want: ^1.1.8
1584 silly placeDep ROOT get-proto@1.0.1 OK for: es-abstract@1.24.2 want: ^1.0.1
1585 silly placeDep ROOT get-symbol-description@1.1.0 OK for: es-abstract@1.24.2 want: ^1.1.0
1586 silly placeDep ROOT globalthis@1.0.4 OK for: es-abstract@1.24.2 want: ^1.0.4
1587 silly placeDep ROOT has-proto@1.2.0 OK for: es-abstract@1.24.2 want: ^1.2.0
1588 silly placeDep ROOT has-symbols@1.1.0 OK for: es-abstract@1.24.2 want: ^1.1.0
1589 silly placeDep ROOT internal-slot@1.1.0 OK for: es-abstract@1.24.2 want: ^1.1.0
1590 silly placeDep ROOT is-array-buffer@3.0.5 OK for: es-abstract@1.24.2 want: ^3.0.5
1591 silly placeDep ROOT is-callable@1.2.7 OK for: es-abstract@1.24.2 want: ^1.2.7
1592 silly placeDep ROOT is-data-view@1.0.2 OK for: es-abstract@1.24.2 want: ^1.0.2
1593 silly placeDep ROOT is-negative-zero@2.0.3 OK for: es-abstract@1.24.2 want: ^2.0.3
1594 silly placeDep ROOT is-regex@1.2.1 OK for: es-abstract@1.24.2 want: ^1.2.1
1595 silly placeDep ROOT is-set@2.0.3 OK for: es-abstract@1.24.2 want: ^2.0.3
1596 silly placeDep ROOT is-shared-array-buffer@1.0.4 OK for: es-abstract@1.24.2 want: ^1.0.4
1597 silly placeDep ROOT is-typed-array@1.1.15 OK for: es-abstract@1.24.2 want: ^1.1.15
1598 silly placeDep ROOT is-weakref@1.1.1 OK for: es-abstract@1.24.2 want: ^1.1.1
1599 silly placeDep ROOT object-inspect@1.13.4 OK for: es-abstract@1.24.2 want: ^1.13.4
1600 silly placeDep ROOT object.assign@4.1.7 OK for: es-abstract@1.24.2 want: ^4.1.7
1601 silly placeDep ROOT own-keys@1.0.2 OK for: es-abstract@1.24.2 want: ^1.0.1
1602 silly placeDep ROOT regexp.prototype.flags@1.5.4 OK for: es-abstract@1.24.2 want: ^1.5.4
1603 silly placeDep ROOT safe-array-concat@1.1.4 OK for: es-abstract@1.24.2 want: ^1.1.3
1604 silly placeDep ROOT safe-push-apply@1.0.0 OK for: es-abstract@1.24.2 want: ^1.0.0
1605 silly placeDep ROOT safe-regex-test@1.1.0 OK for: es-abstract@1.24.2 want: ^1.1.0
1606 silly placeDep ROOT set-proto@1.0.0 OK for: es-abstract@1.24.2 want: ^1.0.0
1607 silly placeDep ROOT stop-iteration-iterator@1.1.0 OK for: es-abstract@1.24.2 want: ^1.1.0
1608 silly placeDep ROOT string.prototype.trim@1.2.11 OK for: es-abstract@1.24.2 want: ^1.2.10
1609 silly placeDep ROOT string.prototype.trimstart@1.0.8 OK for: es-abstract@1.24.2 want: ^1.0.8
1610 silly placeDep ROOT typed-array-buffer@1.0.3 OK for: es-abstract@1.24.2 want: ^1.0.3
1611 silly placeDep ROOT typed-array-byte-length@1.0.3 OK for: es-abstract@1.24.2 want: ^1.0.3
1612 silly placeDep ROOT typed-array-byte-offset@1.0.4 OK for: es-abstract@1.24.2 want: ^1.0.4
1613 silly placeDep ROOT typed-array-length@1.0.8 OK for: es-abstract@1.24.2 want: ^1.0.7
1614 silly placeDep ROOT unbox-primitive@1.1.0 OK for: es-abstract@1.24.2 want: ^1.1.0
1615 silly placeDep ROOT which-typed-array@1.1.22 OK for: es-abstract@1.24.2 want: ^1.1.19
1616 silly fetch manifest is-array-buffer@^3.0.4
1617 silly packumentCache full:https://registry.npmjs.org/is-array-buffer cache-miss
1618 silly fetch manifest possible-typed-array-names@^1.0.0
1619 silly packumentCache full:https://registry.npmjs.org/possible-typed-array-names cache-miss
1620 silly fetch manifest is-data-view@^1.0.1
1621 silly packumentCache full:https://registry.npmjs.org/is-data-view cache-miss
1622 silly fetch manifest is-symbol@^1.1.1
1623 silly packumentCache full:https://registry.npmjs.org/is-symbol cache-miss
1624 silly fetch manifest is-date-object@^1.1.0
1625 silly packumentCache full:https://registry.npmjs.org/is-date-object cache-miss
1626 silly fetch manifest es-abstract-get@^1.0.0
1627 silly packumentCache full:https://registry.npmjs.org/es-abstract-get cache-miss
1628 silly fetch manifest is-document.all@^1.0.0
1629 silly packumentCache full:https://registry.npmjs.org/is-document.all cache-miss
1630 silly fetch manifest functions-have-names@^1.2.3
1631 silly packumentCache full:https://registry.npmjs.org/functions-have-names cache-miss
1632 silly fetch manifest dunder-proto@^1.0.1
1633 silly packumentCache full:https://registry.npmjs.org/dunder-proto cache-miss
1634 http cache https://registry.npmjs.org/is-data-view 2ms (cache hit)
1635 silly packumentCache full:https://registry.npmjs.org/is-data-view set size:13756 disposed:false
1636 silly fetch manifest dunder-proto@^1.0.0
1637 silly packumentCache full:https://registry.npmjs.org/dunder-proto cache-miss
1638 http cache https://registry.npmjs.org/is-array-buffer 3ms (cache hit)
1639 silly packumentCache full:https://registry.npmjs.org/is-array-buffer set size:33562 disposed:false
1640 silly fetch manifest side-channel@^1.1.0
1641 silly packumentCache full:https://registry.npmjs.org/side-channel cache-miss
1642 http fetch GET 200 https://registry.npmjs.org/dunder-proto 153ms (cache miss)
1643 silly packumentCache full:https://registry.npmjs.org/dunder-proto set size:undefined disposed:false
1644 silly fetch manifest is-typed-array@^1.1.13
1645 silly packumentCache full:https://registry.npmjs.org/is-typed-array cache-miss
1646 http fetch GET 200 https://registry.npmjs.org/possible-typed-array-names 157ms (cache miss)
1647 silly packumentCache full:https://registry.npmjs.org/possible-typed-array-names set size:undefined disposed:false
1648 silly fetch manifest which-typed-array@^1.1.16
1649 silly packumentCache full:https://registry.npmjs.org/which-typed-array cache-miss
1650 http fetch GET 200 https://registry.npmjs.org/side-channel 155ms (cache miss)
1651 silly packumentCache full:https://registry.npmjs.org/side-channel set size:undefined disposed:false
1652 silly fetch manifest set-function-name@^2.0.2
1653 silly packumentCache full:https://registry.npmjs.org/set-function-name cache-miss
1654 http fetch GET 200 https://registry.npmjs.org/functions-have-names 158ms (cache miss)
1655 silly packumentCache full:https://registry.npmjs.org/functions-have-names set size:undefined disposed:false
1656 silly fetch manifest isarray@^2.0.5
1657 silly packumentCache full:https://registry.npmjs.org/isarray cache-miss
1658 http fetch GET 200 https://registry.npmjs.org/is-document.all 159ms (cache miss)
1659 silly packumentCache full:https://registry.npmjs.org/is-document.all set size:undefined disposed:false
1660 silly fetch manifest isarray@^2.0.5
1661 silly packumentCache full:https://registry.npmjs.org/isarray cache-miss
1662 http fetch GET 200 https://registry.npmjs.org/is-date-object 160ms (cache miss)
1663 silly packumentCache full:https://registry.npmjs.org/is-date-object set size:undefined disposed:false
1664 silly fetch manifest dunder-proto@^1.0.1
1665 silly packumentCache full:https://registry.npmjs.org/dunder-proto cache-miss
1666 http fetch GET 200 https://registry.npmjs.org/dunder-proto 160ms (cache miss)
1667 silly packumentCache full:https://registry.npmjs.org/dunder-proto set size:undefined disposed:false
1668 silly fetch manifest for-each@^0.3.3
1669 silly packumentCache full:https://registry.npmjs.org/for-each cache-miss
1670 http fetch GET 200 https://registry.npmjs.org/es-abstract-get 161ms (cache miss)
1671 silly packumentCache full:https://registry.npmjs.org/es-abstract-get set size:undefined disposed:false
1672 silly fetch manifest for-each@^0.3.3
1673 silly packumentCache full:https://registry.npmjs.org/for-each cache-miss
1674 http fetch GET 200 https://registry.npmjs.org/is-symbol 163ms (cache miss)
1675 silly packumentCache full:https://registry.npmjs.org/is-symbol set size:undefined disposed:false
1676 silly fetch manifest reflect.getprototypeof@^1.0.9
1677 silly packumentCache full:https://registry.npmjs.org/reflect.getprototypeof cache-miss
1678 http cache https://registry.npmjs.org/dunder-proto 5ms (cache hit)
1679 silly packumentCache full:https://registry.npmjs.org/dunder-proto set size:8256 disposed:false
1680 silly fetch manifest for-each@^0.3.5
1681 silly packumentCache full:https://registry.npmjs.org/for-each cache-miss
1682 http cache https://registry.npmjs.org/which-typed-array 7ms (cache hit)
1683 silly packumentCache full:https://registry.npmjs.org/which-typed-array set size:101551 disposed:false
1684 silly fetch manifest possible-typed-array-names@^1.1.0
1685 silly packumentCache full:https://registry.npmjs.org/possible-typed-array-names cache-miss
1686 http cache https://registry.npmjs.org/is-typed-array 9ms (cache hit)
1687 silly packumentCache full:https://registry.npmjs.org/is-typed-array set size:79965 disposed:false
1688 silly fetch manifest reflect.getprototypeof@^1.0.10
1689 silly packumentCache full:https://registry.npmjs.org/reflect.getprototypeof cache-miss
1690 http cache https://registry.npmjs.org/possible-typed-array-names 2ms (cache hit)
1691 silly packumentCache full:https://registry.npmjs.org/possible-typed-array-names set size:9167 disposed:false
1692 silly fetch manifest has-bigints@^1.0.2
1693 silly packumentCache full:https://registry.npmjs.org/has-bigints cache-miss
1694 http fetch GET 200 https://registry.npmjs.org/set-function-name 172ms (cache miss)
1695 silly packumentCache full:https://registry.npmjs.org/set-function-name set size:undefined disposed:false
1696 silly fetch manifest which-boxed-primitive@^1.1.1
1697 silly packumentCache full:https://registry.npmjs.org/which-boxed-primitive cache-miss
1698 http fetch GET 200 https://registry.npmjs.org/for-each 170ms (cache miss)
1699 silly packumentCache full:https://registry.npmjs.org/for-each set size:undefined disposed:false
1700 silly fetch manifest for-each@^0.3.5
1701 silly packumentCache full:https://registry.npmjs.org/for-each cache-miss
1702 http fetch GET 200 https://registry.npmjs.org/for-each 169ms (cache miss)
1703 silly packumentCache full:https://registry.npmjs.org/for-each set size:undefined disposed:false
1704 http fetch GET 200 https://registry.npmjs.org/reflect.getprototypeof 171ms (cache miss)
1705 silly packumentCache full:https://registry.npmjs.org/reflect.getprototypeof set size:undefined disposed:false
1706 http fetch GET 200 https://registry.npmjs.org/has-bigints 168ms (cache miss)
1707 silly packumentCache full:https://registry.npmjs.org/has-bigints set size:undefined disposed:false
1708 http fetch GET 200 https://registry.npmjs.org/isarray 176ms (cache miss)
1709 silly packumentCache full:https://registry.npmjs.org/isarray set size:undefined disposed:false
1710 http fetch GET 200 https://registry.npmjs.org/for-each 174ms (cache miss)
1711 silly packumentCache full:https://registry.npmjs.org/for-each set size:undefined disposed:false
1712 http fetch GET 200 https://registry.npmjs.org/isarray 176ms (cache miss)
1713 silly packumentCache full:https://registry.npmjs.org/isarray set size:undefined disposed:false
1714 http cache https://registry.npmjs.org/for-each 6ms (cache hit)
1715 silly packumentCache full:https://registry.npmjs.org/for-each set size:14327 disposed:false
1716 http fetch GET 200 https://registry.npmjs.org/reflect.getprototypeof 324ms (cache miss)
1717 silly packumentCache full:https://registry.npmjs.org/reflect.getprototypeof set size:undefined disposed:false
1718 http fetch GET 200 https://registry.npmjs.org/which-boxed-primitive 161ms (cache miss)
1719 silly packumentCache full:https://registry.npmjs.org/which-boxed-primitive set size:undefined disposed:false
1720 silly placeDep ROOT possible-typed-array-names@1.1.0 OK for: available-typed-arrays@1.0.7 want: ^1.0.0
1721 silly placeDep ROOT has-tostringtag@1.0.2 OK for: es-set-tostringtag@2.1.0 want: ^1.0.2
1722 silly placeDep ROOT es-abstract-get@1.0.0 OK for: es-to-primitive@1.3.4 want: ^1.0.0
1723 silly placeDep ROOT is-date-object@1.1.0 OK for: es-to-primitive@1.3.4 want: ^1.1.0
1724 silly placeDep ROOT is-symbol@1.1.1 OK for: es-to-primitive@1.3.4 want: ^1.1.1
1725 silly placeDep node_modules/eslint-module-utils debug@3.2.7 OK for: eslint-module-utils@2.14.0 want: ^3.2.7
1726 silly placeDep ROOT aria-query@5.3.2 OK for: eslint-plugin-jsx-a11y@6.10.2 want: ^5.3.2
1727 silly placeDep ROOT ast-types-flow@0.0.8 OK for: eslint-plugin-jsx-a11y@6.10.2 want: ^0.0.8
1728 silly placeDep ROOT axe-core@4.13.0 OK for: eslint-plugin-jsx-a11y@6.10.2 want: ^4.10.0
1729 silly placeDep ROOT axobject-query@4.1.0 OK for: eslint-plugin-jsx-a11y@6.10.2 want: ^4.1.0
1730 silly placeDep ROOT damerau-levenshtein@1.0.8 OK for: eslint-plugin-jsx-a11y@6.10.2 want: ^1.0.8
1731 silly placeDep ROOT emoji-regex@9.2.2 OK for: eslint-plugin-jsx-a11y@6.10.2 want: ^9.2.2
1732 silly placeDep ROOT jsx-ast-utils@3.3.5 OK for: eslint-plugin-jsx-a11y@6.10.2 want: ^3.3.5
1733 silly placeDep ROOT language-tags@1.0.9 OK for: eslint-plugin-jsx-a11y@6.10.2 want: ^1.0.9
1734 silly placeDep ROOT string.prototype.includes@2.0.1 OK for: eslint-plugin-jsx-a11y@6.10.2 want: ^2.0.1
1735 silly fetch manifest language-subtag-registry@^0.3.20
1736 silly packumentCache full:https://registry.npmjs.org/language-subtag-registry cache-miss
1737 http fetch GET 200 https://registry.npmjs.org/language-subtag-registry 165ms (cache miss)
1738 silly packumentCache full:https://registry.npmjs.org/language-subtag-registry set size:undefined disposed:false
1739 silly placeDep ROOT array.prototype.findlast@1.2.5 OK for: eslint-plugin-react@7.37.5 want: ^1.2.5
1740 silly placeDep ROOT array.prototype.tosorted@1.1.4 OK for: eslint-plugin-react@7.37.5 want: ^1.1.4
1741 silly placeDep ROOT es-iterator-helpers@1.4.0 OK for: eslint-plugin-react@7.37.5 want: ^1.2.1
1742 silly placeDep ROOT estraverse@5.3.0 OK for: eslint-plugin-react@7.37.5 want: ^5.3.0
1743 silly placeDep ROOT object.entries@1.1.9 OK for: eslint-plugin-react@7.37.5 want: ^1.1.9
1744 silly placeDep ROOT prop-types@15.8.1 OK for: eslint-plugin-react@7.37.5 want: ^15.8.1
1745 silly placeDep ROOT string.prototype.matchall@4.0.12 OK for: eslint-plugin-react@7.37.5 want: ^4.0.12
1746 silly placeDep ROOT string.prototype.repeat@1.0.0 OK for: eslint-plugin-react@7.37.5 want: ^1.0.0
1747 silly fetch manifest iterator.prototype@^1.1.5
1748 silly packumentCache full:https://registry.npmjs.org/iterator.prototype cache-miss
1749 silly fetch manifest loose-envify@^1.4.0
1750 silly packumentCache full:https://registry.npmjs.org/loose-envify cache-miss
1751 silly fetch manifest object-assign@^4.1.1
1752 silly packumentCache full:https://registry.npmjs.org/object-assign cache-miss
1753 silly fetch manifest react-is@^16.13.1
1754 silly packumentCache full:https://registry.npmjs.org/react-is cache-miss
1755 http fetch GET 200 https://registry.npmjs.org/iterator.prototype 170ms (cache miss)
1756 silly packumentCache full:https://registry.npmjs.org/iterator.prototype set size:undefined disposed:false
1757 http fetch GET 200 https://registry.npmjs.org/object-assign 171ms (cache miss)
1758 silly packumentCache full:https://registry.npmjs.org/object-assign set size:undefined disposed:false
1759 http fetch GET 200 https://registry.npmjs.org/loose-envify 172ms (cache miss)
1760 silly packumentCache full:https://registry.npmjs.org/loose-envify set size:undefined disposed:false
1761 http fetch GET 200 https://registry.npmjs.org/react-is 3721ms (cache miss)
1762 silly packumentCache full:https://registry.npmjs.org/react-is set size:undefined disposed:false
1763 silly placeDep ROOT iterator.prototype@1.1.5 OK for: es-iterator-helpers@1.4.0 want: ^1.1.5
1764 silly placeDep ROOT @babel/core@7.29.7 OK for: eslint-plugin-react-hooks@7.1.1 want: ^7.24.4
1765 silly placeDep ROOT @babel/parser@7.29.8 OK for: eslint-plugin-react-hooks@7.1.1 want: ^7.24.4
1766 silly placeDep ROOT hermes-parser@0.25.1 OK for: eslint-plugin-react-hooks@7.1.1 want: ^0.25.1
1767 silly placeDep ROOT zod@4.4.3 OK for: eslint-plugin-react-hooks@7.1.1 want: ^3.25.0 || ^4.0.0
1768 silly placeDep ROOT zod-validation-error@4.0.2 OK for: eslint-plugin-react-hooks@7.1.1 want: ^3.5.0 || ^4.0.0
1769 silly fetch manifest json5@^2.2.3
1770 silly packumentCache full:https://registry.npmjs.org/json5 cache-miss
1771 silly fetch manifest gensync@^1.0.0-beta.2
1772 silly packumentCache full:https://registry.npmjs.org/gensync cache-miss
1773 silly fetch manifest @babel/types@^7.29.7
1774 silly packumentCache full:https://registry.npmjs.org/@babel%2ftypes cache-miss
1775 silly fetch manifest @babel/parser@^7.29.7
1776 silly packumentCache full:https://registry.npmjs.org/@babel%2fparser cache-miss
1777 silly fetch manifest @babel/helpers@^7.29.7
1778 silly packumentCache full:https://registry.npmjs.org/@babel%2fhelpers cache-miss
1779 silly fetch manifest @babel/template@^7.29.7
1780 silly packumentCache full:https://registry.npmjs.org/@babel%2ftemplate cache-miss
1781 silly fetch manifest @babel/traverse@^7.29.7
1782 silly packumentCache full:https://registry.npmjs.org/@babel%2ftraverse cache-miss
1783 silly fetch manifest @babel/generator@^7.29.7
1784 silly packumentCache full:https://registry.npmjs.org/@babel%2fgenerator cache-miss
1785 silly fetch manifest @babel/code-frame@^7.29.7
1786 silly packumentCache full:https://registry.npmjs.org/@babel%2fcode-frame cache-miss
1787 http cache https://registry.npmjs.org/json5 4ms (cache hit)
1788 silly packumentCache full:https://registry.npmjs.org/json5 set size:86136 disposed:false
1789 silly fetch manifest convert-source-map@^2.0.0
1790 silly packumentCache full:https://registry.npmjs.org/convert-source-map cache-miss
1791 http cache https://registry.npmjs.org/@babel%2fparser 5ms (cache hit)
1792 silly packumentCache full:https://registry.npmjs.org/@babel%2fparser set size:737961 disposed:false
1793 silly fetch manifest @babel/helper-module-transforms@^7.29.7
1794 silly packumentCache full:https://registry.npmjs.org/@babel%2fhelper-module-transforms cache-miss
1795 http fetch GET 200 https://registry.npmjs.org/convert-source-map 171ms (cache miss)
1796 silly packumentCache full:https://registry.npmjs.org/convert-source-map set size:undefined disposed:false
1797 silly fetch manifest @babel/helper-compilation-targets@^7.29.7
1798 silly packumentCache full:https://registry.npmjs.org/@babel%2fhelper-compilation-targets cache-miss
1799 http fetch GET 200 https://registry.npmjs.org/gensync 217ms (cache miss)
1800 silly packumentCache full:https://registry.npmjs.org/gensync set size:undefined disposed:false
1801 silly fetch manifest @babel/types@^7.29.8
1802 silly packumentCache full:https://registry.npmjs.org/@babel%2ftypes cache-miss
1803 http fetch GET 200 https://registry.npmjs.org/@babel%2fcode-frame 233ms (cache miss)
1804 silly packumentCache full:https://registry.npmjs.org/@babel%2fcode-frame set size:undefined disposed:false
1805 silly fetch manifest hermes-estree@0.25.1
1806 silly packumentCache full:https://registry.npmjs.org/hermes-estree cache-miss
1807 http fetch GET 200 https://registry.npmjs.org/@babel%2ftemplate 678ms (cache miss)
1808 silly packumentCache full:https://registry.npmjs.org/@babel%2ftemplate set size:undefined disposed:false
1809 http fetch GET 200 https://registry.npmjs.org/@babel%2fhelper-module-transforms 905ms (cache miss)
1810 silly packumentCache full:https://registry.npmjs.org/@babel%2fhelper-module-transforms set size:undefined disposed:false
1811 http fetch GET 200 https://registry.npmjs.org/@babel%2fhelper-compilation-targets 807ms (cache miss)
1812 silly packumentCache full:https://registry.npmjs.org/@babel%2fhelper-compilation-targets set size:undefined disposed:false
1813 http fetch GET 200 https://registry.npmjs.org/@babel%2ftypes 1000ms (cache miss)
1814 silly packumentCache full:https://registry.npmjs.org/@babel%2ftypes set size:undefined disposed:false
1815 http fetch GET 200 https://registry.npmjs.org/@babel%2fgenerator 1245ms (cache miss)
1816 silly packumentCache full:https://registry.npmjs.org/@babel%2fgenerator set size:undefined disposed:false
1817 http fetch GET 200 https://registry.npmjs.org/hermes-estree 1198ms (cache miss)
1818 silly packumentCache full:https://registry.npmjs.org/hermes-estree set size:undefined disposed:false
1819 http fetch GET 200 https://registry.npmjs.org/@babel%2ftypes 1511ms (cache miss)
1820 silly packumentCache full:https://registry.npmjs.org/@babel%2ftypes set size:undefined disposed:false
1821 http fetch GET 200 https://registry.npmjs.org/@babel%2fhelpers 1878ms (cache miss)
1822 silly packumentCache full:https://registry.npmjs.org/@babel%2fhelpers set size:undefined disposed:false
1823 http fetch GET 200 https://registry.npmjs.org/@babel%2ftraverse 1929ms (cache miss)
1824 silly packumentCache full:https://registry.npmjs.org/@babel%2ftraverse set size:undefined disposed:false
1825 silly fetch manifest @babel/core@^7.0.0
1826 silly packumentCache full:https://registry.npmjs.org/@babel%2fcore cache-miss
1827 http cache https://registry.npmjs.org/@babel%2fcore 3ms (cache hit)
1828 silly packumentCache full:https://registry.npmjs.org/@babel%2fcore set size:788273 disposed:false
1829 silly placeDep ROOT @babel/code-frame@7.29.7 OK for: @babel/core@7.29.7 want: ^7.29.7
1830 silly placeDep ROOT @babel/generator@7.29.8 OK for: @babel/core@7.29.7 want: ^7.29.7
1831 silly placeDep ROOT @babel/helper-compilation-targets@7.29.7 OK for: @babel/core@7.29.7 want: ^7.29.7
1832 silly placeDep ROOT @babel/helper-module-transforms@7.29.7 OK for: @babel/core@7.29.7 want: ^7.29.7
1833 silly placeDep ROOT @babel/helpers@7.29.7 OK for: @babel/core@7.29.7 want: ^7.29.7
1834 silly placeDep ROOT @babel/template@7.29.7 OK for: @babel/core@7.29.7 want: ^7.29.7
1835 silly placeDep ROOT @babel/traverse@7.29.8 OK for: @babel/core@7.29.7 want: ^7.29.7
1836 silly placeDep ROOT @babel/types@7.29.8 OK for: @babel/core@7.29.7 want: ^7.29.7
1837 silly placeDep ROOT convert-source-map@2.0.0 OK for: @babel/core@7.29.7 want: ^2.0.0
1838 silly placeDep ROOT gensync@1.0.0-beta.2 OK for: @babel/core@7.29.7 want: ^1.0.0-beta.2
1839 silly placeDep ROOT json5@2.2.3 OK for: @babel/core@7.29.7 want: ^2.2.3
1840 silly fetch manifest js-tokens@^4.0.0
1841 silly packumentCache full:https://registry.npmjs.org/js-tokens cache-miss
1842 silly fetch manifest @babel/helper-validator-identifier@^7.29.7
1843 silly packumentCache full:https://registry.npmjs.org/@babel%2fhelper-validator-identifier cache-miss
1844 silly fetch manifest jsesc@^3.0.2
1845 silly packumentCache full:https://registry.npmjs.org/jsesc cache-miss
1846 silly fetch manifest lru-cache@^5.1.1
1847 silly packumentCache full:https://registry.npmjs.org/lru-cache cache-miss
1848 silly fetch manifest browserslist@^4.24.0
1849 silly packumentCache full:https://registry.npmjs.org/browserslist cache-miss
1850 silly fetch manifest @babel/compat-data@^7.29.7
1851 silly packumentCache full:https://registry.npmjs.org/@babel%2fcompat-data cache-miss
1852 silly fetch manifest @babel/helper-validator-option@^7.29.7
1853 silly packumentCache full:https://registry.npmjs.org/@babel%2fhelper-validator-option cache-miss
1854 silly fetch manifest @babel/helper-module-imports@^7.29.7
1855 silly packumentCache full:https://registry.npmjs.org/@babel%2fhelper-module-imports cache-miss
1856 silly fetch manifest @babel/helper-validator-identifier@^7.29.7
1857 silly packumentCache full:https://registry.npmjs.org/@babel%2fhelper-validator-identifier cache-miss
1858 http fetch GET 200 https://registry.npmjs.org/js-tokens 125ms (cache miss)
1859 silly packumentCache full:https://registry.npmjs.org/js-tokens set size:undefined disposed:false
1860 silly fetch manifest @babel/helper-globals@^7.29.7
1861 silly packumentCache full:https://registry.npmjs.org/@babel%2fhelper-globals cache-miss
1862 http fetch GET 200 https://registry.npmjs.org/@babel%2fhelper-validator-identifier 126ms (cache miss)
1863 silly packumentCache full:https://registry.npmjs.org/@babel%2fhelper-validator-identifier set size:undefined disposed:false
1864 silly fetch manifest @babel/helper-string-parser@^7.29.7
1865 silly packumentCache full:https://registry.npmjs.org/@babel%2fhelper-string-parser cache-miss
1866 http fetch GET 200 https://registry.npmjs.org/@babel%2fhelper-validator-option 177ms (cache miss)
1867 silly packumentCache full:https://registry.npmjs.org/@babel%2fhelper-validator-option set size:undefined disposed:false
1868 http fetch GET 200 https://registry.npmjs.org/@babel%2fhelper-globals 99ms (cache miss)
1869 silly packumentCache full:https://registry.npmjs.org/@babel%2fhelper-globals set size:undefined disposed:false
1870 http fetch GET 200 https://registry.npmjs.org/@babel%2fhelper-string-parser 136ms (cache miss)
1871 silly packumentCache full:https://registry.npmjs.org/@babel%2fhelper-string-parser set size:undefined disposed:false
1872 http fetch GET 200 https://registry.npmjs.org/@babel%2fhelper-validator-identifier 270ms (cache miss)
1873 silly packumentCache full:https://registry.npmjs.org/@babel%2fhelper-validator-identifier set size:undefined disposed:false
1874 http fetch GET 200 https://registry.npmjs.org/lru-cache 287ms (cache miss)
1875 silly packumentCache full:https://registry.npmjs.org/lru-cache set size:undefined disposed:false
1876 http fetch GET 200 https://registry.npmjs.org/@babel%2fhelper-module-imports 468ms (cache miss)
1877 silly packumentCache full:https://registry.npmjs.org/@babel%2fhelper-module-imports set size:undefined disposed:false
1878 http fetch GET 200 https://registry.npmjs.org/jsesc 632ms (cache miss)
1879 silly packumentCache full:https://registry.npmjs.org/jsesc set size:undefined disposed:false
1880 http fetch GET 200 https://registry.npmjs.org/browserslist 756ms (cache miss)
1881 silly packumentCache full:https://registry.npmjs.org/browserslist set size:undefined disposed:false
1882 http fetch GET 200 https://registry.npmjs.org/@babel%2fcompat-data 1272ms (cache miss)
1883 silly packumentCache full:https://registry.npmjs.org/@babel%2fcompat-data set size:undefined disposed:false
1884 silly placeDep ROOT @babel/helper-validator-identifier@7.29.7 OK for: @babel/code-frame@7.29.7 want: ^7.29.7
1885 silly placeDep ROOT js-tokens@4.0.0 OK for: @babel/code-frame@7.29.7 want: ^4.0.0
1886 silly placeDep ROOT picocolors@1.1.1 OK for: @babel/code-frame@7.29.7 want: ^1.1.1
1887 silly placeDep ROOT jsesc@3.1.0 OK for: @babel/generator@7.29.8 want: ^3.0.2
1888 silly placeDep ROOT @babel/compat-data@7.29.7 OK for: @babel/helper-compilation-targets@7.29.7 want: ^7.29.7
1889 silly placeDep ROOT @babel/helper-validator-option@7.29.7 OK for: @babel/helper-compilation-targets@7.29.7 want: ^7.29.7
1890 silly placeDep ROOT browserslist@4.28.8 OK for: @babel/helper-compilation-targets@7.29.7 want: ^4.24.0
1891 silly placeDep ROOT lru-cache@5.1.1 OK for: @babel/helper-compilation-targets@7.29.7 want: ^5.1.1
1892 silly fetch manifest caniuse-lite@^1.0.30001809
1893 silly packumentCache full:https://registry.npmjs.org/caniuse-lite cache-miss
1894 silly fetch manifest node-releases@^2.0.53
1895 silly packumentCache full:https://registry.npmjs.org/node-releases cache-miss
1896 silly fetch manifest electron-to-chromium@^1.5.402
1897 silly packumentCache full:https://registry.npmjs.org/electron-to-chromium cache-miss
1898 silly fetch manifest update-browserslist-db@^1.3.0
1899 silly packumentCache full:https://registry.npmjs.org/update-browserslist-db cache-miss
1900 silly fetch manifest baseline-browser-mapping@^2.11.12
1901 silly packumentCache full:https://registry.npmjs.org/baseline-browser-mapping cache-miss
1902 silly fetch manifest yallist@^3.0.2
1903 silly packumentCache full:https://registry.npmjs.org/yallist cache-miss
1904 http cache https://registry.npmjs.org/baseline-browser-mapping 5ms (cache hit)
1905 silly packumentCache full:https://registry.npmjs.org/baseline-browser-mapping set size:621461 disposed:false
1906 http cache https://registry.npmjs.org/caniuse-lite 9ms (cache hit)
1907 silly packumentCache full:https://registry.npmjs.org/caniuse-lite set size:2313344 disposed:false
1908 http fetch GET 200 https://registry.npmjs.org/update-browserslist-db 120ms (cache miss)
1909 silly packumentCache full:https://registry.npmjs.org/update-browserslist-db set size:undefined disposed:false
1910 http fetch GET 200 https://registry.npmjs.org/yallist 132ms (cache miss)
1911 silly packumentCache full:https://registry.npmjs.org/yallist set size:undefined disposed:false
1912 http fetch GET 200 https://registry.npmjs.org/node-releases 438ms (cache miss)
1913 silly packumentCache full:https://registry.npmjs.org/node-releases set size:undefined disposed:false
1914 http fetch GET 200 https://registry.npmjs.org/electron-to-chromium 4128ms (cache miss)
1915 silly packumentCache full:https://registry.npmjs.org/electron-to-chromium set size:undefined disposed:false
1916 silly placeDep ROOT @babel/helper-module-imports@7.29.7 OK for: @babel/helper-module-transforms@7.29.7 want: ^7.29.7
1917 silly placeDep ROOT @babel/helper-globals@7.29.7 OK for: @babel/traverse@7.29.8 want: ^7.29.7
1918 silly placeDep ROOT @babel/helper-string-parser@7.29.7 OK for: @babel/types@7.29.8 want: ^7.29.7
1919 silly fetch manifest browserslist@>= 4.21.0
1920 silly packumentCache full:https://registry.npmjs.org/browserslist cache-miss
1921 http cache https://registry.npmjs.org/browserslist 3ms (cache hit)
1922 silly packumentCache full:https://registry.npmjs.org/browserslist set size:518659 disposed:false
1923 silly placeDep ROOT baseline-browser-mapping@2.11.20 OK for: browserslist@4.28.8 want: ^2.11.12
1924 silly placeDep ROOT caniuse-lite@1.0.30001810 OK for: browserslist@4.28.8 want: ^1.0.30001809
1925 silly placeDep ROOT electron-to-chromium@1.5.416 OK for: browserslist@4.28.8 want: ^1.5.402
1926 silly placeDep ROOT node-releases@2.0.54 OK for: browserslist@4.28.8 want: ^2.0.53
1927 silly placeDep ROOT update-browserslist-db@1.3.2 OK for: browserslist@4.28.8 want: ^1.3.0
1928 silly fetch manifest escalade@^3.2.0
1929 silly packumentCache full:https://registry.npmjs.org/escalade cache-miss
1930 http fetch GET 200 https://registry.npmjs.org/escalade 182ms (cache miss)
1931 silly packumentCache full:https://registry.npmjs.org/escalade set size:undefined disposed:false
1932 silly placeDep ROOT esrecurse@4.3.0 OK for: eslint-scope@8.4.0 want: ^4.3.0
1933 silly placeDep ROOT acorn@8.18.0 OK for: espree@10.4.0 want: ^8.15.0
1934 silly placeDep ROOT acorn-jsx@5.3.2 OK for: espree@10.4.0 want: ^5.3.2
1935 silly placeDep ROOT @nodelib/fs.stat@2.0.5 OK for: fast-glob@3.3.1 want: ^2.0.2
1936 silly placeDep ROOT @nodelib/fs.walk@1.2.8 OK for: fast-glob@3.3.1 want: ^1.2.3
1937 silly placeDep node_modules/fast-glob glob-parent@5.1.2 OK for: fast-glob@3.3.1 want: ^5.1.2
1938 silly placeDep ROOT merge2@1.4.1 OK for: fast-glob@3.3.1 want: ^1.3.0
1939 silly placeDep ROOT micromatch@4.0.8 OK for: fast-glob@3.3.1 want: ^4.0.4
1940 silly fetch manifest fastq@^1.6.0
1941 silly packumentCache full:https://registry.npmjs.org/fastq cache-miss
1942 silly fetch manifest @nodelib/fs.scandir@2.1.5
1943 silly packumentCache full:https://registry.npmjs.org/@nodelib%2ffs.scandir cache-miss
1944 silly fetch manifest braces@^3.0.3
1945 silly packumentCache full:https://registry.npmjs.org/braces cache-miss
1946 silly fetch manifest picomatch@^2.3.1
1947 silly packumentCache full:https://registry.npmjs.org/picomatch cache-miss
1948 http cache https://registry.npmjs.org/picomatch 3ms (cache hit)
1949 silly packumentCache full:https://registry.npmjs.org/picomatch set size:134451 disposed:false
1950 http fetch GET 200 https://registry.npmjs.org/braces 286ms (cache miss)
1951 silly packumentCache full:https://registry.npmjs.org/braces set size:undefined disposed:false
1952 http fetch GET 200 https://registry.npmjs.org/fastq 333ms (cache miss)
1953 silly packumentCache full:https://registry.npmjs.org/fastq set size:undefined disposed:false
1954 http fetch GET 200 https://registry.npmjs.org/@nodelib%2ffs.scandir 537ms (cache miss)
1955 silly packumentCache full:https://registry.npmjs.org/@nodelib%2ffs.scandir set size:undefined disposed:false
1956 silly placeDep ROOT @nodelib/fs.scandir@2.1.5 OK for: @nodelib/fs.walk@1.2.8 want: 2.1.5
1957 silly placeDep ROOT fastq@1.20.2 OK for: @nodelib/fs.walk@1.2.8 want: ^1.6.0
1958 silly fetch manifest run-parallel@^1.1.9
1959 silly packumentCache full:https://registry.npmjs.org/run-parallel cache-miss
1960 silly fetch manifest reusify@^1.0.4
1961 silly packumentCache full:https://registry.npmjs.org/reusify cache-miss
1962 http fetch GET 200 https://registry.npmjs.org/reusify 120ms (cache miss)
1963 silly packumentCache full:https://registry.npmjs.org/reusify set size:undefined disposed:false
1964 http fetch GET 200 https://registry.npmjs.org/run-parallel 230ms (cache miss)
1965 silly packumentCache full:https://registry.npmjs.org/run-parallel set size:undefined disposed:false
1966 silly placeDep ROOT run-parallel@1.2.0 OK for: @nodelib/fs.scandir@2.1.5 want: ^1.1.9
1967 silly fetch manifest queue-microtask@^1.2.2
1968 silly packumentCache full:https://registry.npmjs.org/queue-microtask cache-miss
1969 http fetch GET 200 https://registry.npmjs.org/queue-microtask 356ms (cache miss)
1970 silly packumentCache full:https://registry.npmjs.org/queue-microtask set size:undefined disposed:false
1971 silly placeDep ROOT reusify@1.1.0 OK for: fastq@1.20.2 want: ^1.0.4
1972 silly placeDep ROOT flat-cache@4.0.1 OK for: file-entry-cache@8.0.0 want: ^4.0.0
1973 silly fetch manifest keyv@^4.5.4
1974 silly packumentCache full:https://registry.npmjs.org/keyv cache-miss
1975 silly fetch manifest flatted@^3.2.9
1976 silly packumentCache full:https://registry.npmjs.org/flatted cache-miss
1977 http fetch GET 200 https://registry.npmjs.org/flatted 245ms (cache miss)
1978 silly packumentCache full:https://registry.npmjs.org/flatted set size:undefined disposed:false
1979 http fetch GET 200 https://registry.npmjs.org/keyv 398ms (cache miss)
1980 silly packumentCache full:https://registry.npmjs.org/keyv set size:undefined disposed:false
1981 silly placeDep ROOT locate-path@6.0.0 OK for: find-up@5.0.0 want: ^6.0.0
1982 silly placeDep ROOT path-exists@4.0.0 OK for: find-up@5.0.0 want: ^4.0.0
1983 silly fetch manifest p-locate@^5.0.0
1984 silly packumentCache full:https://registry.npmjs.org/p-locate cache-miss
1985 http fetch GET 200 https://registry.npmjs.org/p-locate 344ms (cache miss)
1986 silly packumentCache full:https://registry.npmjs.org/p-locate set size:undefined disposed:false
1987 silly placeDep ROOT flatted@3.4.4 OK for: flat-cache@4.0.1 want: ^3.2.9
1988 silly placeDep ROOT keyv@4.5.4 OK for: flat-cache@4.0.1 want: ^4.5.4
1989 silly fetch manifest json-buffer@3.0.1
1990 silly packumentCache full:https://registry.npmjs.org/json-buffer cache-miss
1991 http fetch GET 200 https://registry.npmjs.org/json-buffer 206ms (cache miss)
1992 silly packumentCache full:https://registry.npmjs.org/json-buffer set size:undefined disposed:false
1993 silly placeDep ROOT functions-have-names@1.2.3 OK for: function.prototype.name@1.2.0 want: ^1.2.3
1994 silly placeDep ROOT is-document.all@1.0.0 OK for: function.prototype.name@1.2.0 want: ^1.0.0
1995 silly placeDep ROOT dunder-proto@1.0.1 OK for: get-proto@1.0.1 want: ^1.0.1
1996 silly placeDep ROOT resolve-pkg-maps@1.0.0 OK for: get-tsconfig@4.14.3 want: ^1.0.0
1997 silly placeDep ROOT hermes-estree@0.25.1 OK for: hermes-parser@0.25.1 want: 0.25.1
1998 silly placeDep ROOT parent-module@1.0.1 OK for: import-fresh@3.3.1 want: ^1.0.0
1999 silly placeDep ROOT resolve-from@4.0.0 OK for: import-fresh@3.3.1 want: ^4.0.0
2000 silly fetch manifest callsites@^3.0.0
2001 silly packumentCache full:https://registry.npmjs.org/callsites cache-miss
2002 http fetch GET 200 https://registry.npmjs.org/callsites 189ms (cache miss)
2003 silly packumentCache full:https://registry.npmjs.org/callsites set size:undefined disposed:false
2004 silly placeDep ROOT side-channel@1.1.1 OK for: internal-slot@1.1.0 want: ^1.1.0
2005 silly fetch manifest side-channel-list@^1.0.1
2006 silly packumentCache full:https://registry.npmjs.org/side-channel-list cache-miss
2007 silly fetch manifest side-channel-map@^1.0.1
2008 silly packumentCache full:https://registry.npmjs.org/side-channel-map cache-miss
2009 silly fetch manifest side-channel-weakmap@^1.0.2
2010 silly packumentCache full:https://registry.npmjs.org/side-channel-weakmap cache-miss
2011 http fetch GET 200 https://registry.npmjs.org/side-channel-map 245ms (cache miss)
2012 silly packumentCache full:https://registry.npmjs.org/side-channel-map set size:undefined disposed:false
2013 http fetch GET 200 https://registry.npmjs.org/side-channel-weakmap 245ms (cache miss)
2014 silly packumentCache full:https://registry.npmjs.org/side-channel-weakmap set size:undefined disposed:false
2015 http fetch GET 200 https://registry.npmjs.org/side-channel-list 245ms (cache miss)
2016 silly packumentCache full:https://registry.npmjs.org/side-channel-list set size:undefined disposed:false
2017 silly placeDep node_modules/is-bun-module semver@7.8.5 OK for: is-bun-module@2.0.0 want: ^7.7.1
2018 silly placeDep ROOT is-extglob@2.1.1 OK for: is-glob@4.0.3 want: ^2.1.1
2019 silly placeDep ROOT set-function-name@2.0.2 OK for: iterator.prototype@1.1.5 want: ^2.0.2
2020 silly placeDep ROOT argparse@2.0.1 OK for: js-yaml@4.3.2 want: ^2.0.1
2021 silly placeDep ROOT json-buffer@3.0.1 OK for: keyv@4.5.4 want: 3.0.1
2022 silly placeDep ROOT language-subtag-registry@0.3.23 OK for: language-tags@1.0.9 want: ^0.3.20
2023 silly placeDep ROOT prelude-ls@1.2.1 OK for: levn@0.4.1 want: ^1.2.1
2024 silly placeDep ROOT type-check@0.4.0 OK for: levn@0.4.1 want: ~0.4.0
2025 silly placeDep ROOT detect-libc@2.1.2 OK for: lightningcss@1.32.0 want: ^2.0.3
2026 silly placeDep ROOT lightningcss-android-arm64@1.32.0 OK for: lightningcss@1.32.0 want: 1.32.0
2027 silly placeDep ROOT lightningcss-darwin-arm64@1.32.0 OK for: lightningcss@1.32.0 want: 1.32.0
2028 silly placeDep ROOT lightningcss-darwin-x64@1.32.0 OK for: lightningcss@1.32.0 want: 1.32.0
2029 silly placeDep ROOT lightningcss-freebsd-x64@1.32.0 OK for: lightningcss@1.32.0 want: 1.32.0
2030 silly placeDep ROOT lightningcss-linux-arm-gnueabihf@1.32.0 OK for: lightningcss@1.32.0 want: 1.32.0
2031 silly placeDep ROOT lightningcss-linux-arm64-gnu@1.32.0 OK for: lightningcss@1.32.0 want: 1.32.0
2032 silly placeDep ROOT lightningcss-linux-arm64-musl@1.32.0 OK for: lightningcss@1.32.0 want: 1.32.0
2033 silly placeDep ROOT lightningcss-linux-x64-gnu@1.32.0 OK for: lightningcss@1.32.0 want: 1.32.0
2034 silly placeDep ROOT lightningcss-linux-x64-musl@1.32.0 OK for: lightningcss@1.32.0 want: 1.32.0
2035 silly placeDep ROOT lightningcss-win32-arm64-msvc@1.32.0 OK for: lightningcss@1.32.0 want: 1.32.0
2036 silly placeDep ROOT lightningcss-win32-x64-msvc@1.32.0 OK for: lightningcss@1.32.0 want: 1.32.0
2037 silly placeDep ROOT p-locate@5.0.0 OK for: locate-path@6.0.0 want: ^5.0.0
2038 silly fetch manifest p-limit@^3.0.2
2039 silly packumentCache full:https://registry.npmjs.org/p-limit cache-miss
2040 http fetch GET 200 https://registry.npmjs.org/p-limit 243ms (cache miss)
2041 silly packumentCache full:https://registry.npmjs.org/p-limit set size:undefined disposed:false
2042 silly placeDep ROOT yallist@3.1.1 OK for: lru-cache@5.1.1 want: ^3.0.2
2043 silly placeDep ROOT braces@3.0.3 OK for: micromatch@4.0.8 want: ^3.0.3
2044 silly placeDep ROOT picomatch@2.3.2 OK for: micromatch@4.0.8 want: ^2.3.1
2045 silly fetch manifest fill-range@^7.1.1
2046 silly packumentCache full:https://registry.npmjs.org/fill-range cache-miss
2047 http fetch GET 200 https://registry.npmjs.org/fill-range 194ms (cache miss)
2048 silly packumentCache full:https://registry.npmjs.org/fill-range set size:undefined disposed:false
2049 silly placeDep ROOT fill-range@7.1.1 OK for: braces@3.0.3 want: ^7.1.1
2050 silly fetch manifest to-regex-range@^5.0.1
2051 silly packumentCache full:https://registry.npmjs.org/to-regex-range cache-miss
2052 http fetch GET 200 https://registry.npmjs.org/to-regex-range 204ms (cache miss)
2053 silly packumentCache full:https://registry.npmjs.org/to-regex-range set size:undefined disposed:false
2054 silly placeDep ROOT to-regex-range@5.0.1 OK for: fill-range@7.1.1 want: ^5.0.1
2055 silly fetch manifest is-number@^7.0.0
2056 silly packumentCache full:https://registry.npmjs.org/is-number cache-miss
2057 http fetch GET 200 https://registry.npmjs.org/is-number 129ms (cache miss)
2058 silly packumentCache full:https://registry.npmjs.org/is-number set size:undefined disposed:false
2059 silly placeDep ROOT brace-expansion@1.1.18 OK for: minimatch@3.1.5 want: ^1.1.7
2060 silly fetch manifest concat-map@0.0.1
2061 silly packumentCache full:https://registry.npmjs.org/concat-map cache-miss
2062 silly fetch manifest balanced-match@^1.0.0
2063 silly packumentCache full:https://registry.npmjs.org/balanced-match cache-miss
2064 http fetch GET 200 https://registry.npmjs.org/concat-map 156ms (cache miss)
2065 silly packumentCache full:https://registry.npmjs.org/concat-map set size:undefined disposed:false
2066 http fetch GET 200 https://registry.npmjs.org/balanced-match 273ms (cache miss)
2067 silly packumentCache full:https://registry.npmjs.org/balanced-match set size:undefined disposed:false
2068 silly placeDep ROOT balanced-match@1.0.2 OK for: brace-expansion@1.1.18 want: ^1.0.0
2069 silly placeDep ROOT concat-map@0.0.1 OK for: brace-expansion@1.1.18 want: 0.0.1
2070 silly fetch manifest react@^18.2.0 || 19.0.0-rc-de68d2f4-20241204 || ^19.0.0
2071 silly packumentCache full:https://registry.npmjs.org/react cache-miss
2072 http cache https://registry.npmjs.org/react 11ms (cache hit)
2073 silly packumentCache full:https://registry.npmjs.org/react set size:6922122 disposed:false
2074 silly placeDep ROOT @next/env@16.3.3 OK for: next@16.3.3 want: 16.3.3
2075 silly placeDep ROOT @next/swc-darwin-arm64@16.3.3 OK for: next@16.3.3 want: 16.3.3
2076 silly placeDep ROOT @next/swc-darwin-x64@16.3.3 OK for: next@16.3.3 want: 16.3.3
2077 silly placeDep ROOT @next/swc-linux-arm64-gnu@16.3.3 OK for: next@16.3.3 want: 16.3.3
2078 silly placeDep ROOT @next/swc-linux-arm64-musl@16.3.3 OK for: next@16.3.3 want: 16.3.3
2079 silly placeDep ROOT @next/swc-linux-x64-gnu@16.3.3 OK for: next@16.3.3 want: 16.3.3
2080 silly placeDep ROOT @next/swc-linux-x64-musl@16.3.3 OK for: next@16.3.3 want: 16.3.3
2081 silly placeDep ROOT @next/swc-win32-arm64-msvc@16.3.3 OK for: next@16.3.3 want: 16.3.3
2082 silly placeDep ROOT @next/swc-win32-x64-msvc@16.3.3 OK for: next@16.3.3 want: 16.3.3
2083 silly placeDep ROOT @swc/helpers@0.5.23 OK for: next@16.3.3 want: 0.5.23
2084 silly placeDep node_modules/next postcss@8.5.23 OK for: next@16.3.3 want: 8.5.23
2085 silly placeDep ROOT sharp@0.35.4 OK for: next@16.3.3 want: ^0.35.3
2086 silly placeDep ROOT styled-jsx@5.1.6 OK for: next@16.3.3 want: 5.1.6
2087 silly fetch manifest tslib@^2.8.0
2088 silly packumentCache full:https://registry.npmjs.org/tslib cache-miss
2089 silly fetch manifest nanoid@^3.3.16
2090 silly packumentCache full:https://registry.npmjs.org/nanoid cache-miss
2091 silly fetch manifest semver@^7.8.5
2092 silly packumentCache full:https://registry.npmjs.org/semver cache-hit
2093 silly fetch manifest @img/colour@^1.1.0
2094 silly packumentCache full:https://registry.npmjs.org/@img%2fcolour cache-miss
2095 silly fetch manifest @img/sharp-linux-arm@0.35.4
2096 silly packumentCache full:https://registry.npmjs.org/@img%2fsharp-linux-arm cache-miss
2097 silly fetch manifest @img/sharp-linux-x64@0.35.4
2098 silly packumentCache full:https://registry.npmjs.org/@img%2fsharp-linux-x64 cache-miss
2099 silly fetch manifest @img/sharp-win32-x64@0.35.4
2100 silly packumentCache full:https://registry.npmjs.org/@img%2fsharp-win32-x64 cache-miss
2101 silly fetch manifest @img/sharp-darwin-x64@0.35.4
2102 silly packumentCache full:https://registry.npmjs.org/@img%2fsharp-darwin-x64 cache-miss
2103 silly fetch manifest @img/sharp-win32-ia32@0.35.4
2104 silly packumentCache full:https://registry.npmjs.org/@img%2fsharp-win32-ia32 cache-miss
2105 silly fetch manifest @img/sharp-linux-arm64@0.35.4
2106 silly packumentCache full:https://registry.npmjs.org/@img%2fsharp-linux-arm64 cache-miss
2107 http cache https://registry.npmjs.org/nanoid 5ms (cache hit)
2108 silly packumentCache full:https://registry.npmjs.org/nanoid set size:342705 disposed:false
2109 silly fetch manifest @img/sharp-linux-ppc64@0.35.4
2110 silly packumentCache full:https://registry.npmjs.org/@img%2fsharp-linux-ppc64 cache-miss
2111 http fetch GET 200 https://registry.npmjs.org/@img%2fsharp-win32-ia32 520ms (cache miss)
2112 silly packumentCache full:https://registry.npmjs.org/@img%2fsharp-win32-ia32 set size:undefined disposed:false
2113 silly fetch manifest @img/sharp-linux-s390x@0.35.4
2114 silly packumentCache full:https://registry.npmjs.org/@img%2fsharp-linux-s390x cache-miss
2115 http fetch GET 200 https://registry.npmjs.org/@img%2fcolour 522ms (cache miss)
2116 silly packumentCache full:https://registry.npmjs.org/@img%2fcolour set size:undefined disposed:false
2117 silly fetch manifest @img/sharp-win32-arm64@0.35.4
2118 silly packumentCache full:https://registry.npmjs.org/@img%2fsharp-win32-arm64 cache-miss
2119 http fetch GET 200 https://registry.npmjs.org/@img%2fsharp-win32-x64 555ms (cache miss)
2120 silly packumentCache full:https://registry.npmjs.org/@img%2fsharp-win32-x64 set size:undefined disposed:false
2121 silly fetch manifest @img/sharp-darwin-arm64@0.35.4
2122 silly packumentCache full:https://registry.npmjs.org/@img%2fsharp-darwin-arm64 cache-miss
2123 http fetch GET 200 https://registry.npmjs.org/@img%2fsharp-darwin-x64 557ms (cache miss)
2124 silly packumentCache full:https://registry.npmjs.org/@img%2fsharp-darwin-x64 set size:undefined disposed:false
2125 silly fetch manifest @img/sharp-linux-riscv64@0.35.4
2126 silly packumentCache full:https://registry.npmjs.org/@img%2fsharp-linux-riscv64 cache-miss
2127 http fetch GET 200 https://registry.npmjs.org/@img%2fsharp-linux-arm64 597ms (cache miss)
2128 silly packumentCache full:https://registry.npmjs.org/@img%2fsharp-linux-arm64 set size:undefined disposed:false
2129 silly fetch manifest @img/sharp-linuxmusl-x64@0.35.4
2130 silly packumentCache full:https://registry.npmjs.org/@img%2fsharp-linuxmusl-x64 cache-miss
2131 http fetch GET 200 https://registry.npmjs.org/@img%2fsharp-linux-x64 647ms (cache miss)
2132 silly packumentCache full:https://registry.npmjs.org/@img%2fsharp-linux-x64 set size:undefined disposed:false
2133 silly fetch manifest @img/sharp-freebsd-wasm32@0.35.4
2134 silly packumentCache full:https://registry.npmjs.org/@img%2fsharp-freebsd-wasm32 cache-miss
2135 http fetch GET 200 https://registry.npmjs.org/@img%2fsharp-linux-ppc64 641ms (cache miss)
2136 silly packumentCache full:https://registry.npmjs.org/@img%2fsharp-linux-ppc64 set size:undefined disposed:false
2137 silly fetch manifest @img/sharp-linuxmusl-arm64@0.35.4
2138 silly packumentCache full:https://registry.npmjs.org/@img%2fsharp-linuxmusl-arm64 cache-miss
2139 http fetch GET 200 https://registry.npmjs.org/@img%2fsharp-linux-arm 881ms (cache miss)
2140 silly packumentCache full:https://registry.npmjs.org/@img%2fsharp-linux-arm set size:undefined disposed:false
2141 silly fetch manifest @img/sharp-libvips-linux-arm@1.3.3
2142 silly packumentCache full:https://registry.npmjs.org/@img%2fsharp-libvips-linux-arm cache-miss
2143 http fetch GET 200 https://registry.npmjs.org/tslib 885ms (cache miss)
2144 silly packumentCache full:https://registry.npmjs.org/tslib set size:undefined disposed:false
2145 silly fetch manifest @img/sharp-libvips-linux-x64@1.3.3
2146 silly packumentCache full:https://registry.npmjs.org/@img%2fsharp-libvips-linux-x64 cache-miss
2147 http fetch GET 200 https://registry.npmjs.org/@img%2fsharp-linux-riscv64 327ms (cache miss)
2148 silly packumentCache full:https://registry.npmjs.org/@img%2fsharp-linux-riscv64 set size:undefined disposed:false
2149 silly fetch manifest @img/sharp-libvips-darwin-x64@1.3.3
2150 silly packumentCache full:https://registry.npmjs.org/@img%2fsharp-libvips-darwin-x64 cache-miss
2151 http fetch GET 200 https://registry.npmjs.org/@img%2fsharp-freebsd-wasm32 239ms (cache miss)
2152 silly packumentCache full:https://registry.npmjs.org/@img%2fsharp-freebsd-wasm32 set size:undefined disposed:false
2153 silly fetch manifest @img/sharp-libvips-linux-arm64@1.3.3
2154 silly packumentCache full:https://registry.npmjs.org/@img%2fsharp-libvips-linux-arm64 cache-miss
2155 http fetch GET 200 https://registry.npmjs.org/@img%2fsharp-win32-arm64 366ms (cache miss)
2156 silly packumentCache full:https://registry.npmjs.org/@img%2fsharp-win32-arm64 set size:undefined disposed:false
2157 silly fetch manifest @img/sharp-libvips-linux-ppc64@1.3.3
2158 silly packumentCache full:https://registry.npmjs.org/@img%2fsharp-libvips-linux-ppc64 cache-miss
2159 http fetch GET 200 https://registry.npmjs.org/@img%2fsharp-linuxmusl-arm64 239ms (cache miss)
2160 silly packumentCache full:https://registry.npmjs.org/@img%2fsharp-linuxmusl-arm64 set size:undefined disposed:false
2161 silly fetch manifest @img/sharp-libvips-linux-s390x@1.3.3
2162 silly packumentCache full:https://registry.npmjs.org/@img%2fsharp-libvips-linux-s390x cache-miss
2163 http fetch GET 200 https://registry.npmjs.org/@img%2fsharp-darwin-arm64 332ms (cache miss)
2164 silly packumentCache full:https://registry.npmjs.org/@img%2fsharp-darwin-arm64 set size:undefined disposed:false
2165 silly fetch manifest @img/sharp-libvips-darwin-arm64@1.3.3
2166 silly packumentCache full:https://registry.npmjs.org/@img%2fsharp-libvips-darwin-arm64 cache-miss
2167 http fetch GET 200 https://registry.npmjs.org/@img%2fsharp-linux-s390x 369ms (cache miss)
2168 silly packumentCache full:https://registry.npmjs.org/@img%2fsharp-linux-s390x set size:undefined disposed:false
2169 silly fetch manifest @img/sharp-webcontainers-wasm32@0.35.4
2170 silly packumentCache full:https://registry.npmjs.org/@img%2fsharp-webcontainers-wasm32 cache-miss
2171 http fetch GET 200 https://registry.npmjs.org/@img%2fsharp-linuxmusl-x64 293ms (cache miss)
2172 silly packumentCache full:https://registry.npmjs.org/@img%2fsharp-linuxmusl-x64 set size:undefined disposed:false
2173 silly fetch manifest @img/sharp-libvips-linux-riscv64@1.3.3
2174 silly packumentCache full:https://registry.npmjs.org/@img%2fsharp-libvips-linux-riscv64 cache-miss
2175 http fetch GET 200 https://registry.npmjs.org/@img%2fsharp-webcontainers-wasm32 250ms (cache miss)
2176 silly packumentCache full:https://registry.npmjs.org/@img%2fsharp-webcontainers-wasm32 set size:undefined disposed:false
2177 silly fetch manifest @img/sharp-libvips-linuxmusl-x64@1.3.3
2178 silly packumentCache full:https://registry.npmjs.org/@img%2fsharp-libvips-linuxmusl-x64 cache-miss
2179 http fetch GET 200 https://registry.npmjs.org/@img%2fsharp-libvips-linux-riscv64 250ms (cache miss)
2180 silly packumentCache full:https://registry.npmjs.org/@img%2fsharp-libvips-linux-riscv64 set size:undefined disposed:false
2181 silly fetch manifest @img/sharp-libvips-linuxmusl-arm64@1.3.3
2182 silly packumentCache full:https://registry.npmjs.org/@img%2fsharp-libvips-linuxmusl-arm64 cache-miss
2183 http fetch GET 200 https://registry.npmjs.org/@img%2fsharp-libvips-linux-x64 296ms (cache miss)
2184 silly packumentCache full:https://registry.npmjs.org/@img%2fsharp-libvips-linux-x64 set size:undefined disposed:false
2185 silly fetch manifest client-only@0.0.1
2186 silly packumentCache full:https://registry.npmjs.org/client-only cache-miss
2187 http fetch GET 200 https://registry.npmjs.org/@img%2fsharp-libvips-darwin-arm64 293ms (cache miss)
2188 silly packumentCache full:https://registry.npmjs.org/@img%2fsharp-libvips-darwin-arm64 set size:undefined disposed:false
2189 http fetch GET 200 https://registry.npmjs.org/@img%2fsharp-libvips-darwin-x64 326ms (cache miss)
2190 silly packumentCache full:https://registry.npmjs.org/@img%2fsharp-libvips-darwin-x64 set size:undefined disposed:false
2191 http fetch GET 200 https://registry.npmjs.org/@img%2fsharp-libvips-linux-s390x 324ms (cache miss)
2192 silly packumentCache full:https://registry.npmjs.org/@img%2fsharp-libvips-linux-s390x set size:undefined disposed:false
2193 http fetch GET 200 https://registry.npmjs.org/@img%2fsharp-libvips-linux-ppc64 349ms (cache miss)
2194 silly packumentCache full:https://registry.npmjs.org/@img%2fsharp-libvips-linux-ppc64 set size:undefined disposed:false
2195 http fetch GET 200 https://registry.npmjs.org/@img%2fsharp-libvips-linux-arm64 391ms (cache miss)
2196 silly packumentCache full:https://registry.npmjs.org/@img%2fsharp-libvips-linux-arm64 set size:undefined disposed:false
2197 http fetch GET 200 https://registry.npmjs.org/@img%2fsharp-libvips-linuxmusl-x64 140ms (cache miss)
2198 silly packumentCache full:https://registry.npmjs.org/@img%2fsharp-libvips-linuxmusl-x64 set size:undefined disposed:false
2199 http fetch GET 200 https://registry.npmjs.org/@img%2fsharp-libvips-linuxmusl-arm64 177ms (cache miss)
2200 silly packumentCache full:https://registry.npmjs.org/@img%2fsharp-libvips-linuxmusl-arm64 set size:undefined disposed:false
2201 http fetch GET 200 https://registry.npmjs.org/@img%2fsharp-libvips-linux-arm 483ms (cache miss)
2202 silly packumentCache full:https://registry.npmjs.org/@img%2fsharp-libvips-linux-arm set size:undefined disposed:false
2203 http fetch GET 200 https://registry.npmjs.org/client-only 216ms (cache miss)
2204 silly packumentCache full:https://registry.npmjs.org/client-only set size:undefined disposed:false
2205 silly placeDep ROOT tslib@2.8.1 OK for: @swc/helpers@0.5.23 want: ^2.8.0
2206 silly placeDep ROOT deep-is@0.1.4 OK for: optionator@0.9.4 want: ^0.1.3
2207 silly placeDep ROOT fast-levenshtein@2.0.6 OK for: optionator@0.9.4 want: ^2.0.6
2208 silly placeDep ROOT word-wrap@1.2.5 OK for: optionator@0.9.4 want: ^1.2.5
2209 silly placeDep ROOT p-limit@3.1.0 OK for: p-locate@5.0.0 want: ^3.0.2
2210 silly fetch manifest yocto-queue@^0.1.0
2211 silly packumentCache full:https://registry.npmjs.org/yocto-queue cache-miss
2212 http fetch GET 200 https://registry.npmjs.org/yocto-queue 238ms (cache miss)
2213 silly packumentCache full:https://registry.npmjs.org/yocto-queue set size:undefined disposed:false
2214 silly placeDep ROOT yocto-queue@0.1.0 OK for: p-limit@3.1.0 want: ^0.1.0
2215 silly placeDep ROOT callsites@3.1.0 OK for: parent-module@1.0.1 want: ^3.0.0
2216 silly placeDep ROOT nanoid@3.3.18 OK for: postcss@8.5.26 want: ^3.3.17
2217 silly placeDep ROOT loose-envify@1.4.0 OK for: prop-types@15.8.1 want: ^1.4.0
2218 silly placeDep ROOT object-assign@4.1.1 OK for: prop-types@15.8.1 want: ^4.1.1
2219 silly placeDep ROOT react-is@16.13.1 OK for: prop-types@15.8.1 want: ^16.13.1
2220 silly placeDep ROOT scheduler@0.27.0 OK for: react-dom@19.2.8 want: ^0.27.0
2221 silly placeDep ROOT node-exports-info@1.6.2 OK for: resolve@2.0.0-next.7 want: ^1.6.0
2222 silly placeDep ROOT path-parse@1.0.7 OK for: resolve@2.0.0-next.7 want: ^1.0.7
2223 silly placeDep ROOT supports-preserve-symlinks-flag@1.0.0 OK for: resolve@2.0.0-next.7 want: ^1.0.0
2224 silly placeDep ROOT queue-microtask@1.2.3 OK for: run-parallel@1.2.0 want: ^1.2.2
2225 silly placeDep ROOT isarray@2.0.5 OK for: safe-array-concat@1.1.4 want: ^2.0.5
2226 silly placeDep ROOT @img/colour@1.1.0 OK for: sharp@0.35.4 want: ^1.1.0
2227 silly placeDep ROOT @img/sharp-darwin-arm64@0.35.4 OK for: sharp@0.35.4 want: 0.35.4
2228 silly placeDep ROOT @img/sharp-darwin-x64@0.35.4 OK for: sharp@0.35.4 want: 0.35.4
2229 silly placeDep ROOT @img/sharp-freebsd-wasm32@0.35.4 OK for: sharp@0.35.4 want: 0.35.4
2230 silly placeDep ROOT @img/sharp-libvips-darwin-arm64@1.3.3 OK for: sharp@0.35.4 want: 1.3.3
2231 silly placeDep ROOT @img/sharp-libvips-darwin-x64@1.3.3 OK for: sharp@0.35.4 want: 1.3.3
2232 silly placeDep ROOT @img/sharp-libvips-linux-arm@1.3.3 OK for: sharp@0.35.4 want: 1.3.3
2233 silly placeDep ROOT @img/sharp-libvips-linux-arm64@1.3.3 OK for: sharp@0.35.4 want: 1.3.3
2234 silly placeDep ROOT @img/sharp-libvips-linux-ppc64@1.3.3 OK for: sharp@0.35.4 want: 1.3.3
2235 silly placeDep ROOT @img/sharp-libvips-linux-riscv64@1.3.3 OK for: sharp@0.35.4 want: 1.3.3
2236 silly placeDep ROOT @img/sharp-libvips-linux-s390x@1.3.3 OK for: sharp@0.35.4 want: 1.3.3
2237 silly placeDep ROOT @img/sharp-libvips-linux-x64@1.3.3 OK for: sharp@0.35.4 want: 1.3.3
2238 silly placeDep ROOT @img/sharp-libvips-linuxmusl-arm64@1.3.3 OK for: sharp@0.35.4 want: 1.3.3
2239 silly placeDep ROOT @img/sharp-libvips-linuxmusl-x64@1.3.3 OK for: sharp@0.35.4 want: 1.3.3
2240 silly placeDep ROOT @img/sharp-linux-arm@0.35.4 OK for: sharp@0.35.4 want: 0.35.4
2241 silly placeDep ROOT @img/sharp-linux-arm64@0.35.4 OK for: sharp@0.35.4 want: 0.35.4
2242 silly placeDep ROOT @img/sharp-linux-ppc64@0.35.4 OK for: sharp@0.35.4 want: 0.35.4
2243 silly placeDep ROOT @img/sharp-linux-riscv64@0.35.4 OK for: sharp@0.35.4 want: 0.35.4
2244 silly placeDep ROOT @img/sharp-linux-s390x@0.35.4 OK for: sharp@0.35.4 want: 0.35.4
2245 silly placeDep ROOT @img/sharp-linux-x64@0.35.4 OK for: sharp@0.35.4 want: 0.35.4
2246 silly placeDep ROOT @img/sharp-linuxmusl-arm64@0.35.4 OK for: sharp@0.35.4 want: 0.35.4
2247 silly placeDep ROOT @img/sharp-linuxmusl-x64@0.35.4 OK for: sharp@0.35.4 want: 0.35.4
2248 silly placeDep ROOT @img/sharp-webcontainers-wasm32@0.35.4 OK for: sharp@0.35.4 want: 0.35.4
2249 silly placeDep ROOT @img/sharp-win32-arm64@0.35.4 OK for: sharp@0.35.4 want: 0.35.4
2250 silly placeDep ROOT @img/sharp-win32-ia32@0.35.4 OK for: sharp@0.35.4 want: 0.35.4
2251 silly placeDep ROOT @img/sharp-win32-x64@0.35.4 OK for: sharp@0.35.4 want: 0.35.4
2252 silly placeDep node_modules/sharp semver@7.8.5 OK for: sharp@0.35.4 want: ^7.8.5
2253 silly fetch manifest @img/sharp-wasm32@0.35.4
2254 silly packumentCache full:https://registry.npmjs.org/@img%2fsharp-wasm32 cache-miss
2255 silly fetch manifest @img/sharp-wasm32@0.35.4
2256 silly packumentCache full:https://registry.npmjs.org/@img%2fsharp-wasm32 cache-miss
2257 http fetch GET 200 https://registry.npmjs.org/@img%2fsharp-wasm32 335ms (cache miss)
2258 silly packumentCache full:https://registry.npmjs.org/@img%2fsharp-wasm32 set size:undefined disposed:false
2259 http fetch GET 200 https://registry.npmjs.org/@img%2fsharp-wasm32 383ms (cache miss)
2260 silly packumentCache full:https://registry.npmjs.org/@img%2fsharp-wasm32 set size:undefined disposed:false
2261 silly placeDep ROOT @img/sharp-wasm32@0.35.4 OK for: @img/sharp-freebsd-wasm32@0.35.4 want: 0.35.4
2262 silly fetch manifest @emnapi/runtime@^1.11.3
2263 silly packumentCache full:https://registry.npmjs.org/@emnapi%2fruntime cache-miss
2264 http fetch GET 200 https://registry.npmjs.org/@emnapi%2fruntime 219ms (cache miss)
2265 silly packumentCache full:https://registry.npmjs.org/@emnapi%2fruntime set size:undefined disposed:false
2266 silly placeDep ROOT @emnapi/runtime@1.11.3 OK for: @img/sharp-wasm32@0.35.4 want: ^1.11.3
2267 silly placeDep ROOT shebang-regex@3.0.0 OK for: shebang-command@2.0.0 want: ^3.0.0
2268 silly placeDep ROOT side-channel-list@1.0.1 OK for: side-channel@1.1.1 want: ^1.0.1
2269 silly placeDep ROOT side-channel-map@1.0.1 OK for: side-channel@1.1.1 want: ^1.0.1
2270 silly placeDep ROOT side-channel-weakmap@1.0.2 OK for: side-channel@1.1.1 want: ^1.0.2
2271 silly placeDep ROOT client-only@0.0.1 OK for: styled-jsx@5.1.6 want: 0.0.1
2272 silly placeDep ROOT has-flag@4.0.0 OK for: supports-color@7.2.0 want: ^4.0.0
2273 silly placeDep node_modules/tinyglobby fdir@6.5.0 OK for: tinyglobby@0.2.17 want: ^6.5.0
2274 silly placeDep node_modules/tinyglobby picomatch@4.0.7 OK for: fdir@6.5.0 want: ^3 || ^4
2275 silly placeDep ROOT is-number@7.0.0 OK for: to-regex-range@5.0.1 want: ^7.0.0
2276 silly placeDep ROOT @types/json5@0.0.29 OK for: tsconfig-paths@3.15.0 want: ^0.0.29
2277 silly placeDep node_modules/tsconfig-paths json5@1.0.2 OK for: tsconfig-paths@3.15.0 want: ^1.0.2
2278 silly placeDep ROOT minimist@1.2.8 OK for: tsconfig-paths@3.15.0 want: ^1.2.6
2279 silly placeDep ROOT strip-bom@3.0.0 OK for: tsconfig-paths@3.15.0 want: ^3.0.0
2280 silly fetch manifest minimist@^1.2.0
2281 silly packumentCache full:https://registry.npmjs.org/minimist cache-miss
2282 http cache https://registry.npmjs.org/minimist 2ms (cache hit)
2283 silly packumentCache full:https://registry.npmjs.org/minimist set size:77063 disposed:false
2284 silly placeDep ROOT for-each@0.3.5 OK for: typed-array-byte-length@1.0.3 want: ^0.3.3
2285 silly placeDep ROOT reflect.getprototypeof@1.0.10 OK for: typed-array-byte-offset@1.0.4 want: ^1.0.9
2286 silly fetch manifest which-builtin-type@^1.2.1
2287 silly packumentCache full:https://registry.npmjs.org/which-builtin-type cache-miss
2288 http fetch GET 200 https://registry.npmjs.org/which-builtin-type 224ms (cache miss)
2289 silly packumentCache full:https://registry.npmjs.org/which-builtin-type set size:undefined disposed:false
2290 silly placeDep ROOT which-builtin-type@1.2.1 OK for: reflect.getprototypeof@1.0.10 want: ^1.2.1
2291 silly fetch manifest is-async-function@^2.0.0
2292 silly packumentCache full:https://registry.npmjs.org/is-async-function cache-miss
2293 silly fetch manifest is-finalizationregistry@^1.1.0
2294 silly packumentCache full:https://registry.npmjs.org/is-finalizationregistry cache-miss
2295 silly fetch manifest is-generator-function@^1.0.10
2296 silly packumentCache full:https://registry.npmjs.org/is-generator-function cache-miss
2297 silly fetch manifest which-boxed-primitive@^1.1.0
2298 silly packumentCache full:https://registry.npmjs.org/which-boxed-primitive cache-miss
2299 silly fetch manifest which-collection@^1.0.2
2300 silly packumentCache full:https://registry.npmjs.org/which-collection cache-miss
2301 http cache https://registry.npmjs.org/which-boxed-primitive 4ms (cache hit)
2302 silly packumentCache full:https://registry.npmjs.org/which-boxed-primitive set size:19407 disposed:false
2303 http fetch GET 200 https://registry.npmjs.org/which-collection 297ms (cache miss)
2304 silly packumentCache full:https://registry.npmjs.org/which-collection set size:undefined disposed:false
2305 http fetch GET 200 https://registry.npmjs.org/is-finalizationregistry 298ms (cache miss)
2306 silly packumentCache full:https://registry.npmjs.org/is-finalizationregistry set size:undefined disposed:false
2307 http fetch GET 200 https://registry.npmjs.org/is-async-function 299ms (cache miss)
2308 silly packumentCache full:https://registry.npmjs.org/is-async-function set size:undefined disposed:false
2309 http fetch GET 200 https://registry.npmjs.org/is-generator-function 302ms (cache miss)
2310 silly packumentCache full:https://registry.npmjs.org/is-generator-function set size:undefined disposed:false
2311 silly fetch manifest eslint@^8.57.0 || ^9.0.0 || ^10.0.0
2312 silly packumentCache full:https://registry.npmjs.org/eslint cache-miss
2313 http cache https://registry.npmjs.org/eslint 11ms (cache hit)
2314 silly packumentCache full:https://registry.npmjs.org/eslint set size:2070000 disposed:false
2315 silly placeDep ROOT @typescript-eslint/eslint-plugin@8.68.0 OK for: typescript-eslint@8.68.0 want: 8.68.0
2316 silly placeDep ROOT @typescript-eslint/parser@8.68.0 OK for: @typescript-eslint/eslint-plugin@8.68.0 want: ^8.68.0
2317 silly placeDep ROOT @typescript-eslint/typescript-estree@8.68.0 OK for: typescript-eslint@8.68.0 want: 8.68.0
2318 silly placeDep ROOT @typescript-eslint/utils@8.68.0 OK for: typescript-eslint@8.68.0 want: 8.68.0
2319 silly fetch manifest ignore@^7.0.5
2320 silly packumentCache full:https://registry.npmjs.org/ignore cache-miss
2321 silly fetch manifest ts-api-utils@^2.5.0
2322 silly packumentCache full:https://registry.npmjs.org/ts-api-utils cache-miss
2323 silly fetch manifest @typescript-eslint/type-utils@8.68.0
2324 silly packumentCache full:https://registry.npmjs.org/@typescript-eslint%2ftype-utils cache-miss
2325 silly fetch manifest @typescript-eslint/visitor-keys@8.68.0
2326 silly packumentCache full:https://registry.npmjs.org/@typescript-eslint%2fvisitor-keys cache-miss
2327 silly fetch manifest @typescript-eslint/scope-manager@8.68.0
2328 silly packumentCache full:https://registry.npmjs.org/@typescript-eslint%2fscope-manager cache-miss
2329 silly fetch manifest @typescript-eslint/types@8.68.0
2330 silly packumentCache full:https://registry.npmjs.org/@typescript-eslint%2ftypes cache-miss
2331 silly fetch manifest @typescript-eslint/visitor-keys@8.68.0
2332 silly packumentCache full:https://registry.npmjs.org/@typescript-eslint%2fvisitor-keys cache-miss
2333 silly fetch manifest @typescript-eslint/scope-manager@8.68.0
2334 silly packumentCache full:https://registry.npmjs.org/@typescript-eslint%2fscope-manager cache-miss
2335 silly fetch manifest semver@^7.7.3
2336 silly packumentCache full:https://registry.npmjs.org/semver cache-hit
2337 silly fetch manifest minimatch@^10.2.2
2338 silly packumentCache full:https://registry.npmjs.org/minimatch cache-miss
2339 http cache https://registry.npmjs.org/ignore 4ms (cache hit)
2340 silly packumentCache full:https://registry.npmjs.org/ignore set size:240910 disposed:false
2341 silly fetch manifest ts-api-utils@^2.5.0
2342 silly packumentCache full:https://registry.npmjs.org/ts-api-utils cache-miss
2343 http cache https://registry.npmjs.org/minimatch 4ms (cache hit)
2344 silly packumentCache full:https://registry.npmjs.org/minimatch set size:377924 disposed:false
2345 silly fetch manifest @typescript-eslint/types@8.68.0
2346 silly packumentCache full:https://registry.npmjs.org/@typescript-eslint%2ftypes cache-miss
2347 http fetch GET 200 https://registry.npmjs.org/ts-api-utils 845ms (cache miss)
2348 silly packumentCache full:https://registry.npmjs.org/ts-api-utils set size:undefined disposed:false
2349 silly fetch manifest @typescript-eslint/visitor-keys@8.68.0
2350 silly packumentCache full:https://registry.npmjs.org/@typescript-eslint%2fvisitor-keys cache-miss
2351 http fetch GET 200 https://registry.npmjs.org/ts-api-utils 881ms (cache miss)
2352 silly packumentCache full:https://registry.npmjs.org/ts-api-utils set size:undefined disposed:false
2353 silly fetch manifest @typescript-eslint/tsconfig-utils@8.68.0
2354 silly packumentCache full:https://registry.npmjs.org/@typescript-eslint%2ftsconfig-utils cache-miss
2355 http fetch GET 200 https://registry.npmjs.org/@typescript-eslint%2ftsconfig-utils 5383ms (cache miss)
2356 silly packumentCache full:https://registry.npmjs.org/@typescript-eslint%2ftsconfig-utils set size:undefined disposed:false
2357 silly fetch manifest @typescript-eslint/project-service@8.68.0
2358 silly packumentCache full:https://registry.npmjs.org/@typescript-eslint%2fproject-service cache-miss
2359 http fetch GET 200 https://registry.npmjs.org/@typescript-eslint%2fproject-service 4786ms (cache miss)
2360 silly packumentCache full:https://registry.npmjs.org/@typescript-eslint%2fproject-service set size:undefined disposed:false
2361 silly fetch manifest @typescript-eslint/types@8.68.0
2362 silly packumentCache full:https://registry.npmjs.org/@typescript-eslint%2ftypes cache-miss
2363 http fetch GET 200 https://registry.npmjs.org/@typescript-eslint%2fscope-manager 21206ms (cache miss)
2364 silly packumentCache full:https://registry.npmjs.org/@typescript-eslint%2fscope-manager set size:undefined disposed:false
2365 http fetch GET 200 https://registry.npmjs.org/@typescript-eslint%2fvisitor-keys 27484ms (cache miss)
2366 silly packumentCache full:https://registry.npmjs.org/@typescript-eslint%2fvisitor-keys set size:undefined disposed:false
2367 http fetch GET 200 https://registry.npmjs.org/@typescript-eslint%2ftype-utils 42931ms (cache miss)
2368 silly packumentCache full:https://registry.npmjs.org/@typescript-eslint%2ftype-utils set size:undefined disposed:false
2369 http fetch GET 200 https://registry.npmjs.org/@typescript-eslint%2ftypes 46489ms (cache miss)
2370 silly packumentCache full:https://registry.npmjs.org/@typescript-eslint%2ftypes set size:undefined disposed:false
2371 http fetch GET 200 https://registry.npmjs.org/@typescript-eslint%2fvisitor-keys 48488ms (cache miss)
2372 silly packumentCache full:https://registry.npmjs.org/@typescript-eslint%2fvisitor-keys set size:undefined disposed:false
2373 http fetch GET 200 https://registry.npmjs.org/@typescript-eslint%2fscope-manager 50301ms (cache miss)
2374 silly packumentCache full:https://registry.npmjs.org/@typescript-eslint%2fscope-manager set size:undefined disposed:false
2375 http fetch GET 200 https://registry.npmjs.org/@typescript-eslint%2fvisitor-keys 51113ms (cache miss)
2376 silly packumentCache full:https://registry.npmjs.org/@typescript-eslint%2fvisitor-keys set size:undefined disposed:false
2377 http fetch GET 200 https://registry.npmjs.org/@typescript-eslint%2ftypes 52225ms (cache miss)
2378 silly packumentCache full:https://registry.npmjs.org/@typescript-eslint%2ftypes set size:undefined disposed:false
2379 http fetch GET 200 https://registry.npmjs.org/@typescript-eslint%2ftypes 64018ms (cache miss)
2380 silly packumentCache full:https://registry.npmjs.org/@typescript-eslint%2ftypes set size:undefined disposed:false
2381 silly placeDep ROOT @typescript-eslint/scope-manager@8.68.0 OK for: @typescript-eslint/eslint-plugin@8.68.0 want: 8.68.0
2382 silly placeDep ROOT @typescript-eslint/type-utils@8.68.0 OK for: @typescript-eslint/eslint-plugin@8.68.0 want: 8.68.0
2383 silly placeDep ROOT @typescript-eslint/visitor-keys@8.68.0 OK for: @typescript-eslint/eslint-plugin@8.68.0 want: 8.68.0
2384 silly placeDep node_modules/@typescript-eslint/eslint-plugin ignore@7.0.6 OK for: @typescript-eslint/eslint-plugin@8.68.0 want: ^7.0.5
2385 silly placeDep ROOT ts-api-utils@2.5.0 OK for: @typescript-eslint/eslint-plugin@8.68.0 want: ^2.5.0
2386 silly fetch manifest eslint-visitor-keys@^5.0.0
2387 silly packumentCache full:https://registry.npmjs.org/eslint-visitor-keys cache-hit
2388 silly placeDep ROOT @typescript-eslint/types@8.68.0 OK for: @typescript-eslint/parser@8.68.0 want: 8.68.0
2389 silly placeDep ROOT @typescript-eslint/project-service@8.68.0 OK for: @typescript-eslint/typescript-estree@8.68.0 want: 8.68.0
2390 silly placeDep ROOT @typescript-eslint/tsconfig-utils@8.68.0 OK for: @typescript-eslint/typescript-estree@8.68.0 want: 8.68.0
2391 silly placeDep node_modules/@typescript-eslint/typescript-estree minimatch@10.2.6 OK for: @typescript-eslint/typescript-estree@8.68.0 want: ^10.2.2
2392 silly placeDep node_modules/@typescript-eslint/typescript-estree semver@7.8.5 OK for: @typescript-eslint/typescript-estree@8.68.0 want: ^7.7.3
2393 silly fetch manifest @typescript-eslint/tsconfig-utils@^8.68.0
2394 silly packumentCache full:https://registry.npmjs.org/@typescript-eslint%2ftsconfig-utils cache-miss
2395 silly fetch manifest brace-expansion@^5.0.8
2396 silly packumentCache full:https://registry.npmjs.org/brace-expansion cache-miss
2397 http cache https://registry.npmjs.org/brace-expansion 4ms (cache hit)
2398 silly packumentCache full:https://registry.npmjs.org/brace-expansion set size:101024 disposed:false
2399 http cache https://registry.npmjs.org/@typescript-eslint%2ftsconfig-utils 6ms (cache hit)
2400 silly packumentCache full:https://registry.npmjs.org/@typescript-eslint%2ftsconfig-utils set size:1794740 disposed:false
2401 silly placeDep node_modules/@typescript-eslint/visitor-keys eslint-visitor-keys@5.0.1 OK for: @typescript-eslint/visitor-keys@8.68.0 want: ^5.0.0
2402 silly placeDep ROOT has-bigints@1.1.0 OK for: unbox-primitive@1.1.0 want: ^1.0.2
2403 silly placeDep ROOT which-boxed-primitive@1.1.1 OK for: unbox-primitive@1.1.0 want: ^1.1.1
2404 silly fetch manifest is-bigint@^1.1.0
2405 silly packumentCache full:https://registry.npmjs.org/is-bigint cache-miss
2406 silly fetch manifest is-boolean-object@^1.2.1
2407 silly packumentCache full:https://registry.npmjs.org/is-boolean-object cache-miss
2408 silly fetch manifest is-number-object@^1.1.1
2409 silly packumentCache full:https://registry.npmjs.org/is-number-object cache-miss
2410 http fetch GET 200 https://registry.npmjs.org/is-bigint 289ms (cache miss)
2411 silly packumentCache full:https://registry.npmjs.org/is-bigint set size:undefined disposed:false
2412 http fetch GET 200 https://registry.npmjs.org/is-boolean-object 342ms (cache miss)
2413 silly packumentCache full:https://registry.npmjs.org/is-boolean-object set size:undefined disposed:false
2414 http fetch GET 200 https://registry.npmjs.org/is-number-object 597ms (cache miss)
2415 silly packumentCache full:https://registry.npmjs.org/is-number-object set size:undefined disposed:false
2416 silly placeDep ROOT @unrs/resolver-binding-android-arm-eabi@1.12.2 OK for: unrs-resolver@1.12.2 want: 1.12.2
2417 silly placeDep ROOT @unrs/resolver-binding-android-arm64@1.12.2 OK for: unrs-resolver@1.12.2 want: 1.12.2
2418 silly placeDep ROOT @unrs/resolver-binding-darwin-arm64@1.12.2 OK for: unrs-resolver@1.12.2 want: 1.12.2
2419 silly placeDep ROOT @unrs/resolver-binding-darwin-x64@1.12.2 OK for: unrs-resolver@1.12.2 want: 1.12.2
2420 silly placeDep ROOT @unrs/resolver-binding-freebsd-x64@1.12.2 OK for: unrs-resolver@1.12.2 want: 1.12.2
2421 silly placeDep ROOT @unrs/resolver-binding-linux-arm-gnueabihf@1.12.2 OK for: unrs-resolver@1.12.2 want: 1.12.2
2422 silly placeDep ROOT @unrs/resolver-binding-linux-arm-musleabihf@1.12.2 OK for: unrs-resolver@1.12.2 want: 1.12.2
2423 silly placeDep ROOT @unrs/resolver-binding-linux-arm64-gnu@1.12.2 OK for: unrs-resolver@1.12.2 want: 1.12.2
2424 silly placeDep ROOT @unrs/resolver-binding-linux-arm64-musl@1.12.2 OK for: unrs-resolver@1.12.2 want: 1.12.2
2425 silly placeDep ROOT @unrs/resolver-binding-linux-loong64-gnu@1.12.2 OK for: unrs-resolver@1.12.2 want: 1.12.2
2426 silly placeDep ROOT @unrs/resolver-binding-linux-loong64-musl@1.12.2 OK for: unrs-resolver@1.12.2 want: 1.12.2
2427 silly placeDep ROOT @unrs/resolver-binding-linux-ppc64-gnu@1.12.2 OK for: unrs-resolver@1.12.2 want: 1.12.2
2428 silly placeDep ROOT @unrs/resolver-binding-linux-riscv64-gnu@1.12.2 OK for: unrs-resolver@1.12.2 want: 1.12.2
2429 silly placeDep ROOT @unrs/resolver-binding-linux-riscv64-musl@1.12.2 OK for: unrs-resolver@1.12.2 want: 1.12.2
2430 silly placeDep ROOT @unrs/resolver-binding-linux-s390x-gnu@1.12.2 OK for: unrs-resolver@1.12.2 want: 1.12.2
2431 silly placeDep ROOT @unrs/resolver-binding-linux-x64-gnu@1.12.2 OK for: unrs-resolver@1.12.2 want: 1.12.2
2432 silly placeDep ROOT @unrs/resolver-binding-linux-x64-musl@1.12.2 OK for: unrs-resolver@1.12.2 want: 1.12.2
2433 silly placeDep ROOT @unrs/resolver-binding-openharmony-arm64@1.12.2 OK for: unrs-resolver@1.12.2 want: 1.12.2
2434 silly placeDep ROOT @unrs/resolver-binding-wasm32-wasi@1.12.2 OK for: unrs-resolver@1.12.2 want: 1.12.2
2435 silly placeDep ROOT @unrs/resolver-binding-win32-arm64-msvc@1.12.2 OK for: unrs-resolver@1.12.2 want: 1.12.2
2436 silly placeDep ROOT @unrs/resolver-binding-win32-ia32-msvc@1.12.2 OK for: unrs-resolver@1.12.2 want: 1.12.2
2437 silly placeDep ROOT @unrs/resolver-binding-win32-x64-msvc@1.12.2 OK for: unrs-resolver@1.12.2 want: 1.12.2
2438 silly placeDep ROOT napi-postinstall@0.3.4 OK for: unrs-resolver@1.12.2 want: ^0.3.4
2439 silly fetch manifest @napi-rs/wasm-runtime@^1.1.4
2440 silly packumentCache full:https://registry.npmjs.org/@napi-rs%2fwasm-runtime cache-miss
2441 silly fetch manifest @emnapi/core@1.10.0
2442 silly packumentCache full:https://registry.npmjs.org/@emnapi%2fcore cache-miss
2443 silly fetch manifest @emnapi/runtime@1.10.0
2444 silly packumentCache full:https://registry.npmjs.org/@emnapi%2fruntime cache-miss
2445 http cache https://registry.npmjs.org/@emnapi%2fruntime 2ms (cache hit)
2446 silly packumentCache full:https://registry.npmjs.org/@emnapi%2fruntime set size:125040 disposed:false
2447 http fetch GET 200 https://registry.npmjs.org/@napi-rs%2fwasm-runtime 281ms (cache miss)
2448 silly packumentCache full:https://registry.npmjs.org/@napi-rs%2fwasm-runtime set size:undefined disposed:false
2449 http fetch GET 200 https://registry.npmjs.org/@emnapi%2fcore 435ms (cache miss)
2450 silly packumentCache full:https://registry.npmjs.org/@emnapi%2fcore set size:undefined disposed:false
2451 silly placeDep ROOT @emnapi/core@1.10.0 OK for: @unrs/resolver-binding-wasm32-wasi@1.12.2 want: 1.10.0
2452 silly placeDep node_modules/@unrs/resolver-binding-wasm32-wasi @emnapi/runtime@1.10.0 OK for: @unrs/resolver-binding-wasm32-wasi@1.12.2 want: 1.10.0
2453 silly placeDep ROOT @napi-rs/wasm-runtime@1.2.3 OK for: @unrs/resolver-binding-wasm32-wasi@1.12.2 want: ^1.1.4
2454 silly fetch manifest @emnapi/wasi-threads@1.2.1
2455 silly packumentCache full:https://registry.npmjs.org/@emnapi%2fwasi-threads cache-miss
2456 silly fetch manifest @tybys/wasm-util@^0.10.3
2457 silly packumentCache full:https://registry.npmjs.org/@tybys%2fwasm-util cache-miss
2458 http fetch GET 200 https://registry.npmjs.org/@emnapi%2fwasi-threads 239ms (cache miss)
2459 silly packumentCache full:https://registry.npmjs.org/@emnapi%2fwasi-threads set size:undefined disposed:false
2460 http fetch GET 200 https://registry.npmjs.org/@tybys%2fwasm-util 378ms (cache miss)
2461 silly packumentCache full:https://registry.npmjs.org/@tybys%2fwasm-util set size:undefined disposed:false
2462 silly placeDep ROOT @emnapi/wasi-threads@1.2.1 OK for: @emnapi/core@1.10.0 want: 1.2.1
2463 silly placeDep ROOT @tybys/wasm-util@0.10.3 OK for: @napi-rs/wasm-runtime@1.2.3 want: ^0.10.3
2464 silly placeDep ROOT escalade@3.2.0 OK for: update-browserslist-db@1.3.2 want: ^3.2.0
2465 silly placeDep ROOT punycode@2.3.1 OK for: uri-js@4.4.1 want: ^2.1.0
2466 silly placeDep ROOT isexe@2.0.0 OK for: which@2.0.2 want: ^2.0.0
2467 silly placeDep ROOT is-bigint@1.1.0 OK for: which-boxed-primitive@1.1.1 want: ^1.1.0
2468 silly placeDep ROOT is-boolean-object@1.2.2 OK for: which-boxed-primitive@1.1.1 want: ^1.2.1
2469 silly placeDep ROOT is-number-object@1.1.1 OK for: which-boxed-primitive@1.1.1 want: ^1.1.1
2470 silly placeDep ROOT is-async-function@2.1.1 OK for: which-builtin-type@1.2.1 want: ^2.0.0
2471 silly placeDep ROOT is-finalizationregistry@1.1.1 OK for: which-builtin-type@1.2.1 want: ^1.1.0
2472 silly placeDep ROOT is-generator-function@1.1.2 OK for: which-builtin-type@1.2.1 want: ^1.0.10
2473 silly placeDep ROOT which-collection@1.0.2 OK for: which-builtin-type@1.2.1 want: ^1.0.2
2474 silly fetch manifest async-function@^1.0.0
2475 silly packumentCache full:https://registry.npmjs.org/async-function cache-miss
2476 silly fetch manifest generator-function@^2.0.0
2477 silly packumentCache full:https://registry.npmjs.org/generator-function cache-miss
2478 silly fetch manifest is-map@^2.0.3
2479 silly packumentCache full:https://registry.npmjs.org/is-map cache-miss
2480 silly fetch manifest is-weakmap@^2.0.2
2481 silly packumentCache full:https://registry.npmjs.org/is-weakmap cache-miss
2482 silly fetch manifest is-weakset@^2.0.3
2483 silly packumentCache full:https://registry.npmjs.org/is-weakset cache-miss
2484 http fetch GET 200 https://registry.npmjs.org/is-map 182ms (cache miss)
2485 silly packumentCache full:https://registry.npmjs.org/is-map set size:undefined disposed:false
2486 http fetch GET 200 https://registry.npmjs.org/async-function 184ms (cache miss)
2487 silly packumentCache full:https://registry.npmjs.org/async-function set size:undefined disposed:false
2488 http fetch GET 200 https://registry.npmjs.org/generator-function 221ms (cache miss)
2489 silly packumentCache full:https://registry.npmjs.org/generator-function set size:undefined disposed:false
2490 http fetch GET 200 https://registry.npmjs.org/is-weakmap 222ms (cache miss)
2491 silly packumentCache full:https://registry.npmjs.org/is-weakmap set size:undefined disposed:false
2492 http fetch GET 200 https://registry.npmjs.org/is-weakset 324ms (cache miss)
2493 silly packumentCache full:https://registry.npmjs.org/is-weakset set size:undefined disposed:false
2494 silly placeDep ROOT async-function@1.0.0 OK for: is-async-function@2.1.1 want: ^1.0.0
2495 silly placeDep ROOT generator-function@2.0.1 OK for: is-generator-function@1.1.2 want: ^2.0.0
2496 silly placeDep ROOT is-map@2.0.3 OK for: which-collection@1.0.2 want: ^2.0.3
2497 silly placeDep ROOT is-weakmap@2.0.2 OK for: which-collection@1.0.2 want: ^2.0.2
2498 silly placeDep ROOT is-weakset@2.0.4 OK for: which-collection@1.0.2 want: ^2.0.3
2499 silly placeDep node_modules/@next/eslint-plugin-next eslint-visitor-keys@3.4.3 OK for: @eslint-community/eslint-utils@4.9.1 want: ^3.4.3
2500 silly placeDep node_modules/@typescript-eslint/typescript-estree brace-expansion@5.0.9 OK for: minimatch@10.2.6 want: ^5.0.8
2501 silly fetch manifest balanced-match@^4.0.2
2502 silly packumentCache full:https://registry.npmjs.org/balanced-match cache-miss
2503 http cache https://registry.npmjs.org/balanced-match 2ms (cache hit)
2504 silly packumentCache full:https://registry.npmjs.org/balanced-match set size:39082 disposed:false
2505 silly placeDep node_modules/@typescript-eslint/typescript-estree balanced-match@4.0.4 OK for: brace-expansion@5.0.9 want: ^4.0.2
2506 silly reify moves {}
2507 verbose reify failed optional dependency /Users/sachingopalakrishnan/FINTRACE/sentinel-app/node_modules/@tailwindcss/oxide-wasm32-wasi
2508 silly reify mark deleted [
2508 silly reify   '/Users/sachingopalakrishnan/FINTRACE/sentinel-app/node_modules/@tailwindcss/oxide-wasm32-wasi'
2508 silly reify ]
2509 silly audit bulk request {
2509 silly audit   '@tailwindcss/postcss': [ '4.3.3' ],
2509 silly audit   '@types/node': [ '20.19.43' ],
2509 silly audit   '@types/react': [ '19.2.18' ],
2509 silly audit   '@types/react-dom': [ '19.2.5' ],
2509 silly audit   eslint: [ '9.39.5' ],
2509 silly audit   'eslint-config-next': [ '16.3.3' ],
2509 silly audit   next: [ '16.3.3' ],
2509 silly audit   react: [ '19.2.8' ],
2509 silly audit   'react-dom': [ '19.2.8' ],
2509 silly audit   tailwindcss: [ '4.3.3' ],
2509 silly audit   typescript: [ '5.9.3' ],
2509 silly audit   '@alloc/quick-lru': [ '5.2.0' ],
2509 silly audit   '@tailwindcss/node': [ '4.3.3' ],
2509 silly audit   '@tailwindcss/oxide': [ '4.3.3' ],
2509 silly audit   postcss: [ '8.5.26', '8.5.23' ],
2509 silly audit   '@jridgewell/remapping': [ '2.3.5' ],
2509 silly audit   'enhanced-resolve': [ '5.24.5' ],
2509 silly audit   jiti: [ '2.7.0' ],
2509 silly audit   lightningcss: [ '1.32.0' ],
2509 silly audit   'magic-string': [ '0.30.21' ],
2509 silly audit   'source-map-js': [ '1.2.1' ],
2509 silly audit   '@jridgewell/gen-mapping': [ '0.3.13' ],
2509 silly audit   '@jridgewell/trace-mapping': [ '0.3.31' ],
2509 silly audit   '@jridgewell/sourcemap-codec': [ '1.6.0' ],
2509 silly audit   '@jridgewell/resolve-uri': [ '3.1.2' ],
2509 silly audit   '@tailwindcss/oxide-android-arm64': [ '4.3.3' ],
2509 silly audit   '@tailwindcss/oxide-darwin-arm64': [ '4.3.3' ],
2509 silly audit   '@tailwindcss/oxide-darwin-x64': [ '4.3.3' ],
2509 silly audit   '@tailwindcss/oxide-freebsd-x64': [ '4.3.3' ],
2509 silly audit   '@tailwindcss/oxide-linux-arm-gnueabihf': [ '4.3.3' ],
2509 silly audit   '@tailwindcss/oxide-linux-arm64-gnu': [ '4.3.3' ],
2509 silly audit   '@tailwindcss/oxide-linux-arm64-musl': [ '4.3.3' ],
2509 silly audit   '@tailwindcss/oxide-linux-x64-gnu': [ '4.3.3' ],
2509 silly audit   '@tailwindcss/oxide-linux-x64-musl': [ '4.3.3' ],
2509 silly audit   '@tailwindcss/oxide-win32-arm64-msvc': [ '4.3.3' ],
2509 silly audit   '@tailwindcss/oxide-win32-x64-msvc': [ '4.3.3' ],
2509 silly audit   'undici-types': [ '6.21.0' ],
2509 silly audit   csstype: [ '3.2.3' ],
2509 silly audit   'graceful-fs': [ '4.2.11' ],
2509 silly audit   tapable: [ '2.3.3' ],
2509 silly audit   '@eslint-community/eslint-utils': [ '4.10.1', '4.9.1' ],
2509 silly audit   '@eslint-community/regexpp': [ '4.12.2' ],
2509 silly audit   '@eslint/config-array': [ '0.21.2' ],
2509 silly audit   '@eslint/config-helpers': [ '0.4.2' ],
2509 silly audit   '@eslint/core': [ '0.17.0' ],
2509 silly audit   '@eslint/eslintrc': [ '3.3.6' ],
2509 silly audit   '@eslint/js': [ '9.39.5' ],
2509 silly audit   '@eslint/plugin-kit': [ '0.4.1' ],
2509 silly audit   '@humanfs/node': [ '0.16.8' ],
2509 silly audit   '@humanwhocodes/module-importer': [ '1.0.1' ],
2509 silly audit   '@humanwhocodes/retry': [ '0.4.3' ],
2509 silly audit   '@types/estree': [ '1.0.9' ],
2509 silly audit   ajv: [ '6.15.0' ],
2509 silly audit   chalk: [ '4.1.2' ],
2509 silly audit   'cross-spawn': [ '7.0.6' ],
2509 silly audit   debug: [ '4.4.3', '3.2.7' ],
2509 silly audit   'escape-string-regexp': [ '4.0.0' ],
2509 silly audit   'eslint-scope': [ '8.4.0' ],
2509 silly audit   'eslint-visitor-keys': [ '4.2.1', '3.4.3', '5.0.1' ],
2509 silly audit   espree: [ '10.4.0' ],
2509 silly audit   esquery: [ '1.7.0' ],
2509 silly audit   esutils: [ '2.0.3' ],
2509 silly audit   'fast-deep-equal': [ '3.1.3' ],
2509 silly audit   'file-entry-cache': [ '8.0.0' ],
2509 silly audit   'find-up': [ '5.0.0' ],
2509 silly audit   'glob-parent': [ '6.0.2', '5.1.2' ],
2509 silly audit   ignore: [ '5.3.2', '7.0.6' ],
2509 silly audit   imurmurhash: [ '0.1.4' ],
2509 silly audit   'is-glob': [ '4.0.3' ],
2509 silly audit   'json-stable-stringify-without-jsonify': [ '1.0.1' ],
2509 silly audit   'lodash.merge': [ '4.6.2' ],
2509 silly audit   minimatch: [ '3.1.5', '10.2.6' ],
2509 silly audit   'natural-compare': [ '1.4.0' ],
2509 silly audit   optionator: [ '0.9.4' ],
2509 silly audit   '@eslint/object-schema': [ '2.1.7' ],
2509 silly audit   '@types/json-schema': [ '7.0.15' ],
2509 silly audit   globals: [ '14.0.0', '16.4.0' ],
2509 silly audit   'import-fresh': [ '3.3.1' ],
2509 silly audit   'js-yaml': [ '4.3.2' ],
2509 silly audit   'strip-json-comments': [ '3.1.1' ],
2509 silly audit   levn: [ '0.4.1' ],
2509 silly audit   '@humanfs/core': [ '0.19.2' ],
2509 silly audit   '@humanfs/types': [ '0.15.0' ],
2509 silly audit   'fast-json-stable-stringify': [ '2.1.0' ],
2509 silly audit   'json-schema-traverse': [ '0.4.1' ],
2509 silly audit   'uri-js': [ '4.4.1' ],
2509 silly audit   'ansi-styles': [ '4.3.0' ],
2509 silly audit   'supports-color': [ '7.2.0' ],
2509 silly audit   'color-convert': [ '2.0.1' ],
2509 silly audit   'color-name': [ '1.1.4' ],
2509 silly audit   'path-key': [ '3.1.1' ],
2509 silly audit   'shebang-command': [ '2.0.0' ],
2509 silly audit   which: [ '2.0.2' ],
2509 silly audit   ms: [ '2.1.3' ],
2509 silly audit   '@next/eslint-plugin-next': [ '16.3.3' ],
2509 silly audit   'eslint-import-resolver-node': [ '0.3.10' ],
2509 silly audit   'eslint-import-resolver-typescript': [ '3.10.1' ],
2509 silly audit   'eslint-plugin-import': [ '2.32.0' ],
2509 silly audit   'eslint-plugin-jsx-a11y': [ '6.10.2' ],
2509 silly audit   'eslint-plugin-react': [ '7.37.5' ],
2509 silly audit   'eslint-plugin-react-hooks': [ '7.1.1' ],
2509 silly audit   'typescript-eslint': [ '8.68.0' ],
2509 silly audit   'fast-glob': [ '3.3.1' ],
2509 silly audit   'is-core-module': [ '2.16.2' ],
2509 silly audit   resolve: [ '2.0.0-next.7' ],
2509 silly audit   '@nolyfill/is-core-module': [ '1.0.39' ],
2509 silly audit   'get-tsconfig': [ '4.14.3' ],
2509 silly audit   'is-bun-module': [ '2.0.0' ],
2509 silly audit   'stable-hash': [ '0.0.5' ],
2509 silly audit   tinyglobby: [ '0.2.17' ],
2509 silly audit   'unrs-resolver': [ '1.12.2' ],
2509 silly audit   '@rtsao/scc': [ '1.1.0' ],
2509 silly audit   'array-includes': [ '3.1.9' ],
2509 silly audit   'array.prototype.findlastindex': [ '1.2.6' ],
2509 silly audit   'array.prototype.flat': [ '1.3.3' ],
2509 silly audit   'array.prototype.flatmap': [ '1.3.3' ],
2509 silly audit   doctrine: [ '2.1.0' ],
2509 silly audit   'eslint-module-utils': [ '2.14.0' ],
2509 silly audit   hasown: [ '2.0.4' ],
2509 silly audit   'object.fromentries': [ '2.0.8' ],
2509 silly audit   'object.groupby': [ '1.0.3' ],
2509 silly audit   'object.values': [ '1.2.1' ],
2509 silly audit   semver: [ '6.3.1', '7.8.5' ],
2509 silly audit   'string.prototype.trimend': [ '1.0.10' ],
2509 silly audit   'tsconfig-paths': [ '3.15.0' ],
2509 silly audit   'call-bind': [ '1.0.9' ],
2509 silly audit   'call-bound': [ '1.0.4' ],
2509 silly audit   'define-properties': [ '1.2.1' ],
2509 silly audit   'es-abstract': [ '1.24.2' ],
2509 silly audit   'es-object-atoms': [ '1.1.2' ],
2509 silly audit   'get-intrinsic': [ '1.3.0' ],
2509 silly audit   'is-string': [ '1.1.1' ],
2509 silly audit   'math-intrinsics': [ '1.1.0' ],
2509 silly audit   'es-errors': [ '1.3.0' ],
2509 silly audit   'es-shim-unscopables': [ '1.1.0' ],
2509 silly audit   'call-bind-apply-helpers': [ '1.0.2' ],
2509 silly audit   'es-define-property': [ '1.0.1' ],
2509 silly audit   'set-function-length': [ '1.2.2' ],
2509 silly audit   'function-bind': [ '1.1.2' ],
2509 silly audit   'define-data-property': [ '1.1.4' ],
2509 silly audit   'has-property-descriptors': [ '1.0.2' ],
2509 silly audit   'object-keys': [ '1.1.1' ],
2509 silly audit   gopd: [ '1.2.0' ],
2509 silly audit   'array-buffer-byte-length': [ '1.0.2' ],
2509 silly audit   'arraybuffer.prototype.slice': [ '1.0.4' ],
2509 silly audit   'available-typed-arrays': [ '1.0.7' ],
2509 silly audit   'data-view-buffer': [ '1.0.2' ],
2509 silly audit   'data-view-byte-length': [ '1.0.2' ],
2509 silly audit   'data-view-byte-offset': [ '1.0.1' ],
2509 silly audit   'es-set-tostringtag': [ '2.1.0' ],
2509 silly audit   'es-to-primitive': [ '1.3.4' ],
2509 silly audit   'function.prototype.name': [ '1.2.0' ],
2509 silly audit   'get-proto': [ '1.0.1' ],
2509 silly audit   'get-symbol-description': [ '1.1.0' ],
2509 silly audit   globalthis: [ '1.0.4' ],
2509 silly audit   'has-proto': [ '1.2.0' ],
2509 silly audit   'has-symbols': [ '1.1.0' ],
2509 silly audit   'internal-slot': [ '1.1.0' ],
2509 silly audit   'is-array-buffer': [ '3.0.5' ],
2509 silly audit   'is-callable': [ '1.2.7' ],
2509 silly audit   'is-data-view': [ '1.0.2' ],
2509 silly audit   'is-negative-zero': [ '2.0.3' ],
2509 silly audit   'is-regex': [ '1.2.1' ],
2509 silly audit   'is-set': [ '2.0.3' ],
2509 silly audit   'is-shared-array-buffer': [ '1.0.4' ],
2509 silly audit   'is-typed-array': [ '1.1.15' ],
2509 silly audit   'is-weakref': [ '1.1.1' ],
2509 silly audit   'object-inspect': [ '1.13.4' ],
2509 silly audit   'object.assign': [ '4.1.7' ],
2509 silly audit   'own-keys': [ '1.0.2' ],
2509 silly audit   'regexp.prototype.flags': [ '1.5.4' ],
2509 silly audit   'safe-array-concat': [ '1.1.4' ],
2509 silly audit   'safe-push-apply': [ '1.0.0' ],
2509 silly audit   'safe-regex-test': [ '1.1.0' ],
2509 silly audit   'set-proto': [ '1.0.0' ],
2509 silly audit   'stop-iteration-iterator': [ '1.1.0' ],
2509 silly audit   'string.prototype.trim': [ '1.2.11' ],
2509 silly audit   'string.prototype.trimstart': [ '1.0.8' ],
2509 silly audit   'typed-array-buffer': [ '1.0.3' ],
2509 silly audit   'typed-array-byte-length': [ '1.0.3' ],
2509 silly audit   'typed-array-byte-offset': [ '1.0.4' ],
2509 silly audit   'typed-array-length': [ '1.0.8' ],
2509 silly audit   'unbox-primitive': [ '1.1.0' ],
2509 silly audit   'which-typed-array': [ '1.1.22' ],
2509 silly audit   'possible-typed-array-names': [ '1.1.0' ],
2509 silly audit   'has-tostringtag': [ '1.0.2' ],
2509 silly audit   'es-abstract-get': [ '1.0.0' ],
2509 silly audit   'is-date-object': [ '1.1.0' ],
2509 silly audit   'is-symbol': [ '1.1.1' ],
2509 silly audit   'aria-query': [ '5.3.2' ],
2509 silly audit   'ast-types-flow': [ '0.0.8' ],
2509 silly audit   'axe-core': [ '4.13.0' ],
2509 silly audit   'axobject-query': [ '4.1.0' ],
2509 silly audit   'damerau-levenshtein': [ '1.0.8' ],
2509 silly audit   'emoji-regex': [ '9.2.2' ],
2509 silly audit   'jsx-ast-utils': [ '3.3.5' ],
2509 silly audit   'language-tags': [ '1.0.9' ],
2509 silly audit   'string.prototype.includes': [ '2.0.1' ],
2509 silly audit   'array.prototype.findlast': [ '1.2.5' ],
2509 silly audit   'array.prototype.tosorted': [ '1.1.4' ],
2509 silly audit   'es-iterator-helpers': [ '1.4.0' ],
2509 silly audit   estraverse: [ '5.3.0' ],
2509 silly audit   'object.entries': [ '1.1.9' ],
2509 silly audit   'prop-types': [ '15.8.1' ],
2509 silly audit   'string.prototype.matchall': [ '4.0.12' ],
2509 silly audit   'string.prototype.repeat': [ '1.0.0' ],
2509 silly audit   'iterator.prototype': [ '1.1.5' ],
2509 silly audit   '@babel/core': [ '7.29.7' ],
2509 silly audit   '@babel/parser': [ '7.29.8' ],
2509 silly audit   'hermes-parser': [ '0.25.1' ],
2509 silly audit   zod: [ '4.4.3' ],
2509 silly audit   'zod-validation-error': [ '4.0.2' ],
2509 silly audit   '@babel/code-frame': [ '7.29.7' ],
2509 silly audit   '@babel/generator': [ '7.29.8' ],
2509 silly audit   '@babel/helper-compilation-targets': [ '7.29.7' ],
2509 silly audit   '@babel/helper-module-transforms': [ '7.29.7' ],
2509 silly audit   '@babel/helpers': [ '7.29.7' ],
2509 silly audit   '@babel/template': [ '7.29.7' ],
2509 silly audit   '@babel/traverse': [ '7.29.8' ],
2509 silly audit   '@babel/types': [ '7.29.8' ],
2509 silly audit   'convert-source-map': [ '2.0.0' ],
2509 silly audit   gensync: [ '1.0.0-beta.2' ],
2509 silly audit   json5: [ '2.2.3', '1.0.2' ],
2509 silly audit   '@babel/helper-validator-identifier': [ '7.29.7' ],
2509 silly audit   'js-tokens': [ '4.0.0' ],
2509 silly audit   picocolors: [ '1.1.1' ],
2509 silly audit   jsesc: [ '3.1.0' ],
2509 silly audit   '@babel/compat-data': [ '7.29.7' ],
2509 silly audit   '@babel/helper-validator-option': [ '7.29.7' ],
2509 silly audit   browserslist: [ '4.28.8' ],
2509 silly audit   'lru-cache': [ '5.1.1' ],
2509 silly audit   '@babel/helper-module-imports': [ '7.29.7' ],
2509 silly audit   '@babel/helper-globals': [ '7.29.7' ],
2509 silly audit   '@babel/helper-string-parser': [ '7.29.7' ],
2509 silly audit   'baseline-browser-mapping': [ '2.11.20' ],
2509 silly audit   'caniuse-lite': [ '1.0.30001810' ],
2509 silly audit   'electron-to-chromium': [ '1.5.416' ],
2509 silly audit   'node-releases': [ '2.0.54' ],
2509 silly audit   'update-browserslist-db': [ '1.3.2' ],
2509 silly audit   esrecurse: [ '4.3.0' ],
2509 silly audit   acorn: [ '8.18.0' ],
2509 silly audit   'acorn-jsx': [ '5.3.2' ],
2509 silly audit   '@nodelib/fs.stat': [ '2.0.5' ],
2509 silly audit   '@nodelib/fs.walk': [ '1.2.8' ],
2509 silly audit   merge2: [ '1.4.1' ],
2509 silly audit   micromatch: [ '4.0.8' ],
2509 silly audit   '@nodelib/fs.scandir': [ '2.1.5' ],
2509 silly audit   fastq: [ '1.20.2' ],
2509 silly audit   'run-parallel': [ '1.2.0' ],
2509 silly audit   reusify: [ '1.1.0' ],
2509 silly audit   'flat-cache': [ '4.0.1' ],
2509 silly audit   'locate-path': [ '6.0.0' ],
2509 silly audit   'path-exists': [ '4.0.0' ],
2509 silly audit   flatted: [ '3.4.4' ],
2509 silly audit   keyv: [ '4.5.4' ],
2509 silly audit   'functions-have-names': [ '1.2.3' ],
2509 silly audit   'is-document.all': [ '1.0.0' ],
2509 silly audit   'dunder-proto': [ '1.0.1' ],
2509 silly audit   'resolve-pkg-maps': [ '1.0.0' ],
2509 silly audit   'hermes-estree': [ '0.25.1' ],
2509 silly audit   'parent-module': [ '1.0.1' ],
2509 silly audit   'resolve-from': [ '4.0.0' ],
2509 silly audit   'side-channel': [ '1.1.1' ],
2509 silly audit   'is-extglob': [ '2.1.1' ],
2509 silly audit   'set-function-name': [ '2.0.2' ],
2509 silly audit   argparse: [ '2.0.1' ],
2509 silly audit   'json-buffer': [ '3.0.1' ],
2509 silly audit   'language-subtag-registry': [ '0.3.23' ],
2509 silly audit   'prelude-ls': [ '1.2.1' ],
2509 silly audit   'type-check': [ '0.4.0' ],
2509 silly audit   'detect-libc': [ '2.1.2' ],
2509 silly audit   'lightningcss-android-arm64': [ '1.32.0' ],
2509 silly audit   'lightningcss-darwin-arm64': [ '1.32.0' ],
2509 silly audit   'lightningcss-darwin-x64': [ '1.32.0' ],
2509 silly audit   'lightningcss-freebsd-x64': [ '1.32.0' ],
2509 silly audit   'lightningcss-linux-arm-gnueabihf': [ '1.32.0' ],
2509 silly audit   'lightningcss-linux-arm64-gnu': [ '1.32.0' ],
2509 silly audit   'lightningcss-linux-arm64-musl': [ '1.32.0' ],
2509 silly audit   'lightningcss-linux-x64-gnu': [ '1.32.0' ],
2509 silly audit   'lightningcss-linux-x64-musl': [ '1.32.0' ],
2509 silly audit   'lightningcss-win32-arm64-msvc': [ '1.32.0' ],
2509 silly audit   'lightningcss-win32-x64-msvc': [ '1.32.0' ],
2509 silly audit   'p-locate': [ '5.0.0' ],
2509 silly audit   yallist: [ '3.1.1' ],
2509 silly audit   braces: [ '3.0.3' ],
2509 silly audit   picomatch: [ '2.3.2', '4.0.7' ],
2509 silly audit   'fill-range': [ '7.1.1' ],
2509 silly audit   'to-regex-range': [ '5.0.1' ],
2509 silly audit   'brace-expansion': [ '1.1.18', '5.0.9' ],
2509 silly audit   'balanced-match': [ '1.0.2', '4.0.4' ],
2509 silly audit   'concat-map': [ '0.0.1' ],
2509 silly audit   '@next/env': [ '16.3.3' ],
2509 silly audit   '@next/swc-darwin-arm64': [ '16.3.3' ],
2509 silly audit   '@next/swc-darwin-x64': [ '16.3.3' ],
2509 silly audit   '@next/swc-linux-arm64-gnu': [ '16.3.3' ],
2509 silly audit   '@next/swc-linux-arm64-musl': [ '16.3.3' ],
2509 silly audit   '@next/swc-linux-x64-gnu': [ '16.3.3' ],
2509 silly audit   '@next/swc-linux-x64-musl': [ '16.3.3' ],
2509 silly audit   '@next/swc-win32-arm64-msvc': [ '16.3.3' ],
2509 silly audit   '@next/swc-win32-x64-msvc': [ '16.3.3' ],
2509 silly audit   '@swc/helpers': [ '0.5.23' ],
2509 silly audit   sharp: [ '0.35.4' ],
2509 silly audit   'styled-jsx': [ '5.1.6' ],
2509 silly audit   tslib: [ '2.8.1' ],
2509 silly audit   'deep-is': [ '0.1.4' ],
2509 silly audit   'fast-levenshtein': [ '2.0.6' ],
2509 silly audit   'word-wrap': [ '1.2.5' ],
2509 silly audit   'p-limit': [ '3.1.0' ],
2509 silly audit   'yocto-queue': [ '0.1.0' ],
2509 silly audit   callsites: [ '3.1.0' ],
2509 silly audit   nanoid: [ '3.3.18' ],
2509 silly audit   'loose-envify': [ '1.4.0' ],
2509 silly audit   'object-assign': [ '4.1.1' ],
2509 silly audit   'react-is': [ '16.13.1' ],
2509 silly audit   scheduler: [ '0.27.0' ],
2509 silly audit   'node-exports-info': [ '1.6.2' ],
2509 silly audit   'path-parse': [ '1.0.7' ],
2509 silly audit   'supports-preserve-symlinks-flag': [ '1.0.0' ],
2509 silly audit   'queue-microtask': [ '1.2.3' ],
2509 silly audit   isarray: [ '2.0.5' ],
2509 silly audit   '@img/colour': [ '1.1.0' ],
2509 silly audit   '@img/sharp-darwin-arm64': [ '0.35.4' ],
2509 silly audit   '@img/sharp-darwin-x64': [ '0.35.4' ],
2509 silly audit   '@img/sharp-freebsd-wasm32': [ '0.35.4' ],
2509 silly audit   '@img/sharp-libvips-darwin-arm64': [ '1.3.3' ],
2509 silly audit   '@img/sharp-libvips-darwin-x64': [ '1.3.3' ],
2509 silly audit   '@img/sharp-libvips-linux-arm': [ '1.3.3' ],
2509 silly audit   '@img/sharp-libvips-linux-arm64': [ '1.3.3' ],
2509 silly audit   '@img/sharp-libvips-linux-ppc64': [ '1.3.3' ],
2509 silly audit   '@img/sharp-libvips-linux-riscv64': [ '1.3.3' ],
2509 silly audit   '@img/sharp-libvips-linux-s390x': [ '1.3.3' ],
2509 silly audit   '@img/sharp-libvips-linux-x64': [ '1.3.3' ],
2509 silly audit   '@img/sharp-libvips-linuxmusl-arm64': [ '1.3.3' ],
2509 silly audit   '@img/sharp-libvips-linuxmusl-x64': [ '1.3.3' ],
2509 silly audit   '@img/sharp-linux-arm': [ '0.35.4' ],
2509 silly audit   '@img/sharp-linux-arm64': [ '0.35.4' ],
2509 silly audit   '@img/sharp-linux-ppc64': [ '0.35.4' ],
2509 silly audit   '@img/sharp-linux-riscv64': [ '0.35.4' ],
2509 silly audit   '@img/sharp-linux-s390x': [ '0.35.4' ],
2509 silly audit   '@img/sharp-linux-x64': [ '0.35.4' ],
2509 silly audit   '@img/sharp-linuxmusl-arm64': [ '0.35.4' ],
2509 silly audit   '@img/sharp-linuxmusl-x64': [ '0.35.4' ],
2509 silly audit   '@img/sharp-webcontainers-wasm32': [ '0.35.4' ],
2509 silly audit   '@img/sharp-win32-arm64': [ '0.35.4' ],
2509 silly audit   '@img/sharp-win32-ia32': [ '0.35.4' ],
2509 silly audit   '@img/sharp-win32-x64': [ '0.35.4' ],
2509 silly audit   '@img/sharp-wasm32': [ '0.35.4' ],
2509 silly audit   '@emnapi/runtime': [ '1.11.3', '1.10.0' ],
2509 silly audit   'shebang-regex': [ '3.0.0' ],
2509 silly audit   'side-channel-list': [ '1.0.1' ],
2509 silly audit   'side-channel-map': [ '1.0.1' ],
2509 silly audit   'side-channel-weakmap': [ '1.0.2' ],
2509 silly audit   'client-only': [ '0.0.1' ],
2509 silly audit   'has-flag': [ '4.0.0' ],
2509 silly audit   fdir: [ '6.5.0' ],
2509 silly audit   'is-number': [ '7.0.0' ],
2509 silly audit   '@types/json5': [ '0.0.29' ],
2509 silly audit   minimist: [ '1.2.8' ],
2509 silly audit   'strip-bom': [ '3.0.0' ],
2509 silly audit   'for-each': [ '0.3.5' ],
2509 silly audit   'reflect.getprototypeof': [ '1.0.10' ],
2509 silly audit   'which-builtin-type': [ '1.2.1' ],
2509 silly audit   '@typescript-eslint/eslint-plugin': [ '8.68.0' ],
2509 silly audit   '@typescript-eslint/parser': [ '8.68.0' ],
2509 silly audit   '@typescript-eslint/typescript-estree': [ '8.68.0' ],
2509 silly audit   '@typescript-eslint/utils': [ '8.68.0' ],
2509 silly audit   '@typescript-eslint/scope-manager': [ '8.68.0' ],
2509 silly audit   '@typescript-eslint/type-utils': [ '8.68.0' ],
2509 silly audit   '@typescript-eslint/visitor-keys': [ '8.68.0' ],
2509 silly audit   'ts-api-utils': [ '2.5.0' ],
2509 silly audit   '@typescript-eslint/types': [ '8.68.0' ],
2509 silly audit   '@typescript-eslint/project-service': [ '8.68.0' ],
2509 silly audit   '@typescript-eslint/tsconfig-utils': [ '8.68.0' ],
2509 silly audit   'has-bigints': [ '1.1.0' ],
2509 silly audit   'which-boxed-primitive': [ '1.1.1' ],
2509 silly audit   '@unrs/resolver-binding-android-arm-eabi': [ '1.12.2' ],
2509 silly audit   '@unrs/resolver-binding-android-arm64': [ '1.12.2' ],
2509 silly audit   '@unrs/resolver-binding-darwin-arm64': [ '1.12.2' ],
2509 silly audit   '@unrs/resolver-binding-darwin-x64': [ '1.12.2' ],
2509 silly audit   '@unrs/resolver-binding-freebsd-x64': [ '1.12.2' ],
2509 silly audit   '@unrs/resolver-binding-linux-arm-gnueabihf': [ '1.12.2' ],
2509 silly audit   '@unrs/resolver-binding-linux-arm-musleabihf': [ '1.12.2' ],
2509 silly audit   '@unrs/resolver-binding-linux-arm64-gnu': [ '1.12.2' ],
2509 silly audit   '@unrs/resolver-binding-linux-arm64-musl': [ '1.12.2' ],
2509 silly audit   '@unrs/resolver-binding-linux-loong64-gnu': [ '1.12.2' ],
2509 silly audit   '@unrs/resolver-binding-linux-loong64-musl': [ '1.12.2' ],
2509 silly audit   '@unrs/resolver-binding-linux-ppc64-gnu': [ '1.12.2' ],
2509 silly audit   '@unrs/resolver-binding-linux-riscv64-gnu': [ '1.12.2' ],
2509 silly audit   '@unrs/resolver-binding-linux-riscv64-musl': [ '1.12.2' ],
2509 silly audit   '@unrs/resolver-binding-linux-s390x-gnu': [ '1.12.2' ],
2509 silly audit   '@unrs/resolver-binding-linux-x64-gnu': [ '1.12.2' ],
2509 silly audit   '@unrs/resolver-binding-linux-x64-musl': [ '1.12.2' ],
2509 silly audit   '@unrs/resolver-binding-openharmony-arm64': [ '1.12.2' ],
2509 silly audit   '@unrs/resolver-binding-wasm32-wasi': [ '1.12.2' ],
2509 silly audit   '@unrs/resolver-binding-win32-arm64-msvc': [ '1.12.2' ],
2509 silly audit   '@unrs/resolver-binding-win32-ia32-msvc': [ '1.12.2' ],
2509 silly audit   '@unrs/resolver-binding-win32-x64-msvc': [ '1.12.2' ],
2509 silly audit   'napi-postinstall': [ '0.3.4' ],
2509 silly audit   '@emnapi/core': [ '1.10.0' ],
2509 silly audit   '@napi-rs/wasm-runtime': [ '1.2.3' ],
2509 silly audit   '@emnapi/wasi-threads': [ '1.2.1' ],
2509 silly audit   '@tybys/wasm-util': [ '0.10.3' ],
2509 silly audit   escalade: [ '3.2.0' ],
2509 silly audit   punycode: [ '2.3.1' ],
2509 silly audit   isexe: [ '2.0.0' ],
2509 silly audit   'is-bigint': [ '1.1.0' ],
2509 silly audit   'is-boolean-object': [ '1.2.2' ],
2509 silly audit   'is-number-object': [ '1.1.1' ],
2509 silly audit   'is-async-function': [ '2.1.1' ],
2509 silly audit   'is-finalizationregistry': [ '1.1.1' ],
2509 silly audit   'is-generator-function': [ '1.1.2' ],
2509 silly audit   'which-collection': [ '1.0.2' ],
2509 silly audit   'async-function': [ '1.0.0' ],
2509 silly audit   'generator-function': [ '2.0.1' ],
2509 silly audit   'is-map': [ '2.0.3' ],
2509 silly audit   'is-weakmap': [ '2.0.2' ],
2509 silly audit   'is-weakset': [ '2.0.4' ],
2509 silly audit   '@tailwindcss/oxide-wasm32-wasi': [ '4.3.3' ]
2509 silly audit }
2510 verbose reify failed optional dependency /Users/sachingopalakrishnan/FINTRACE/sentinel-app/node_modules/@unrs/resolver-binding-win32-x64-msvc
2511 silly reify mark deleted [
2511 silly reify   '/Users/sachingopalakrishnan/FINTRACE/sentinel-app/node_modules/@unrs/resolver-binding-win32-x64-msvc'
2511 silly reify ]
2512 verbose reify failed optional dependency /Users/sachingopalakrishnan/FINTRACE/sentinel-app/node_modules/@unrs/resolver-binding-win32-ia32-msvc
2513 silly reify mark deleted [
2513 silly reify   '/Users/sachingopalakrishnan/FINTRACE/sentinel-app/node_modules/@unrs/resolver-binding-win32-ia32-msvc'
2513 silly reify ]
2514 verbose reify failed optional dependency /Users/sachingopalakrishnan/FINTRACE/sentinel-app/node_modules/@unrs/resolver-binding-win32-arm64-msvc
2515 silly reify mark deleted [
2515 silly reify   '/Users/sachingopalakrishnan/FINTRACE/sentinel-app/node_modules/@unrs/resolver-binding-win32-arm64-msvc'
2515 silly reify ]
2516 verbose reify failed optional dependency /Users/sachingopalakrishnan/FINTRACE/sentinel-app/node_modules/@unrs/resolver-binding-wasm32-wasi
2517 silly reify mark deleted [
2517 silly reify   '/Users/sachingopalakrishnan/FINTRACE/sentinel-app/node_modules/@unrs/resolver-binding-wasm32-wasi'
2517 silly reify ]
2518 verbose reify failed optional dependency /Users/sachingopalakrishnan/FINTRACE/sentinel-app/node_modules/@unrs/resolver-binding-wasm32-wasi/node_modules/@emnapi/runtime
2519 silly reify mark deleted [
2519 silly reify   '/Users/sachingopalakrishnan/FINTRACE/sentinel-app/node_modules/@unrs/resolver-binding-wasm32-wasi/node_modules/@emnapi/runtime'
2519 silly reify ]
2520 verbose reify failed optional dependency /Users/sachingopalakrishnan/FINTRACE/sentinel-app/node_modules/@unrs/resolver-binding-openharmony-arm64
2521 silly reify mark deleted [
2521 silly reify   '/Users/sachingopalakrishnan/FINTRACE/sentinel-app/node_modules/@unrs/resolver-binding-openharmony-arm64'
2521 silly reify ]
2522 verbose reify failed optional dependency /Users/sachingopalakrishnan/FINTRACE/sentinel-app/node_modules/@unrs/resolver-binding-linux-x64-musl
2523 silly reify mark deleted [
2523 silly reify   '/Users/sachingopalakrishnan/FINTRACE/sentinel-app/node_modules/@unrs/resolver-binding-linux-x64-musl'
2523 silly reify ]
2524 verbose reify failed optional dependency /Users/sachingopalakrishnan/FINTRACE/sentinel-app/node_modules/@unrs/resolver-binding-linux-x64-gnu
2525 silly reify mark deleted [
2525 silly reify   '/Users/sachingopalakrishnan/FINTRACE/sentinel-app/node_modules/@unrs/resolver-binding-linux-x64-gnu'
2525 silly reify ]
2526 verbose reify failed optional dependency /Users/sachingopalakrishnan/FINTRACE/sentinel-app/node_modules/@unrs/resolver-binding-linux-s390x-gnu
2527 silly reify mark deleted [
2527 silly reify   '/Users/sachingopalakrishnan/FINTRACE/sentinel-app/node_modules/@unrs/resolver-binding-linux-s390x-gnu'
2527 silly reify ]
2528 verbose reify failed optional dependency /Users/sachingopalakrishnan/FINTRACE/sentinel-app/node_modules/@unrs/resolver-binding-linux-riscv64-musl
2529 silly reify mark deleted [
2529 silly reify   '/Users/sachingopalakrishnan/FINTRACE/sentinel-app/node_modules/@unrs/resolver-binding-linux-riscv64-musl'
2529 silly reify ]
2530 verbose reify failed optional dependency /Users/sachingopalakrishnan/FINTRACE/sentinel-app/node_modules/@unrs/resolver-binding-linux-riscv64-gnu
2531 silly reify mark deleted [
2531 silly reify   '/Users/sachingopalakrishnan/FINTRACE/sentinel-app/node_modules/@unrs/resolver-binding-linux-riscv64-gnu'
2531 silly reify ]
2532 verbose reify failed optional dependency /Users/sachingopalakrishnan/FINTRACE/sentinel-app/node_modules/@unrs/resolver-binding-linux-ppc64-gnu
2533 silly reify mark deleted [
2533 silly reify   '/Users/sachingopalakrishnan/FINTRACE/sentinel-app/node_modules/@unrs/resolver-binding-linux-ppc64-gnu'
2533 silly reify ]
2534 verbose reify failed optional dependency /Users/sachingopalakrishnan/FINTRACE/sentinel-app/node_modules/@unrs/resolver-binding-linux-loong64-musl
2535 silly reify mark deleted [
2535 silly reify   '/Users/sachingopalakrishnan/FINTRACE/sentinel-app/node_modules/@unrs/resolver-binding-linux-loong64-musl'
2535 silly reify ]
2536 verbose reify failed optional dependency /Users/sachingopalakrishnan/FINTRACE/sentinel-app/node_modules/@unrs/resolver-binding-linux-loong64-gnu
2537 silly reify mark deleted [
2537 silly reify   '/Users/sachingopalakrishnan/FINTRACE/sentinel-app/node_modules/@unrs/resolver-binding-linux-loong64-gnu'
2537 silly reify ]
2538 verbose reify failed optional dependency /Users/sachingopalakrishnan/FINTRACE/sentinel-app/node_modules/@unrs/resolver-binding-linux-arm64-musl
2539 silly reify mark deleted [
2539 silly reify   '/Users/sachingopalakrishnan/FINTRACE/sentinel-app/node_modules/@unrs/resolver-binding-linux-arm64-musl'
2539 silly reify ]
2540 verbose reify failed optional dependency /Users/sachingopalakrishnan/FINTRACE/sentinel-app/node_modules/@unrs/resolver-binding-linux-arm64-gnu
2541 silly reify mark deleted [
2541 silly reify   '/Users/sachingopalakrishnan/FINTRACE/sentinel-app/node_modules/@unrs/resolver-binding-linux-arm64-gnu'
2541 silly reify ]
2542 verbose reify failed optional dependency /Users/sachingopalakrishnan/FINTRACE/sentinel-app/node_modules/@unrs/resolver-binding-linux-arm-musleabihf
2543 silly reify mark deleted [
2543 silly reify   '/Users/sachingopalakrishnan/FINTRACE/sentinel-app/node_modules/@unrs/resolver-binding-linux-arm-musleabihf'
2543 silly reify ]
2544 verbose reify failed optional dependency /Users/sachingopalakrishnan/FINTRACE/sentinel-app/node_modules/@unrs/resolver-binding-linux-arm-gnueabihf
2545 silly reify mark deleted [
2545 silly reify   '/Users/sachingopalakrishnan/FINTRACE/sentinel-app/node_modules/@unrs/resolver-binding-linux-arm-gnueabihf'
2545 silly reify ]
2546 verbose reify failed optional dependency /Users/sachingopalakrishnan/FINTRACE/sentinel-app/node_modules/@unrs/resolver-binding-freebsd-x64
2547 silly reify mark deleted [
2547 silly reify   '/Users/sachingopalakrishnan/FINTRACE/sentinel-app/node_modules/@unrs/resolver-binding-freebsd-x64'
2547 silly reify ]
2548 verbose reify failed optional dependency /Users/sachingopalakrishnan/FINTRACE/sentinel-app/node_modules/@unrs/resolver-binding-darwin-x64
2549 silly reify mark deleted [
2549 silly reify   '/Users/sachingopalakrishnan/FINTRACE/sentinel-app/node_modules/@unrs/resolver-binding-darwin-x64'
2549 silly reify ]
2550 verbose reify failed optional dependency /Users/sachingopalakrishnan/FINTRACE/sentinel-app/node_modules/@unrs/resolver-binding-android-arm64
2551 silly reify mark deleted [
2551 silly reify   '/Users/sachingopalakrishnan/FINTRACE/sentinel-app/node_modules/@unrs/resolver-binding-android-arm64'
2551 silly reify ]
2552 verbose reify failed optional dependency /Users/sachingopalakrishnan/FINTRACE/sentinel-app/node_modules/@unrs/resolver-binding-android-arm-eabi
2553 silly reify mark deleted [
2553 silly reify   '/Users/sachingopalakrishnan/FINTRACE/sentinel-app/node_modules/@unrs/resolver-binding-android-arm-eabi'
2553 silly reify ]
2554 verbose reify failed optional dependency /Users/sachingopalakrishnan/FINTRACE/sentinel-app/node_modules/@img/sharp-win32-x64
2555 silly reify mark deleted [
2555 silly reify   '/Users/sachingopalakrishnan/FINTRACE/sentinel-app/node_modules/@img/sharp-win32-x64'
2555 silly reify ]
2556 verbose reify failed optional dependency /Users/sachingopalakrishnan/FINTRACE/sentinel-app/node_modules/@img/sharp-win32-ia32
2557 silly reify mark deleted [
2557 silly reify   '/Users/sachingopalakrishnan/FINTRACE/sentinel-app/node_modules/@img/sharp-win32-ia32'
2557 silly reify ]
2558 verbose reify failed optional dependency /Users/sachingopalakrishnan/FINTRACE/sentinel-app/node_modules/@img/sharp-win32-arm64
2559 silly reify mark deleted [
2559 silly reify   '/Users/sachingopalakrishnan/FINTRACE/sentinel-app/node_modules/@img/sharp-win32-arm64'
2559 silly reify ]
2560 verbose reify failed optional dependency /Users/sachingopalakrishnan/FINTRACE/sentinel-app/node_modules/@img/sharp-webcontainers-wasm32
2561 silly reify mark deleted [
2561 silly reify   '/Users/sachingopalakrishnan/FINTRACE/sentinel-app/node_modules/@img/sharp-webcontainers-wasm32'
2561 silly reify ]
2562 verbose reify failed optional dependency /Users/sachingopalakrishnan/FINTRACE/sentinel-app/node_modules/@img/sharp-linuxmusl-x64
2563 silly reify mark deleted [
2563 silly reify   '/Users/sachingopalakrishnan/FINTRACE/sentinel-app/node_modules/@img/sharp-linuxmusl-x64'
2563 silly reify ]
2564 verbose reify failed optional dependency /Users/sachingopalakrishnan/FINTRACE/sentinel-app/node_modules/@img/sharp-linuxmusl-arm64
2565 silly reify mark deleted [
2565 silly reify   '/Users/sachingopalakrishnan/FINTRACE/sentinel-app/node_modules/@img/sharp-linuxmusl-arm64'
2565 silly reify ]
2566 verbose reify failed optional dependency /Users/sachingopalakrishnan/FINTRACE/sentinel-app/node_modules/@img/sharp-linux-x64
2567 silly reify mark deleted [
2567 silly reify   '/Users/sachingopalakrishnan/FINTRACE/sentinel-app/node_modules/@img/sharp-linux-x64'
2567 silly reify ]
2568 verbose reify failed optional dependency /Users/sachingopalakrishnan/FINTRACE/sentinel-app/node_modules/@img/sharp-linux-s390x
2569 silly reify mark deleted [
2569 silly reify   '/Users/sachingopalakrishnan/FINTRACE/sentinel-app/node_modules/@img/sharp-linux-s390x'
2569 silly reify ]
2570 verbose reify failed optional dependency /Users/sachingopalakrishnan/FINTRACE/sentinel-app/node_modules/@img/sharp-linux-riscv64
2571 silly reify mark deleted [
2571 silly reify   '/Users/sachingopalakrishnan/FINTRACE/sentinel-app/node_modules/@img/sharp-linux-riscv64'
2571 silly reify ]
2572 verbose reify failed optional dependency /Users/sachingopalakrishnan/FINTRACE/sentinel-app/node_modules/@img/sharp-linux-ppc64
2573 silly reify mark deleted [
2573 silly reify   '/Users/sachingopalakrishnan/FINTRACE/sentinel-app/node_modules/@img/sharp-linux-ppc64'
2573 silly reify ]
2574 verbose reify failed optional dependency /Users/sachingopalakrishnan/FINTRACE/sentinel-app/node_modules/@img/sharp-linux-arm64
2575 silly reify mark deleted [
2575 silly reify   '/Users/sachingopalakrishnan/FINTRACE/sentinel-app/node_modules/@img/sharp-linux-arm64'
2575 silly reify ]
2576 verbose reify failed optional dependency /Users/sachingopalakrishnan/FINTRACE/sentinel-app/node_modules/@img/sharp-linux-arm
2577 silly reify mark deleted [
2577 silly reify   '/Users/sachingopalakrishnan/FINTRACE/sentinel-app/node_modules/@img/sharp-linux-arm'
2577 silly reify ]
2578 verbose reify failed optional dependency /Users/sachingopalakrishnan/FINTRACE/sentinel-app/node_modules/@img/sharp-libvips-linuxmusl-x64
2579 silly reify mark deleted [
2579 silly reify   '/Users/sachingopalakrishnan/FINTRACE/sentinel-app/node_modules/@img/sharp-libvips-linuxmusl-x64'
2579 silly reify ]
2580 verbose reify failed optional dependency /Users/sachingopalakrishnan/FINTRACE/sentinel-app/node_modules/@img/sharp-libvips-linuxmusl-arm64
2581 silly reify mark deleted [
2581 silly reify   '/Users/sachingopalakrishnan/FINTRACE/sentinel-app/node_modules/@img/sharp-libvips-linuxmusl-arm64'
2581 silly reify ]
2582 verbose reify failed optional dependency /Users/sachingopalakrishnan/FINTRACE/sentinel-app/node_modules/@img/sharp-libvips-linux-x64
2583 silly reify mark deleted [
2583 silly reify   '/Users/sachingopalakrishnan/FINTRACE/sentinel-app/node_modules/@img/sharp-libvips-linux-x64'
2583 silly reify ]
2584 verbose reify failed optional dependency /Users/sachingopalakrishnan/FINTRACE/sentinel-app/node_modules/@img/sharp-libvips-linux-s390x
2585 silly reify mark deleted [
2585 silly reify   '/Users/sachingopalakrishnan/FINTRACE/sentinel-app/node_modules/@img/sharp-libvips-linux-s390x'
2585 silly reify ]
2586 verbose reify failed optional dependency /Users/sachingopalakrishnan/FINTRACE/sentinel-app/node_modules/@img/sharp-libvips-linux-riscv64
2587 silly reify mark deleted [
2587 silly reify   '/Users/sachingopalakrishnan/FINTRACE/sentinel-app/node_modules/@img/sharp-libvips-linux-riscv64'
2587 silly reify ]
2588 verbose reify failed optional dependency /Users/sachingopalakrishnan/FINTRACE/sentinel-app/node_modules/@img/sharp-libvips-linux-ppc64
2589 silly reify mark deleted [
2589 silly reify   '/Users/sachingopalakrishnan/FINTRACE/sentinel-app/node_modules/@img/sharp-libvips-linux-ppc64'
2589 silly reify ]
2590 verbose reify failed optional dependency /Users/sachingopalakrishnan/FINTRACE/sentinel-app/node_modules/@img/sharp-libvips-linux-arm64
2591 silly reify mark deleted [
2591 silly reify   '/Users/sachingopalakrishnan/FINTRACE/sentinel-app/node_modules/@img/sharp-libvips-linux-arm64'
2591 silly reify ]
2592 verbose reify failed optional dependency /Users/sachingopalakrishnan/FINTRACE/sentinel-app/node_modules/@img/sharp-libvips-linux-arm
2593 silly reify mark deleted [
2593 silly reify   '/Users/sachingopalakrishnan/FINTRACE/sentinel-app/node_modules/@img/sharp-libvips-linux-arm'
2593 silly reify ]
2594 verbose reify failed optional dependency /Users/sachingopalakrishnan/FINTRACE/sentinel-app/node_modules/@img/sharp-libvips-darwin-x64
2595 silly reify mark deleted [
2595 silly reify   '/Users/sachingopalakrishnan/FINTRACE/sentinel-app/node_modules/@img/sharp-libvips-darwin-x64'
2595 silly reify ]
2596 verbose reify failed optional dependency /Users/sachingopalakrishnan/FINTRACE/sentinel-app/node_modules/@img/sharp-freebsd-wasm32
2597 silly reify mark deleted [
2597 silly reify   '/Users/sachingopalakrishnan/FINTRACE/sentinel-app/node_modules/@img/sharp-freebsd-wasm32'
2597 silly reify ]
2598 verbose reify failed optional dependency /Users/sachingopalakrishnan/FINTRACE/sentinel-app/node_modules/@img/sharp-darwin-x64
2599 silly reify mark deleted [
2599 silly reify   '/Users/sachingopalakrishnan/FINTRACE/sentinel-app/node_modules/@img/sharp-darwin-x64'
2599 silly reify ]
2600 verbose reify failed optional dependency /Users/sachingopalakrishnan/FINTRACE/sentinel-app/node_modules/@next/swc-win32-x64-msvc
2601 silly reify mark deleted [
2601 silly reify   '/Users/sachingopalakrishnan/FINTRACE/sentinel-app/node_modules/@next/swc-win32-x64-msvc'
2601 silly reify ]
2602 verbose reify failed optional dependency /Users/sachingopalakrishnan/FINTRACE/sentinel-app/node_modules/@next/swc-win32-arm64-msvc
2603 silly reify mark deleted [
2603 silly reify   '/Users/sachingopalakrishnan/FINTRACE/sentinel-app/node_modules/@next/swc-win32-arm64-msvc'
2603 silly reify ]
2604 verbose reify failed optional dependency /Users/sachingopalakrishnan/FINTRACE/sentinel-app/node_modules/@next/swc-linux-x64-musl
2605 silly reify mark deleted [
2605 silly reify   '/Users/sachingopalakrishnan/FINTRACE/sentinel-app/node_modules/@next/swc-linux-x64-musl'
2605 silly reify ]
2606 verbose reify failed optional dependency /Users/sachingopalakrishnan/FINTRACE/sentinel-app/node_modules/@next/swc-linux-x64-gnu
2607 silly reify mark deleted [
2607 silly reify   '/Users/sachingopalakrishnan/FINTRACE/sentinel-app/node_modules/@next/swc-linux-x64-gnu'
2607 silly reify ]
2608 verbose reify failed optional dependency /Users/sachingopalakrishnan/FINTRACE/sentinel-app/node_modules/@next/swc-linux-arm64-musl
2609 silly reify mark deleted [
2609 silly reify   '/Users/sachingopalakrishnan/FINTRACE/sentinel-app/node_modules/@next/swc-linux-arm64-musl'
2609 silly reify ]
2610 verbose reify failed optional dependency /Users/sachingopalakrishnan/FINTRACE/sentinel-app/node_modules/@next/swc-linux-arm64-gnu
2611 silly reify mark deleted [
2611 silly reify   '/Users/sachingopalakrishnan/FINTRACE/sentinel-app/node_modules/@next/swc-linux-arm64-gnu'
2611 silly reify ]
2612 verbose reify failed optional dependency /Users/sachingopalakrishnan/FINTRACE/sentinel-app/node_modules/@next/swc-darwin-x64
2613 silly reify mark deleted [
2613 silly reify   '/Users/sachingopalakrishnan/FINTRACE/sentinel-app/node_modules/@next/swc-darwin-x64'
2613 silly reify ]
2614 verbose reify failed optional dependency /Users/sachingopalakrishnan/FINTRACE/sentinel-app/node_modules/lightningcss-win32-x64-msvc
2615 silly reify mark deleted [
2615 silly reify   '/Users/sachingopalakrishnan/FINTRACE/sentinel-app/node_modules/lightningcss-win32-x64-msvc'
2615 silly reify ]
2616 verbose reify failed optional dependency /Users/sachingopalakrishnan/FINTRACE/sentinel-app/node_modules/lightningcss-win32-arm64-msvc
2617 silly reify mark deleted [
2617 silly reify   '/Users/sachingopalakrishnan/FINTRACE/sentinel-app/node_modules/lightningcss-win32-arm64-msvc'
2617 silly reify ]
2618 verbose reify failed optional dependency /Users/sachingopalakrishnan/FINTRACE/sentinel-app/node_modules/lightningcss-linux-x64-musl
2619 silly reify mark deleted [
2619 silly reify   '/Users/sachingopalakrishnan/FINTRACE/sentinel-app/node_modules/lightningcss-linux-x64-musl'
2619 silly reify ]
2620 verbose reify failed optional dependency /Users/sachingopalakrishnan/FINTRACE/sentinel-app/node_modules/lightningcss-linux-x64-gnu
2621 silly reify mark deleted [
2621 silly reify   '/Users/sachingopalakrishnan/FINTRACE/sentinel-app/node_modules/lightningcss-linux-x64-gnu'
2621 silly reify ]
2622 verbose reify failed optional dependency /Users/sachingopalakrishnan/FINTRACE/sentinel-app/node_modules/lightningcss-linux-arm64-musl
2623 silly reify mark deleted [
2623 silly reify   '/Users/sachingopalakrishnan/FINTRACE/sentinel-app/node_modules/lightningcss-linux-arm64-musl'
2623 silly reify ]
2624 verbose reify failed optional dependency /Users/sachingopalakrishnan/FINTRACE/sentinel-app/node_modules/lightningcss-linux-arm64-gnu
2625 silly reify mark deleted [
2625 silly reify   '/Users/sachingopalakrishnan/FINTRACE/sentinel-app/node_modules/lightningcss-linux-arm64-gnu'
2625 silly reify ]
2626 verbose reify failed optional dependency /Users/sachingopalakrishnan/FINTRACE/sentinel-app/node_modules/lightningcss-linux-arm-gnueabihf
2627 silly reify mark deleted [
2627 silly reify   '/Users/sachingopalakrishnan/FINTRACE/sentinel-app/node_modules/lightningcss-linux-arm-gnueabihf'
2627 silly reify ]
2628 verbose reify failed optional dependency /Users/sachingopalakrishnan/FINTRACE/sentinel-app/node_modules/lightningcss-freebsd-x64
2629 silly reify mark deleted [
2629 silly reify   '/Users/sachingopalakrishnan/FINTRACE/sentinel-app/node_modules/lightningcss-freebsd-x64'
2629 silly reify ]
2630 verbose reify failed optional dependency /Users/sachingopalakrishnan/FINTRACE/sentinel-app/node_modules/lightningcss-darwin-x64
2631 silly reify mark deleted [
2631 silly reify   '/Users/sachingopalakrishnan/FINTRACE/sentinel-app/node_modules/lightningcss-darwin-x64'
2631 silly reify ]
2632 verbose reify failed optional dependency /Users/sachingopalakrishnan/FINTRACE/sentinel-app/node_modules/lightningcss-android-arm64
2633 silly reify mark deleted [
2633 silly reify   '/Users/sachingopalakrishnan/FINTRACE/sentinel-app/node_modules/lightningcss-android-arm64'
2633 silly reify ]
2634 verbose reify failed optional dependency /Users/sachingopalakrishnan/FINTRACE/sentinel-app/node_modules/@tailwindcss/oxide-win32-x64-msvc
2635 silly reify mark deleted [
2635 silly reify   '/Users/sachingopalakrishnan/FINTRACE/sentinel-app/node_modules/@tailwindcss/oxide-win32-x64-msvc'
2635 silly reify ]
2636 verbose reify failed optional dependency /Users/sachingopalakrishnan/FINTRACE/sentinel-app/node_modules/@tailwindcss/oxide-win32-arm64-msvc
2637 silly reify mark deleted [
2637 silly reify   '/Users/sachingopalakrishnan/FINTRACE/sentinel-app/node_modules/@tailwindcss/oxide-win32-arm64-msvc'
2637 silly reify ]
2638 verbose reify failed optional dependency /Users/sachingopalakrishnan/FINTRACE/sentinel-app/node_modules/@tailwindcss/oxide-linux-x64-musl
2639 silly reify mark deleted [
2639 silly reify   '/Users/sachingopalakrishnan/FINTRACE/sentinel-app/node_modules/@tailwindcss/oxide-linux-x64-musl'
2639 silly reify ]
2640 verbose reify failed optional dependency /Users/sachingopalakrishnan/FINTRACE/sentinel-app/node_modules/@tailwindcss/oxide-linux-x64-gnu
2641 silly reify mark deleted [
2641 silly reify   '/Users/sachingopalakrishnan/FINTRACE/sentinel-app/node_modules/@tailwindcss/oxide-linux-x64-gnu'
2641 silly reify ]
2642 verbose reify failed optional dependency /Users/sachingopalakrishnan/FINTRACE/sentinel-app/node_modules/@tailwindcss/oxide-linux-arm64-musl
2643 silly reify mark deleted [
2643 silly reify   '/Users/sachingopalakrishnan/FINTRACE/sentinel-app/node_modules/@tailwindcss/oxide-linux-arm64-musl'
2643 silly reify ]
2644 verbose reify failed optional dependency /Users/sachingopalakrishnan/FINTRACE/sentinel-app/node_modules/@tailwindcss/oxide-linux-arm64-gnu
2645 silly reify mark deleted [
2645 silly reify   '/Users/sachingopalakrishnan/FINTRACE/sentinel-app/node_modules/@tailwindcss/oxide-linux-arm64-gnu'
2645 silly reify ]
2646 verbose reify failed optional dependency /Users/sachingopalakrishnan/FINTRACE/sentinel-app/node_modules/@tailwindcss/oxide-linux-arm-gnueabihf
2647 silly reify mark deleted [
2647 silly reify   '/Users/sachingopalakrishnan/FINTRACE/sentinel-app/node_modules/@tailwindcss/oxide-linux-arm-gnueabihf'
2647 silly reify ]
2648 verbose reify failed optional dependency /Users/sachingopalakrishnan/FINTRACE/sentinel-app/node_modules/@tailwindcss/oxide-freebsd-x64
2649 silly reify mark deleted [
2649 silly reify   '/Users/sachingopalakrishnan/FINTRACE/sentinel-app/node_modules/@tailwindcss/oxide-freebsd-x64'
2649 silly reify ]
2650 verbose reify failed optional dependency /Users/sachingopalakrishnan/FINTRACE/sentinel-app/node_modules/@tailwindcss/oxide-darwin-x64
2651 silly reify mark deleted [
2651 silly reify   '/Users/sachingopalakrishnan/FINTRACE/sentinel-app/node_modules/@tailwindcss/oxide-darwin-x64'
2651 silly reify ]
2652 verbose reify failed optional dependency /Users/sachingopalakrishnan/FINTRACE/sentinel-app/node_modules/@tailwindcss/oxide-android-arm64
2653 silly reify mark deleted [
2653 silly reify   '/Users/sachingopalakrishnan/FINTRACE/sentinel-app/node_modules/@tailwindcss/oxide-android-arm64'
2653 silly reify ]
2654 http cache is-map@https://registry.npmjs.org/is-map/-/is-map-2.0.3.tgz 0ms (cache hit)
2655 http cache is-weakmap@https://registry.npmjs.org/is-weakmap/-/is-weakmap-2.0.2.tgz 0ms (cache hit)
2656 http cache generator-function@https://registry.npmjs.org/generator-function/-/generator-function-2.0.1.tgz 0ms (cache hit)
2657 http cache which-collection@https://registry.npmjs.org/which-collection/-/which-collection-1.0.2.tgz 0ms (cache hit)
2658 http cache async-function@https://registry.npmjs.org/async-function/-/async-function-1.0.0.tgz 0ms (cache hit)
2659 http cache is-finalizationregistry@https://registry.npmjs.org/is-finalizationregistry/-/is-finalizationregistry-1.1.1.tgz 0ms (cache hit)
2660 http cache is-generator-function@https://registry.npmjs.org/is-generator-function/-/is-generator-function-1.1.2.tgz 1ms (cache hit)
2661 http cache is-weakset@https://registry.npmjs.org/is-weakset/-/is-weakset-2.0.4.tgz 0ms (cache hit)
2662 http cache is-async-function@https://registry.npmjs.org/is-async-function/-/is-async-function-2.1.1.tgz 0ms (cache hit)
2663 http cache is-boolean-object@https://registry.npmjs.org/is-boolean-object/-/is-boolean-object-1.2.2.tgz 0ms (cache hit)
2664 http cache is-bigint@https://registry.npmjs.org/is-bigint/-/is-bigint-1.1.0.tgz 0ms (cache hit)
2665 http cache punycode@https://registry.npmjs.org/punycode/-/punycode-2.3.1.tgz 0ms (cache hit)
2666 http cache isexe@https://registry.npmjs.org/isexe/-/isexe-2.0.0.tgz 0ms (cache hit)
2667 http cache is-number-object@https://registry.npmjs.org/is-number-object/-/is-number-object-1.1.1.tgz 0ms (cache hit)
2668 http cache @tybys/wasm-util@https://registry.npmjs.org/@tybys/wasm-util/-/wasm-util-0.10.3.tgz 0ms (cache hit)
2669 http cache napi-postinstall@https://registry.npmjs.org/napi-postinstall/-/napi-postinstall-0.3.4.tgz 0ms (cache hit)
2670 http cache @emnapi/core@https://registry.npmjs.org/@emnapi/core/-/core-1.10.0.tgz 0ms (cache hit)
2671 http cache escalade@https://registry.npmjs.org/escalade/-/escalade-3.2.0.tgz 0ms (cache hit)
2672 http cache @unrs/resolver-binding-darwin-arm64@https://registry.npmjs.org/@unrs/resolver-binding-darwin-arm64/-/resolver-binding-darwin-arm64-1.12.2.tgz 0ms (cache hit)
2673 http cache @typescript-eslint/tsconfig-utils@https://registry.npmjs.org/@typescript-eslint/tsconfig-utils/-/tsconfig-utils-8.68.0.tgz 0ms (cache hit)
2674 http cache @napi-rs/wasm-runtime@https://registry.npmjs.org/@napi-rs/wasm-runtime/-/wasm-runtime-1.2.3.tgz 0ms (cache hit)
2675 http cache which-boxed-primitive@https://registry.npmjs.org/which-boxed-primitive/-/which-boxed-primitive-1.1.1.tgz 0ms (cache hit)
2676 http cache has-bigints@https://registry.npmjs.org/has-bigints/-/has-bigints-1.1.0.tgz 0ms (cache hit)
2677 http cache @typescript-eslint/project-service@https://registry.npmjs.org/@typescript-eslint/project-service/-/project-service-8.68.0.tgz 0ms (cache hit)
2678 http cache @emnapi/wasi-threads@https://registry.npmjs.org/@emnapi/wasi-threads/-/wasi-threads-1.2.1.tgz 0ms (cache hit)
2679 http cache @typescript-eslint/type-utils@https://registry.npmjs.org/@typescript-eslint/type-utils/-/type-utils-8.68.0.tgz 0ms (cache hit)
2680 http cache ts-api-utils@https://registry.npmjs.org/ts-api-utils/-/ts-api-utils-2.5.0.tgz 0ms (cache hit)
2681 http cache @typescript-eslint/visitor-keys@https://registry.npmjs.org/@typescript-eslint/visitor-keys/-/visitor-keys-8.68.0.tgz 0ms (cache hit)
2682 http cache @typescript-eslint/utils@https://registry.npmjs.org/@typescript-eslint/utils/-/utils-8.68.0.tgz 0ms (cache hit)
2683 http cache @typescript-eslint/typescript-estree@https://registry.npmjs.org/@typescript-eslint/typescript-estree/-/typescript-estree-8.68.0.tgz 0ms (cache hit)
2684 http cache @typescript-eslint/parser@https://registry.npmjs.org/@typescript-eslint/parser/-/parser-8.68.0.tgz 0ms (cache hit)
2685 http cache @typescript-eslint/types@https://registry.npmjs.org/@typescript-eslint/types/-/types-8.68.0.tgz 0ms (cache hit)
2686 http cache @typescript-eslint/eslint-plugin@https://registry.npmjs.org/@typescript-eslint/eslint-plugin/-/eslint-plugin-8.68.0.tgz 0ms (cache hit)
2687 http cache for-each@https://registry.npmjs.org/for-each/-/for-each-0.3.5.tgz 0ms (cache hit)
2688 http cache reflect.getprototypeof@https://registry.npmjs.org/reflect.getprototypeof/-/reflect.getprototypeof-1.0.10.tgz 0ms (cache hit)
2689 http cache which-builtin-type@https://registry.npmjs.org/which-builtin-type/-/which-builtin-type-1.2.1.tgz 0ms (cache hit)
2690 http cache minimist@https://registry.npmjs.org/minimist/-/minimist-1.2.8.tgz 0ms (cache hit)
2691 http cache has-flag@https://registry.npmjs.org/has-flag/-/has-flag-4.0.0.tgz 0ms (cache hit)
2692 http cache @typescript-eslint/scope-manager@https://registry.npmjs.org/@typescript-eslint/scope-manager/-/scope-manager-8.68.0.tgz 0ms (cache hit)
2693 http cache strip-bom@https://registry.npmjs.org/strip-bom/-/strip-bom-3.0.0.tgz 0ms (cache hit)
2694 http cache is-number@https://registry.npmjs.org/is-number/-/is-number-7.0.0.tgz 0ms (cache hit)
2695 http cache @types/json5@https://registry.npmjs.org/@types/json5/-/json5-0.0.29.tgz 0ms (cache hit)
2696 http cache side-channel-weakmap@https://registry.npmjs.org/side-channel-weakmap/-/side-channel-weakmap-1.0.2.tgz 0ms (cache hit)
2697 http cache side-channel-map@https://registry.npmjs.org/side-channel-map/-/side-channel-map-1.0.1.tgz 0ms (cache hit)
2698 http cache shebang-regex@https://registry.npmjs.org/shebang-regex/-/shebang-regex-3.0.0.tgz 0ms (cache hit)
2699 http cache client-only@https://registry.npmjs.org/client-only/-/client-only-0.0.1.tgz 0ms (cache hit)
2700 http cache side-channel-list@https://registry.npmjs.org/side-channel-list/-/side-channel-list-1.0.1.tgz 0ms (cache hit)
2701 http cache @emnapi/runtime@https://registry.npmjs.org/@emnapi/runtime/-/runtime-1.11.3.tgz 0ms (cache hit)
2702 http cache @img/sharp-wasm32@https://registry.npmjs.org/@img/sharp-wasm32/-/sharp-wasm32-0.35.4.tgz 0ms (cache hit)
2703 http cache @img/sharp-darwin-arm64@https://registry.npmjs.org/@img/sharp-darwin-arm64/-/sharp-darwin-arm64-0.35.4.tgz 0ms (cache hit)
2704 http cache isarray@https://registry.npmjs.org/isarray/-/isarray-2.0.5.tgz 0ms (cache hit)
2705 http cache @img/sharp-libvips-darwin-arm64@https://registry.npmjs.org/@img/sharp-libvips-darwin-arm64/-/sharp-libvips-darwin-arm64-1.3.3.tgz 0ms (cache hit)
2706 http cache @img/colour@https://registry.npmjs.org/@img/colour/-/colour-1.1.0.tgz 0ms (cache hit)
2707 http cache queue-microtask@https://registry.npmjs.org/queue-microtask/-/queue-microtask-1.2.3.tgz 0ms (cache hit)
2708 http cache path-parse@https://registry.npmjs.org/path-parse/-/path-parse-1.0.7.tgz 0ms (cache hit)
2709 http cache supports-preserve-symlinks-flag@https://registry.npmjs.org/supports-preserve-symlinks-flag/-/supports-preserve-symlinks-flag-1.0.0.tgz 0ms (cache hit)
2710 http cache scheduler@https://registry.npmjs.org/scheduler/-/scheduler-0.27.0.tgz 0ms (cache hit)
2711 http cache node-exports-info@https://registry.npmjs.org/node-exports-info/-/node-exports-info-1.6.2.tgz 0ms (cache hit)
2712 http cache react-is@https://registry.npmjs.org/react-is/-/react-is-16.13.1.tgz 0ms (cache hit)
2713 http cache object-assign@https://registry.npmjs.org/object-assign/-/object-assign-4.1.1.tgz 0ms (cache hit)
2714 http cache callsites@https://registry.npmjs.org/callsites/-/callsites-3.1.0.tgz 0ms (cache hit)
2715 http cache loose-envify@https://registry.npmjs.org/loose-envify/-/loose-envify-1.4.0.tgz 0ms (cache hit)
2716 http cache nanoid@https://registry.npmjs.org/nanoid/-/nanoid-3.3.18.tgz 0ms (cache hit)
2717 http cache yocto-queue@https://registry.npmjs.org/yocto-queue/-/yocto-queue-0.1.0.tgz 0ms (cache hit)
2718 http cache fast-levenshtein@https://registry.npmjs.org/fast-levenshtein/-/fast-levenshtein-2.0.6.tgz 0ms (cache hit)
2719 http cache word-wrap@https://registry.npmjs.org/word-wrap/-/word-wrap-1.2.5.tgz 0ms (cache hit)
2720 http cache p-limit@https://registry.npmjs.org/p-limit/-/p-limit-3.1.0.tgz 0ms (cache hit)
2721 http cache tslib@https://registry.npmjs.org/tslib/-/tslib-2.8.1.tgz 0ms (cache hit)
2722 http cache deep-is@https://registry.npmjs.org/deep-is/-/deep-is-0.1.4.tgz 0ms (cache hit)
2723 http cache styled-jsx@https://registry.npmjs.org/styled-jsx/-/styled-jsx-5.1.6.tgz 0ms (cache hit)
2724 http cache @swc/helpers@https://registry.npmjs.org/@swc/helpers/-/helpers-0.5.23.tgz 0ms (cache hit)
2725 http cache @next/env@https://registry.npmjs.org/@next/env/-/env-16.3.3.tgz 0ms (cache hit)
2726 http cache balanced-match@https://registry.npmjs.org/balanced-match/-/balanced-match-1.0.2.tgz 0ms (cache hit)
2727 http cache @next/swc-darwin-arm64@https://registry.npmjs.org/@next/swc-darwin-arm64/-/swc-darwin-arm64-16.3.3.tgz 0ms (cache hit)
2728 http cache brace-expansion@https://registry.npmjs.org/brace-expansion/-/brace-expansion-1.1.18.tgz 0ms (cache hit)
2729 http cache concat-map@https://registry.npmjs.org/concat-map/-/concat-map-0.0.1.tgz 0ms (cache hit)
2730 http cache yallist@https://registry.npmjs.org/yallist/-/yallist-3.1.1.tgz 0ms (cache hit)
2731 http cache sharp@https://registry.npmjs.org/sharp/-/sharp-0.35.4.tgz 0ms (cache hit)
2732 http cache braces@https://registry.npmjs.org/braces/-/braces-3.0.3.tgz 0ms (cache hit)
2733 http cache p-locate@https://registry.npmjs.org/p-locate/-/p-locate-5.0.0.tgz 0ms (cache hit)
2734 http cache fill-range@https://registry.npmjs.org/fill-range/-/fill-range-7.1.1.tgz 0ms (cache hit)
2735 http cache to-regex-range@https://registry.npmjs.org/to-regex-range/-/to-regex-range-5.0.1.tgz 0ms (cache hit)
2736 http cache lightningcss-darwin-arm64@https://registry.npmjs.org/lightningcss-darwin-arm64/-/lightningcss-darwin-arm64-1.32.0.tgz 0ms (cache hit)
2737 http cache picomatch@https://registry.npmjs.org/picomatch/-/picomatch-2.3.2.tgz 0ms (cache hit)
2738 http cache detect-libc@https://registry.npmjs.org/detect-libc/-/detect-libc-2.1.2.tgz 0ms (cache hit)
2739 http cache prelude-ls@https://registry.npmjs.org/prelude-ls/-/prelude-ls-1.2.1.tgz 0ms (cache hit)
2740 http cache type-check@https://registry.npmjs.org/type-check/-/type-check-0.4.0.tgz 0ms (cache hit)
2741 http cache json-buffer@https://registry.npmjs.org/json-buffer/-/json-buffer-3.0.1.tgz 0ms (cache hit)
2742 http cache language-subtag-registry@https://registry.npmjs.org/language-subtag-registry/-/language-subtag-registry-0.3.23.tgz 0ms (cache hit)
2743 http cache set-function-name@https://registry.npmjs.org/set-function-name/-/set-function-name-2.0.2.tgz 0ms (cache hit)
2744 http cache is-extglob@https://registry.npmjs.org/is-extglob/-/is-extglob-2.1.1.tgz 0ms (cache hit)
2745 http cache side-channel@https://registry.npmjs.org/side-channel/-/side-channel-1.1.1.tgz 0ms (cache hit)
2746 http cache argparse@https://registry.npmjs.org/argparse/-/argparse-2.0.1.tgz 0ms (cache hit)
2747 http cache parent-module@https://registry.npmjs.org/parent-module/-/parent-module-1.0.1.tgz 0ms (cache hit)
2748 http cache resolve-from@https://registry.npmjs.org/resolve-from/-/resolve-from-4.0.0.tgz 0ms (cache hit)
2749 http cache resolve-pkg-maps@https://registry.npmjs.org/resolve-pkg-maps/-/resolve-pkg-maps-1.0.0.tgz 0ms (cache hit)
2750 http cache dunder-proto@https://registry.npmjs.org/dunder-proto/-/dunder-proto-1.0.1.tgz 0ms (cache hit)
2751 http cache is-document.all@https://registry.npmjs.org/is-document.all/-/is-document.all-1.0.0.tgz 0ms (cache hit)
2752 http cache functions-have-names@https://registry.npmjs.org/functions-have-names/-/functions-have-names-1.2.3.tgz 0ms (cache hit)
2753 http cache hermes-estree@https://registry.npmjs.org/hermes-estree/-/hermes-estree-0.25.1.tgz 0ms (cache hit)
2754 http cache path-exists@https://registry.npmjs.org/path-exists/-/path-exists-4.0.0.tgz 0ms (cache hit)
2755 http cache locate-path@https://registry.npmjs.org/locate-path/-/locate-path-6.0.0.tgz 0ms (cache hit)
2756 http cache reusify@https://registry.npmjs.org/reusify/-/reusify-1.1.0.tgz 0ms (cache hit)
2757 http cache flat-cache@https://registry.npmjs.org/flat-cache/-/flat-cache-4.0.1.tgz 0ms (cache hit)
2758 http cache run-parallel@https://registry.npmjs.org/run-parallel/-/run-parallel-1.2.0.tgz 0ms (cache hit)
2759 http cache keyv@https://registry.npmjs.org/keyv/-/keyv-4.5.4.tgz 0ms (cache hit)
2760 http cache @nodelib/fs.scandir@https://registry.npmjs.org/@nodelib/fs.scandir/-/fs.scandir-2.1.5.tgz 0ms (cache hit)
2761 http cache flatted@https://registry.npmjs.org/flatted/-/flatted-3.4.4.tgz 0ms (cache hit)
2762 http cache fastq@https://registry.npmjs.org/fastq/-/fastq-1.20.2.tgz 0ms (cache hit)
2763 http cache @nodelib/fs.walk@https://registry.npmjs.org/@nodelib/fs.walk/-/fs.walk-1.2.8.tgz 0ms (cache hit)
2764 http cache micromatch@https://registry.npmjs.org/micromatch/-/micromatch-4.0.8.tgz 0ms (cache hit)
2765 http cache merge2@https://registry.npmjs.org/merge2/-/merge2-1.4.1.tgz 0ms (cache hit)
2766 http cache acorn-jsx@https://registry.npmjs.org/acorn-jsx/-/acorn-jsx-5.3.2.tgz 0ms (cache hit)
2767 http cache @nodelib/fs.stat@https://registry.npmjs.org/@nodelib/fs.stat/-/fs.stat-2.0.5.tgz 0ms (cache hit)
2768 http cache esrecurse@https://registry.npmjs.org/esrecurse/-/esrecurse-4.3.0.tgz 0ms (cache hit)
2769 http cache acorn@https://registry.npmjs.org/acorn/-/acorn-8.18.0.tgz 0ms (cache hit)
2770 http cache update-browserslist-db@https://registry.npmjs.org/update-browserslist-db/-/update-browserslist-db-1.3.2.tgz 0ms (cache hit)
2771 http cache electron-to-chromium@https://registry.npmjs.org/electron-to-chromium/-/electron-to-chromium-1.5.416.tgz 0ms (cache hit)
2772 http cache caniuse-lite@https://registry.npmjs.org/caniuse-lite/-/caniuse-lite-1.0.30001810.tgz 0ms (cache hit)
2773 http cache @babel/helper-string-parser@https://registry.npmjs.org/@babel/helper-string-parser/-/helper-string-parser-7.29.7.tgz 0ms (cache hit)
2774 http cache node-releases@https://registry.npmjs.org/node-releases/-/node-releases-2.0.54.tgz 0ms (cache hit)
2775 http cache @babel/helper-globals@https://registry.npmjs.org/@babel/helper-globals/-/helper-globals-7.29.7.tgz 0ms (cache hit)
2776 http cache @babel/helper-module-imports@https://registry.npmjs.org/@babel/helper-module-imports/-/helper-module-imports-7.29.7.tgz 0ms (cache hit)
2777 http cache lru-cache@https://registry.npmjs.org/lru-cache/-/lru-cache-5.1.1.tgz 0ms (cache hit)
2778 http cache baseline-browser-mapping@https://registry.npmjs.org/baseline-browser-mapping/-/baseline-browser-mapping-2.11.20.tgz 0ms (cache hit)
2779 http cache @babel/helper-validator-option@https://registry.npmjs.org/@babel/helper-validator-option/-/helper-validator-option-7.29.7.tgz 0ms (cache hit)
2780 http cache jsesc@https://registry.npmjs.org/jsesc/-/jsesc-3.1.0.tgz 0ms (cache hit)
2781 http cache @babel/compat-data@https://registry.npmjs.org/@babel/compat-data/-/compat-data-7.29.7.tgz 0ms (cache hit)
2782 http cache picocolors@https://registry.npmjs.org/picocolors/-/picocolors-1.1.1.tgz 0ms (cache hit)
2783 http cache @babel/helper-validator-identifier@https://registry.npmjs.org/@babel/helper-validator-identifier/-/helper-validator-identifier-7.29.7.tgz 0ms (cache hit)
2784 http cache json5@https://registry.npmjs.org/json5/-/json5-2.2.3.tgz 0ms (cache hit)
2785 http cache convert-source-map@https://registry.npmjs.org/convert-source-map/-/convert-source-map-2.0.0.tgz 0ms (cache hit)
2786 http cache gensync@https://registry.npmjs.org/gensync/-/gensync-1.0.0-beta.2.tgz 0ms (cache hit)
2787 http cache js-tokens@https://registry.npmjs.org/js-tokens/-/js-tokens-4.0.0.tgz 0ms (cache hit)
2788 http cache @babel/template@https://registry.npmjs.org/@babel/template/-/template-7.29.7.tgz 0ms (cache hit)
2789 http cache @babel/helpers@https://registry.npmjs.org/@babel/helpers/-/helpers-7.29.7.tgz 0ms (cache hit)
2790 http cache @babel/helper-module-transforms@https://registry.npmjs.org/@babel/helper-module-transforms/-/helper-module-transforms-7.29.7.tgz 0ms (cache hit)
2791 http cache browserslist@https://registry.npmjs.org/browserslist/-/browserslist-4.28.8.tgz 0ms (cache hit)
2792 http cache @babel/traverse@https://registry.npmjs.org/@babel/traverse/-/traverse-7.29.8.tgz 0ms (cache hit)
2793 http cache @babel/helper-compilation-targets@https://registry.npmjs.org/@babel/helper-compilation-targets/-/helper-compilation-targets-7.29.7.tgz 0ms (cache hit)
2794 http cache @babel/generator@https://registry.npmjs.org/@babel/generator/-/generator-7.29.8.tgz 0ms (cache hit)
2795 http cache @babel/types@https://registry.npmjs.org/@babel/types/-/types-7.29.8.tgz 0ms (cache hit)
2796 http cache zod@https://registry.npmjs.org/zod/-/zod-4.4.3.tgz 0ms (cache hit)
2797 http cache hermes-parser@https://registry.npmjs.org/hermes-parser/-/hermes-parser-0.25.1.tgz 0ms (cache hit)
2798 http cache @babel/core@https://registry.npmjs.org/@babel/core/-/core-7.29.7.tgz 0ms (cache hit)
2799 http cache string.prototype.repeat@https://registry.npmjs.org/string.prototype.repeat/-/string.prototype.repeat-1.0.0.tgz 0ms (cache hit)
2800 http cache zod-validation-error@https://registry.npmjs.org/zod-validation-error/-/zod-validation-error-4.0.2.tgz 0ms (cache hit)
2801 http cache iterator.prototype@https://registry.npmjs.org/iterator.prototype/-/iterator.prototype-1.1.5.tgz 0ms (cache hit)
2802 http cache string.prototype.matchall@https://registry.npmjs.org/string.prototype.matchall/-/string.prototype.matchall-4.0.12.tgz 0ms (cache hit)
2803 http cache object.entries@https://registry.npmjs.org/object.entries/-/object.entries-1.1.9.tgz 0ms (cache hit)
2804 http cache @babel/code-frame@https://registry.npmjs.org/@babel/code-frame/-/code-frame-7.29.7.tgz 0ms (cache hit)
2805 http cache prop-types@https://registry.npmjs.org/prop-types/-/prop-types-15.8.1.tgz 0ms (cache hit)
2806 http cache estraverse@https://registry.npmjs.org/estraverse/-/estraverse-5.3.0.tgz 0ms (cache hit)
2807 http cache @babel/parser@https://registry.npmjs.org/@babel/parser/-/parser-7.29.8.tgz 0ms (cache hit)
2808 http cache es-iterator-helpers@https://registry.npmjs.org/es-iterator-helpers/-/es-iterator-helpers-1.4.0.tgz 0ms (cache hit)
2809 http cache array.prototype.findlast@https://registry.npmjs.org/array.prototype.findlast/-/array.prototype.findlast-1.2.5.tgz 0ms (cache hit)
2810 http cache array.prototype.tosorted@https://registry.npmjs.org/array.prototype.tosorted/-/array.prototype.tosorted-1.1.4.tgz 0ms (cache hit)
2811 http cache language-tags@https://registry.npmjs.org/language-tags/-/language-tags-1.0.9.tgz 0ms (cache hit)
2812 http cache jsx-ast-utils@https://registry.npmjs.org/jsx-ast-utils/-/jsx-ast-utils-3.3.5.tgz 0ms (cache hit)
2813 http cache string.prototype.includes@https://registry.npmjs.org/string.prototype.includes/-/string.prototype.includes-2.0.1.tgz 0ms (cache hit)
2814 http cache emoji-regex@https://registry.npmjs.org/emoji-regex/-/emoji-regex-9.2.2.tgz 0ms (cache hit)
2815 http cache damerau-levenshtein@https://registry.npmjs.org/damerau-levenshtein/-/damerau-levenshtein-1.0.8.tgz 0ms (cache hit)
2816 http cache axe-core@https://registry.npmjs.org/axe-core/-/axe-core-4.13.0.tgz 0ms (cache hit)
2817 http cache aria-query@https://registry.npmjs.org/aria-query/-/aria-query-5.3.2.tgz 0ms (cache hit)
2818 http cache ast-types-flow@https://registry.npmjs.org/ast-types-flow/-/ast-types-flow-0.0.8.tgz 0ms (cache hit)
2819 http cache axobject-query@https://registry.npmjs.org/axobject-query/-/axobject-query-4.1.0.tgz 0ms (cache hit)
2820 http cache possible-typed-array-names@https://registry.npmjs.org/possible-typed-array-names/-/possible-typed-array-names-1.1.0.tgz 0ms (cache hit)
2821 http cache is-symbol@https://registry.npmjs.org/is-symbol/-/is-symbol-1.1.1.tgz 0ms (cache hit)
2822 http cache is-date-object@https://registry.npmjs.org/is-date-object/-/is-date-object-1.1.0.tgz 0ms (cache hit)
2823 http cache which-typed-array@https://registry.npmjs.org/which-typed-array/-/which-typed-array-1.1.22.tgz 0ms (cache hit)
2824 http cache has-tostringtag@https://registry.npmjs.org/has-tostringtag/-/has-tostringtag-1.0.2.tgz 0ms (cache hit)
2825 http cache typed-array-length@https://registry.npmjs.org/typed-array-length/-/typed-array-length-1.0.8.tgz 0ms (cache hit)
2826 http cache unbox-primitive@https://registry.npmjs.org/unbox-primitive/-/unbox-primitive-1.1.0.tgz 0ms (cache hit)
2827 http cache es-abstract-get@https://registry.npmjs.org/es-abstract-get/-/es-abstract-get-1.0.0.tgz 0ms (cache hit)
2828 http cache typed-array-buffer@https://registry.npmjs.org/typed-array-buffer/-/typed-array-buffer-1.0.3.tgz 0ms (cache hit)
2829 http cache string.prototype.trim@https://registry.npmjs.org/string.prototype.trim/-/string.prototype.trim-1.2.11.tgz 0ms (cache hit)
2830 http cache stop-iteration-iterator@https://registry.npmjs.org/stop-iteration-iterator/-/stop-iteration-iterator-1.1.0.tgz 0ms (cache hit)
2831 http cache typed-array-byte-offset@https://registry.npmjs.org/typed-array-byte-offset/-/typed-array-byte-offset-1.0.4.tgz 0ms (cache hit)
2832 http cache safe-push-apply@https://registry.npmjs.org/safe-push-apply/-/safe-push-apply-1.0.0.tgz 0ms (cache hit)
2833 http cache set-proto@https://registry.npmjs.org/set-proto/-/set-proto-1.0.0.tgz 0ms (cache hit)
2834 http cache safe-array-concat@https://registry.npmjs.org/safe-array-concat/-/safe-array-concat-1.1.4.tgz 0ms (cache hit)
2835 http cache typed-array-byte-length@https://registry.npmjs.org/typed-array-byte-length/-/typed-array-byte-length-1.0.3.tgz 0ms (cache hit)
2836 http cache safe-regex-test@https://registry.npmjs.org/safe-regex-test/-/safe-regex-test-1.1.0.tgz 0ms (cache hit)
2837 http cache string.prototype.trimstart@https://registry.npmjs.org/string.prototype.trimstart/-/string.prototype.trimstart-1.0.8.tgz 0ms (cache hit)
2838 http cache own-keys@https://registry.npmjs.org/own-keys/-/own-keys-1.0.2.tgz 0ms (cache hit)
2839 http cache object-inspect@https://registry.npmjs.org/object-inspect/-/object-inspect-1.13.4.tgz 0ms (cache hit)
2840 http cache is-weakref@https://registry.npmjs.org/is-weakref/-/is-weakref-1.1.1.tgz 0ms (cache hit)
2841 http cache object.assign@https://registry.npmjs.org/object.assign/-/object.assign-4.1.7.tgz 0ms (cache hit)
2842 http cache is-typed-array@https://registry.npmjs.org/is-typed-array/-/is-typed-array-1.1.15.tgz 0ms (cache hit)
2843 http cache is-regex@https://registry.npmjs.org/is-regex/-/is-regex-1.2.1.tgz 0ms (cache hit)
2844 http cache is-set@https://registry.npmjs.org/is-set/-/is-set-2.0.3.tgz 0ms (cache hit)
2845 http cache is-data-view@https://registry.npmjs.org/is-data-view/-/is-data-view-1.0.2.tgz 0ms (cache hit)
2846 http cache is-negative-zero@https://registry.npmjs.org/is-negative-zero/-/is-negative-zero-2.0.3.tgz 0ms (cache hit)
2847 http cache regexp.prototype.flags@https://registry.npmjs.org/regexp.prototype.flags/-/regexp.prototype.flags-1.5.4.tgz 0ms (cache hit)
2848 http cache is-array-buffer@https://registry.npmjs.org/is-array-buffer/-/is-array-buffer-3.0.5.tgz 0ms (cache hit)
2849 http cache is-callable@https://registry.npmjs.org/is-callable/-/is-callable-1.2.7.tgz 0ms (cache hit)
2850 http cache is-shared-array-buffer@https://registry.npmjs.org/is-shared-array-buffer/-/is-shared-array-buffer-1.0.4.tgz 0ms (cache hit)
2851 http cache internal-slot@https://registry.npmjs.org/internal-slot/-/internal-slot-1.1.0.tgz 0ms (cache hit)
2852 http cache has-symbols@https://registry.npmjs.org/has-symbols/-/has-symbols-1.1.0.tgz 0ms (cache hit)
2853 http cache get-proto@https://registry.npmjs.org/get-proto/-/get-proto-1.0.1.tgz 0ms (cache hit)
2854 http cache has-proto@https://registry.npmjs.org/has-proto/-/has-proto-1.2.0.tgz 0ms (cache hit)
2855 http cache get-symbol-description@https://registry.npmjs.org/get-symbol-description/-/get-symbol-description-1.1.0.tgz 0ms (cache hit)
2856 http cache es-to-primitive@https://registry.npmjs.org/es-to-primitive/-/es-to-primitive-1.3.4.tgz 0ms (cache hit)
2857 http cache globalthis@https://registry.npmjs.org/globalthis/-/globalthis-1.0.4.tgz 0ms (cache hit)
2858 http cache function.prototype.name@https://registry.npmjs.org/function.prototype.name/-/function.prototype.name-1.2.0.tgz 0ms (cache hit)
2859 http cache es-set-tostringtag@https://registry.npmjs.org/es-set-tostringtag/-/es-set-tostringtag-2.1.0.tgz 0ms (cache hit)
2860 http cache data-view-byte-offset@https://registry.npmjs.org/data-view-byte-offset/-/data-view-byte-offset-1.0.1.tgz 0ms (cache hit)
2861 http cache data-view-byte-length@https://registry.npmjs.org/data-view-byte-length/-/data-view-byte-length-1.0.2.tgz 0ms (cache hit)
2862 http cache data-view-buffer@https://registry.npmjs.org/data-view-buffer/-/data-view-buffer-1.0.2.tgz 0ms (cache hit)
2863 http cache arraybuffer.prototype.slice@https://registry.npmjs.org/arraybuffer.prototype.slice/-/arraybuffer.prototype.slice-1.0.4.tgz 0ms (cache hit)
2864 http cache array-buffer-byte-length@https://registry.npmjs.org/array-buffer-byte-length/-/array-buffer-byte-length-1.0.2.tgz 0ms (cache hit)
2865 http cache available-typed-arrays@https://registry.npmjs.org/available-typed-arrays/-/available-typed-arrays-1.0.7.tgz 0ms (cache hit)
2866 http cache object-keys@https://registry.npmjs.org/object-keys/-/object-keys-1.1.1.tgz 0ms (cache hit)
2867 http cache function-bind@https://registry.npmjs.org/function-bind/-/function-bind-1.1.2.tgz 0ms (cache hit)
2868 http cache define-data-property@https://registry.npmjs.org/define-data-property/-/define-data-property-1.1.4.tgz 0ms (cache hit)
2869 http cache gopd@https://registry.npmjs.org/gopd/-/gopd-1.2.0.tgz 0ms (cache hit)
2870 http cache set-function-length@https://registry.npmjs.org/set-function-length/-/set-function-length-1.2.2.tgz 0ms (cache hit)
2871 http cache es-define-property@https://registry.npmjs.org/es-define-property/-/es-define-property-1.0.1.tgz 0ms (cache hit)
2872 http cache es-shim-unscopables@https://registry.npmjs.org/es-shim-unscopables/-/es-shim-unscopables-1.1.0.tgz 0ms (cache hit)
2873 http cache es-errors@https://registry.npmjs.org/es-errors/-/es-errors-1.3.0.tgz 0ms (cache hit)
2874 http cache call-bind-apply-helpers@https://registry.npmjs.org/call-bind-apply-helpers/-/call-bind-apply-helpers-1.0.2.tgz 0ms (cache hit)
2875 http cache has-property-descriptors@https://registry.npmjs.org/has-property-descriptors/-/has-property-descriptors-1.0.2.tgz 0ms (cache hit)
2876 http cache is-string@https://registry.npmjs.org/is-string/-/is-string-1.1.1.tgz 0ms (cache hit)
2877 http cache define-properties@https://registry.npmjs.org/define-properties/-/define-properties-1.2.1.tgz 0ms (cache hit)
2878 http cache es-abstract@https://registry.npmjs.org/es-abstract/-/es-abstract-1.24.2.tgz 0ms (cache hit)
2879 http cache math-intrinsics@https://registry.npmjs.org/math-intrinsics/-/math-intrinsics-1.1.0.tgz 0ms (cache hit)
2880 http cache es-object-atoms@https://registry.npmjs.org/es-object-atoms/-/es-object-atoms-1.1.2.tgz 0ms (cache hit)
2881 http cache call-bound@https://registry.npmjs.org/call-bound/-/call-bound-1.0.4.tgz 0ms (cache hit)
2882 http cache string.prototype.trimend@https://registry.npmjs.org/string.prototype.trimend/-/string.prototype.trimend-1.0.10.tgz 0ms (cache hit)
2883 http cache object.values@https://registry.npmjs.org/object.values/-/object.values-1.2.1.tgz 0ms (cache hit)
2884 http cache call-bind@https://registry.npmjs.org/call-bind/-/call-bind-1.0.9.tgz 0ms (cache hit)
2885 http cache tsconfig-paths@https://registry.npmjs.org/tsconfig-paths/-/tsconfig-paths-3.15.0.tgz 0ms (cache hit)
2886 http cache semver@https://registry.npmjs.org/semver/-/semver-6.3.1.tgz 0ms (cache hit)
2887 http cache object.fromentries@https://registry.npmjs.org/object.fromentries/-/object.fromentries-2.0.8.tgz 0ms (cache hit)
2888 http cache get-intrinsic@https://registry.npmjs.org/get-intrinsic/-/get-intrinsic-1.3.0.tgz 0ms (cache hit)
2889 http cache object.groupby@https://registry.npmjs.org/object.groupby/-/object.groupby-1.0.3.tgz 0ms (cache hit)
2890 http cache hasown@https://registry.npmjs.org/hasown/-/hasown-2.0.4.tgz 0ms (cache hit)
2891 http cache doctrine@https://registry.npmjs.org/doctrine/-/doctrine-2.1.0.tgz 0ms (cache hit)
2892 http cache array-includes@https://registry.npmjs.org/array-includes/-/array-includes-3.1.9.tgz 0ms (cache hit)
2893 http cache eslint-module-utils@https://registry.npmjs.org/eslint-module-utils/-/eslint-module-utils-2.14.0.tgz 0ms (cache hit)
2894 http cache array.prototype.flat@https://registry.npmjs.org/array.prototype.flat/-/array.prototype.flat-1.3.3.tgz 0ms (cache hit)
2895 http cache @rtsao/scc@https://registry.npmjs.org/@rtsao/scc/-/scc-1.1.0.tgz 0ms (cache hit)
2896 http cache array.prototype.findlastindex@https://registry.npmjs.org/array.prototype.findlastindex/-/array.prototype.findlastindex-1.2.6.tgz 0ms (cache hit)
2897 http cache array.prototype.flatmap@https://registry.npmjs.org/array.prototype.flatmap/-/array.prototype.flatmap-1.3.3.tgz 0ms (cache hit)
2898 http cache stable-hash@https://registry.npmjs.org/stable-hash/-/stable-hash-0.0.5.tgz 0ms (cache hit)
2899 http cache unrs-resolver@https://registry.npmjs.org/unrs-resolver/-/unrs-resolver-1.12.2.tgz 0ms (cache hit)
2900 http cache is-bun-module@https://registry.npmjs.org/is-bun-module/-/is-bun-module-2.0.0.tgz 0ms (cache hit)
2901 http cache @nolyfill/is-core-module@https://registry.npmjs.org/@nolyfill/is-core-module/-/is-core-module-1.0.39.tgz 0ms (cache hit)
2902 http cache resolve@https://registry.npmjs.org/resolve/-/resolve-2.0.0-next.7.tgz 0ms (cache hit)
2903 http cache get-tsconfig@https://registry.npmjs.org/get-tsconfig/-/get-tsconfig-4.14.3.tgz 0ms (cache hit)
2904 http cache fast-glob@https://registry.npmjs.org/fast-glob/-/fast-glob-3.3.1.tgz 0ms (cache hit)
2905 http cache tinyglobby@https://registry.npmjs.org/tinyglobby/-/tinyglobby-0.2.17.tgz 0ms (cache hit)
2906 http cache is-core-module@https://registry.npmjs.org/is-core-module/-/is-core-module-2.16.2.tgz 0ms (cache hit)
2907 http cache eslint-plugin-import@https://registry.npmjs.org/eslint-plugin-import/-/eslint-plugin-import-2.32.0.tgz 0ms (cache hit)
2908 http cache eslint-plugin-jsx-a11y@https://registry.npmjs.org/eslint-plugin-jsx-a11y/-/eslint-plugin-jsx-a11y-6.10.2.tgz 0ms (cache hit)
2909 http cache typescript-eslint@https://registry.npmjs.org/typescript-eslint/-/typescript-eslint-8.68.0.tgz 0ms (cache hit)
2910 http cache eslint-plugin-react-hooks@https://registry.npmjs.org/eslint-plugin-react-hooks/-/eslint-plugin-react-hooks-7.1.1.tgz 0ms (cache hit)
2911 http cache eslint-import-resolver-typescript@https://registry.npmjs.org/eslint-import-resolver-typescript/-/eslint-import-resolver-typescript-3.10.1.tgz 0ms (cache hit)
2912 http cache @next/eslint-plugin-next@https://registry.npmjs.org/@next/eslint-plugin-next/-/eslint-plugin-next-16.3.3.tgz 0ms (cache hit)
2913 http cache eslint-plugin-react@https://registry.npmjs.org/eslint-plugin-react/-/eslint-plugin-react-7.37.5.tgz 0ms (cache hit)
2914 http cache which@https://registry.npmjs.org/which/-/which-2.0.2.tgz 0ms (cache hit)
2915 http cache eslint-import-resolver-node@https://registry.npmjs.org/eslint-import-resolver-node/-/eslint-import-resolver-node-0.3.10.tgz 0ms (cache hit)
2916 http cache shebang-command@https://registry.npmjs.org/shebang-command/-/shebang-command-2.0.0.tgz 0ms (cache hit)
2917 http cache color-name@https://registry.npmjs.org/color-name/-/color-name-1.1.4.tgz 0ms (cache hit)
2918 http cache color-convert@https://registry.npmjs.org/color-convert/-/color-convert-2.0.1.tgz 0ms (cache hit)
2919 http cache supports-color@https://registry.npmjs.org/supports-color/-/supports-color-7.2.0.tgz 0ms (cache hit)
2920 http cache uri-js@https://registry.npmjs.org/uri-js/-/uri-js-4.4.1.tgz 0ms (cache hit)
2921 http cache ms@https://registry.npmjs.org/ms/-/ms-2.1.3.tgz 0ms (cache hit)
2922 http cache @humanfs/types@https://registry.npmjs.org/@humanfs/types/-/types-0.15.0.tgz 0ms (cache hit)
2923 http cache levn@https://registry.npmjs.org/levn/-/levn-0.4.1.tgz 0ms (cache hit)
2924 http cache json-schema-traverse@https://registry.npmjs.org/json-schema-traverse/-/json-schema-traverse-0.4.1.tgz 0ms (cache hit)
2925 http cache path-key@https://registry.npmjs.org/path-key/-/path-key-3.1.1.tgz 0ms (cache hit)
2926 http cache strip-json-comments@https://registry.npmjs.org/strip-json-comments/-/strip-json-comments-3.1.1.tgz 0ms (cache hit)
2927 http cache globals@https://registry.npmjs.org/globals/-/globals-14.0.0.tgz 0ms (cache hit)
2928 http cache ansi-styles@https://registry.npmjs.org/ansi-styles/-/ansi-styles-4.3.0.tgz 0ms (cache hit)
2929 http cache js-yaml@https://registry.npmjs.org/js-yaml/-/js-yaml-4.3.2.tgz 0ms (cache hit)
2930 http cache @humanfs/core@https://registry.npmjs.org/@humanfs/core/-/core-0.19.2.tgz 0ms (cache hit)
2931 http cache @types/json-schema@https://registry.npmjs.org/@types/json-schema/-/json-schema-7.0.15.tgz 0ms (cache hit)
2932 http cache import-fresh@https://registry.npmjs.org/import-fresh/-/import-fresh-3.3.1.tgz 0ms (cache hit)
2933 http cache optionator@https://registry.npmjs.org/optionator/-/optionator-0.9.4.tgz 0ms (cache hit)
2934 http cache @eslint/object-schema@https://registry.npmjs.org/@eslint/object-schema/-/object-schema-2.1.7.tgz 0ms (cache hit)
2935 http cache natural-compare@https://registry.npmjs.org/natural-compare/-/natural-compare-1.4.0.tgz 0ms (cache hit)
2936 http cache lodash.merge@https://registry.npmjs.org/lodash.merge/-/lodash.merge-4.6.2.tgz 0ms (cache hit)
2937 http cache is-glob@https://registry.npmjs.org/is-glob/-/is-glob-4.0.3.tgz 0ms (cache hit)
2938 http cache fast-json-stable-stringify@https://registry.npmjs.org/fast-json-stable-stringify/-/fast-json-stable-stringify-2.1.0.tgz 0ms (cache hit)
2939 http cache json-stable-stringify-without-jsonify@https://registry.npmjs.org/json-stable-stringify-without-jsonify/-/json-stable-stringify-without-jsonify-1.0.1.tgz 0ms (cache hit)
2940 http cache ignore@https://registry.npmjs.org/ignore/-/ignore-5.3.2.tgz 0ms (cache hit)
2941 http cache imurmurhash@https://registry.npmjs.org/imurmurhash/-/imurmurhash-0.1.4.tgz 0ms (cache hit)
2942 http cache glob-parent@https://registry.npmjs.org/glob-parent/-/glob-parent-6.0.2.tgz 0ms (cache hit)
2943 http cache find-up@https://registry.npmjs.org/find-up/-/find-up-5.0.0.tgz 0ms (cache hit)
2944 http cache esquery@https://registry.npmjs.org/esquery/-/esquery-1.7.0.tgz 0ms (cache hit)
2945 http cache file-entry-cache@https://registry.npmjs.org/file-entry-cache/-/file-entry-cache-8.0.0.tgz 0ms (cache hit)
2946 http cache esutils@https://registry.npmjs.org/esutils/-/esutils-2.0.3.tgz 0ms (cache hit)
2947 http cache espree@https://registry.npmjs.org/espree/-/espree-10.4.0.tgz 0ms (cache hit)
2948 http cache minimatch@https://registry.npmjs.org/minimatch/-/minimatch-3.1.5.tgz 0ms (cache hit)
2949 http cache cross-spawn@https://registry.npmjs.org/cross-spawn/-/cross-spawn-7.0.6.tgz 0ms (cache hit)
2950 http cache escape-string-regexp@https://registry.npmjs.org/escape-string-regexp/-/escape-string-regexp-4.0.0.tgz 0ms (cache hit)
2951 http cache eslint-visitor-keys@https://registry.npmjs.org/eslint-visitor-keys/-/eslint-visitor-keys-4.2.1.tgz 1ms (cache hit)
2952 http cache eslint-scope@https://registry.npmjs.org/eslint-scope/-/eslint-scope-8.4.0.tgz 0ms (cache hit)
2953 http cache debug@https://registry.npmjs.org/debug/-/debug-4.4.3.tgz 0ms (cache hit)
2954 http cache ajv@https://registry.npmjs.org/ajv/-/ajv-6.15.0.tgz 0ms (cache hit)
2955 http cache fast-deep-equal@https://registry.npmjs.org/fast-deep-equal/-/fast-deep-equal-3.1.3.tgz 0ms (cache hit)
2956 http cache @humanwhocodes/module-importer@https://registry.npmjs.org/@humanwhocodes/module-importer/-/module-importer-1.0.1.tgz 0ms (cache hit)
2957 http cache @humanfs/node@https://registry.npmjs.org/@humanfs/node/-/node-0.16.8.tgz 0ms (cache hit)
2958 http cache @types/estree@https://registry.npmjs.org/@types/estree/-/estree-1.0.9.tgz 0ms (cache hit)
2959 http cache @humanwhocodes/retry@https://registry.npmjs.org/@humanwhocodes/retry/-/retry-0.4.3.tgz 0ms (cache hit)
2960 http cache @eslint/plugin-kit@https://registry.npmjs.org/@eslint/plugin-kit/-/plugin-kit-0.4.1.tgz 0ms (cache hit)
2961 http cache @eslint/js@https://registry.npmjs.org/@eslint/js/-/js-9.39.5.tgz 0ms (cache hit)
2962 http cache @eslint/core@https://registry.npmjs.org/@eslint/core/-/core-0.17.0.tgz 0ms (cache hit)
2963 http cache @eslint/eslintrc@https://registry.npmjs.org/@eslint/eslintrc/-/eslintrc-3.3.6.tgz 0ms (cache hit)
2964 http cache @eslint/config-helpers@https://registry.npmjs.org/@eslint/config-helpers/-/config-helpers-0.4.2.tgz 0ms (cache hit)
2965 http cache graceful-fs@https://registry.npmjs.org/graceful-fs/-/graceful-fs-4.2.11.tgz 0ms (cache hit)
2966 http cache tapable@https://registry.npmjs.org/tapable/-/tapable-2.3.3.tgz 0ms (cache hit)
2967 http cache @eslint/config-array@https://registry.npmjs.org/@eslint/config-array/-/config-array-0.21.2.tgz 0ms (cache hit)
2968 http cache @eslint-community/regexpp@https://registry.npmjs.org/@eslint-community/regexpp/-/regexpp-4.12.2.tgz 0ms (cache hit)
2969 http cache csstype@https://registry.npmjs.org/csstype/-/csstype-3.2.3.tgz 0ms (cache hit)
2970 http cache chalk@https://registry.npmjs.org/chalk/-/chalk-4.1.2.tgz 0ms (cache hit)
2971 http cache undici-types@https://registry.npmjs.org/undici-types/-/undici-types-6.21.0.tgz 0ms (cache hit)
2972 http cache @eslint-community/eslint-utils@https://registry.npmjs.org/@eslint-community/eslint-utils/-/eslint-utils-4.10.1.tgz 0ms (cache hit)
2973 http cache @jridgewell/sourcemap-codec@https://registry.npmjs.org/@jridgewell/sourcemap-codec/-/sourcemap-codec-1.6.0.tgz 0ms (cache hit)
2974 http cache @tailwindcss/oxide-darwin-arm64@https://registry.npmjs.org/@tailwindcss/oxide-darwin-arm64/-/oxide-darwin-arm64-4.3.3.tgz 0ms (cache hit)
2975 http cache @jridgewell/resolve-uri@https://registry.npmjs.org/@jridgewell/resolve-uri/-/resolve-uri-3.1.2.tgz 0ms (cache hit)
2976 http cache @jridgewell/trace-mapping@https://registry.npmjs.org/@jridgewell/trace-mapping/-/trace-mapping-0.3.31.tgz 0ms (cache hit)
2977 http cache source-map-js@https://registry.npmjs.org/source-map-js/-/source-map-js-1.2.1.tgz 0ms (cache hit)
2978 http cache magic-string@https://registry.npmjs.org/magic-string/-/magic-string-0.30.21.tgz 0ms (cache hit)
2979 http cache enhanced-resolve@https://registry.npmjs.org/enhanced-resolve/-/enhanced-resolve-5.24.5.tgz 0ms (cache hit)
2980 http cache @jridgewell/gen-mapping@https://registry.npmjs.org/@jridgewell/gen-mapping/-/gen-mapping-0.3.13.tgz 0ms (cache hit)
2981 http cache jiti@https://registry.npmjs.org/jiti/-/jiti-2.7.0.tgz 0ms (cache hit)
2982 http cache lightningcss@https://registry.npmjs.org/lightningcss/-/lightningcss-1.32.0.tgz 0ms (cache hit)
2983 http cache @tailwindcss/oxide@https://registry.npmjs.org/@tailwindcss/oxide/-/oxide-4.3.3.tgz 0ms (cache hit)
2984 http cache @jridgewell/remapping@https://registry.npmjs.org/@jridgewell/remapping/-/remapping-2.3.5.tgz 0ms (cache hit)
2985 http cache @tailwindcss/node@https://registry.npmjs.org/@tailwindcss/node/-/node-4.3.3.tgz 0ms (cache hit)
2986 http cache tailwindcss@https://registry.npmjs.org/tailwindcss/-/tailwindcss-4.3.3.tgz 0ms (cache hit)
2987 http cache postcss@https://registry.npmjs.org/postcss/-/postcss-8.5.26.tgz 0ms (cache hit)
2988 http cache @alloc/quick-lru@https://registry.npmjs.org/@alloc/quick-lru/-/quick-lru-5.2.0.tgz 0ms (cache hit)
2989 http cache typescript@https://registry.npmjs.org/typescript/-/typescript-5.9.3.tgz 0ms (cache hit)
2990 http cache react-dom@https://registry.npmjs.org/react-dom/-/react-dom-19.2.8.tgz 0ms (cache hit)
2991 http cache react@https://registry.npmjs.org/react/-/react-19.2.8.tgz 0ms (cache hit)
2992 http cache @types/react-dom@https://registry.npmjs.org/@types/react-dom/-/react-dom-19.2.5.tgz 0ms (cache hit)
2993 http cache next@https://registry.npmjs.org/next/-/next-16.3.3.tgz 0ms (cache hit)
2994 http cache @types/react@https://registry.npmjs.org/@types/react/-/react-19.2.18.tgz 0ms (cache hit)
2995 http cache eslint-config-next@https://registry.npmjs.org/eslint-config-next/-/eslint-config-next-16.3.3.tgz 0ms (cache hit)
2996 http cache eslint@https://registry.npmjs.org/eslint/-/eslint-9.39.5.tgz 0ms (cache hit)
2997 http cache @types/node@https://registry.npmjs.org/@types/node/-/node-20.19.43.tgz 0ms (cache hit)
2998 http cache @emnapi/runtime@https://registry.npmjs.org/@emnapi/runtime/-/runtime-1.10.0.tgz 0ms (cache hit)
2999 http cache brace-expansion@https://registry.npmjs.org/brace-expansion/-/brace-expansion-5.0.9.tgz 0ms (cache hit)
3000 http cache balanced-match@https://registry.npmjs.org/balanced-match/-/balanced-match-4.0.4.tgz 0ms (cache hit)
3001 http cache semver@https://registry.npmjs.org/semver/-/semver-7.8.5.tgz 0ms (cache hit)
3002 http cache ignore@https://registry.npmjs.org/ignore/-/ignore-7.0.6.tgz 0ms (cache hit)
3003 http cache @tailwindcss/postcss@https://registry.npmjs.org/@tailwindcss/postcss/-/postcss-4.3.3.tgz 0ms (cache hit)
3004 http cache semver@https://registry.npmjs.org/semver/-/semver-7.8.5.tgz 0ms (cache hit)
3005 http cache json5@https://registry.npmjs.org/json5/-/json5-1.0.2.tgz 0ms (cache hit)
3006 http cache eslint-visitor-keys@https://registry.npmjs.org/eslint-visitor-keys/-/eslint-visitor-keys-5.0.1.tgz 0ms (cache hit)
3007 http cache semver@https://registry.npmjs.org/semver/-/semver-7.8.5.tgz 0ms (cache hit)
3008 http cache picomatch@https://registry.npmjs.org/picomatch/-/picomatch-4.0.7.tgz 0ms (cache hit)
3009 http cache fdir@https://registry.npmjs.org/fdir/-/fdir-6.5.0.tgz 0ms (cache hit)
3010 http cache glob-parent@https://registry.npmjs.org/glob-parent/-/glob-parent-5.1.2.tgz 0ms (cache hit)
3011 http cache debug@https://registry.npmjs.org/debug/-/debug-3.2.7.tgz 0ms (cache hit)
3012 http cache eslint-visitor-keys@https://registry.npmjs.org/eslint-visitor-keys/-/eslint-visitor-keys-3.4.3.tgz 0ms (cache hit)
3013 http cache debug@https://registry.npmjs.org/debug/-/debug-3.2.7.tgz 0ms (cache hit)
3014 http cache @eslint-community/eslint-utils@https://registry.npmjs.org/@eslint-community/eslint-utils/-/eslint-utils-4.9.1.tgz 0ms (cache hit)
3015 http cache debug@https://registry.npmjs.org/debug/-/debug-3.2.7.tgz 0ms (cache hit)
3016 http cache postcss@https://registry.npmjs.org/postcss/-/postcss-8.5.23.tgz 0ms (cache hit)
3017 http cache eslint-visitor-keys@https://registry.npmjs.org/eslint-visitor-keys/-/eslint-visitor-keys-3.4.3.tgz 0ms (cache hit)
3018 http cache globals@https://registry.npmjs.org/globals/-/globals-16.4.0.tgz 0ms (cache hit)
3019 http cache minimatch@https://registry.npmjs.org/minimatch/-/minimatch-10.2.6.tgz 0ms (cache hit)
3020 silly tarball no local data for is-map@https://registry.npmjs.org/is-map/-/is-map-2.0.3.tgz. Extracting by manifest.
3021 silly tarball no local data for is-weakmap@https://registry.npmjs.org/is-weakmap/-/is-weakmap-2.0.2.tgz. Extracting by manifest.
3022 silly tarball no local data for generator-function@https://registry.npmjs.org/generator-function/-/generator-function-2.0.1.tgz. Extracting by manifest.
3023 silly tarball no local data for which-collection@https://registry.npmjs.org/which-collection/-/which-collection-1.0.2.tgz. Extracting by manifest.
3024 silly tarball no local data for async-function@https://registry.npmjs.org/async-function/-/async-function-1.0.0.tgz. Extracting by manifest.
3025 silly tarball no local data for is-finalizationregistry@https://registry.npmjs.org/is-finalizationregistry/-/is-finalizationregistry-1.1.1.tgz. Extracting by manifest.
3026 silly tarball no local data for is-generator-function@https://registry.npmjs.org/is-generator-function/-/is-generator-function-1.1.2.tgz. Extracting by manifest.
3027 silly tarball no local data for is-weakset@https://registry.npmjs.org/is-weakset/-/is-weakset-2.0.4.tgz. Extracting by manifest.
3028 silly tarball no local data for is-async-function@https://registry.npmjs.org/is-async-function/-/is-async-function-2.1.1.tgz. Extracting by manifest.
3029 silly tarball no local data for is-boolean-object@https://registry.npmjs.org/is-boolean-object/-/is-boolean-object-1.2.2.tgz. Extracting by manifest.
3030 silly tarball no local data for is-bigint@https://registry.npmjs.org/is-bigint/-/is-bigint-1.1.0.tgz. Extracting by manifest.
3031 silly tarball no local data for punycode@https://registry.npmjs.org/punycode/-/punycode-2.3.1.tgz. Extracting by manifest.
3032 silly tarball no local data for isexe@https://registry.npmjs.org/isexe/-/isexe-2.0.0.tgz. Extracting by manifest.
3033 silly tarball no local data for is-number-object@https://registry.npmjs.org/is-number-object/-/is-number-object-1.1.1.tgz. Extracting by manifest.
3034 silly tarball no local data for @tybys/wasm-util@https://registry.npmjs.org/@tybys/wasm-util/-/wasm-util-0.10.3.tgz. Extracting by manifest.
3035 silly tarball no local data for napi-postinstall@https://registry.npmjs.org/napi-postinstall/-/napi-postinstall-0.3.4.tgz. Extracting by manifest.
3036 silly tarball no local data for @emnapi/core@https://registry.npmjs.org/@emnapi/core/-/core-1.10.0.tgz. Extracting by manifest.
3037 silly tarball no local data for escalade@https://registry.npmjs.org/escalade/-/escalade-3.2.0.tgz. Extracting by manifest.
3038 silly tarball no local data for @unrs/resolver-binding-darwin-arm64@https://registry.npmjs.org/@unrs/resolver-binding-darwin-arm64/-/resolver-binding-darwin-arm64-1.12.2.tgz. Extracting by manifest.
3039 silly tarball no local data for @typescript-eslint/tsconfig-utils@https://registry.npmjs.org/@typescript-eslint/tsconfig-utils/-/tsconfig-utils-8.68.0.tgz. Extracting by manifest.
3040 silly tarball no local data for @napi-rs/wasm-runtime@https://registry.npmjs.org/@napi-rs/wasm-runtime/-/wasm-runtime-1.2.3.tgz. Extracting by manifest.
3041 silly tarball no local data for which-boxed-primitive@https://registry.npmjs.org/which-boxed-primitive/-/which-boxed-primitive-1.1.1.tgz. Extracting by manifest.
3042 silly tarball no local data for has-bigints@https://registry.npmjs.org/has-bigints/-/has-bigints-1.1.0.tgz. Extracting by manifest.
3043 silly tarball no local data for @typescript-eslint/project-service@https://registry.npmjs.org/@typescript-eslint/project-service/-/project-service-8.68.0.tgz. Extracting by manifest.
3044 silly tarball no local data for @emnapi/wasi-threads@https://registry.npmjs.org/@emnapi/wasi-threads/-/wasi-threads-1.2.1.tgz. Extracting by manifest.
3045 silly tarball no local data for @typescript-eslint/type-utils@https://registry.npmjs.org/@typescript-eslint/type-utils/-/type-utils-8.68.0.tgz. Extracting by manifest.
3046 silly tarball no local data for ts-api-utils@https://registry.npmjs.org/ts-api-utils/-/ts-api-utils-2.5.0.tgz. Extracting by manifest.
3047 silly tarball no local data for @typescript-eslint/visitor-keys@https://registry.npmjs.org/@typescript-eslint/visitor-keys/-/visitor-keys-8.68.0.tgz. Extracting by manifest.
3048 silly tarball no local data for @typescript-eslint/utils@https://registry.npmjs.org/@typescript-eslint/utils/-/utils-8.68.0.tgz. Extracting by manifest.
3049 silly tarball no local data for @typescript-eslint/typescript-estree@https://registry.npmjs.org/@typescript-eslint/typescript-estree/-/typescript-estree-8.68.0.tgz. Extracting by manifest.
3050 silly tarball no local data for @typescript-eslint/parser@https://registry.npmjs.org/@typescript-eslint/parser/-/parser-8.68.0.tgz. Extracting by manifest.
3051 silly tarball no local data for @typescript-eslint/types@https://registry.npmjs.org/@typescript-eslint/types/-/types-8.68.0.tgz. Extracting by manifest.
3052 silly tarball no local data for @typescript-eslint/eslint-plugin@https://registry.npmjs.org/@typescript-eslint/eslint-plugin/-/eslint-plugin-8.68.0.tgz. Extracting by manifest.
3053 silly tarball no local data for for-each@https://registry.npmjs.org/for-each/-/for-each-0.3.5.tgz. Extracting by manifest.
3054 silly tarball no local data for reflect.getprototypeof@https://registry.npmjs.org/reflect.getprototypeof/-/reflect.getprototypeof-1.0.10.tgz. Extracting by manifest.
3055 silly tarball no local data for which-builtin-type@https://registry.npmjs.org/which-builtin-type/-/which-builtin-type-1.2.1.tgz. Extracting by manifest.
3056 silly tarball no local data for minimist@https://registry.npmjs.org/minimist/-/minimist-1.2.8.tgz. Extracting by manifest.
3057 silly tarball no local data for has-flag@https://registry.npmjs.org/has-flag/-/has-flag-4.0.0.tgz. Extracting by manifest.
3058 silly tarball no local data for @typescript-eslint/scope-manager@https://registry.npmjs.org/@typescript-eslint/scope-manager/-/scope-manager-8.68.0.tgz. Extracting by manifest.
3059 silly tarball no local data for strip-bom@https://registry.npmjs.org/strip-bom/-/strip-bom-3.0.0.tgz. Extracting by manifest.
3060 silly tarball no local data for is-number@https://registry.npmjs.org/is-number/-/is-number-7.0.0.tgz. Extracting by manifest.
3061 silly tarball no local data for @types/json5@https://registry.npmjs.org/@types/json5/-/json5-0.0.29.tgz. Extracting by manifest.
3062 silly tarball no local data for side-channel-weakmap@https://registry.npmjs.org/side-channel-weakmap/-/side-channel-weakmap-1.0.2.tgz. Extracting by manifest.
3063 silly tarball no local data for side-channel-map@https://registry.npmjs.org/side-channel-map/-/side-channel-map-1.0.1.tgz. Extracting by manifest.
3064 silly tarball no local data for shebang-regex@https://registry.npmjs.org/shebang-regex/-/shebang-regex-3.0.0.tgz. Extracting by manifest.
3065 silly tarball no local data for client-only@https://registry.npmjs.org/client-only/-/client-only-0.0.1.tgz. Extracting by manifest.
3066 silly tarball no local data for side-channel-list@https://registry.npmjs.org/side-channel-list/-/side-channel-list-1.0.1.tgz. Extracting by manifest.
3067 silly tarball no local data for @emnapi/runtime@https://registry.npmjs.org/@emnapi/runtime/-/runtime-1.11.3.tgz. Extracting by manifest.
3068 silly tarball no local data for @img/sharp-wasm32@https://registry.npmjs.org/@img/sharp-wasm32/-/sharp-wasm32-0.35.4.tgz. Extracting by manifest.
3069 silly tarball no local data for @img/sharp-darwin-arm64@https://registry.npmjs.org/@img/sharp-darwin-arm64/-/sharp-darwin-arm64-0.35.4.tgz. Extracting by manifest.
3070 silly tarball no local data for isarray@https://registry.npmjs.org/isarray/-/isarray-2.0.5.tgz. Extracting by manifest.
3071 silly tarball no local data for @img/sharp-libvips-darwin-arm64@https://registry.npmjs.org/@img/sharp-libvips-darwin-arm64/-/sharp-libvips-darwin-arm64-1.3.3.tgz. Extracting by manifest.
3072 silly tarball no local data for @img/colour@https://registry.npmjs.org/@img/colour/-/colour-1.1.0.tgz. Extracting by manifest.
3073 silly tarball no local data for queue-microtask@https://registry.npmjs.org/queue-microtask/-/queue-microtask-1.2.3.tgz. Extracting by manifest.
3074 silly tarball no local data for path-parse@https://registry.npmjs.org/path-parse/-/path-parse-1.0.7.tgz. Extracting by manifest.
3075 silly tarball no local data for supports-preserve-symlinks-flag@https://registry.npmjs.org/supports-preserve-symlinks-flag/-/supports-preserve-symlinks-flag-1.0.0.tgz. Extracting by manifest.
3076 silly tarball no local data for scheduler@https://registry.npmjs.org/scheduler/-/scheduler-0.27.0.tgz. Extracting by manifest.
3077 silly tarball no local data for node-exports-info@https://registry.npmjs.org/node-exports-info/-/node-exports-info-1.6.2.tgz. Extracting by manifest.
3078 silly tarball no local data for react-is@https://registry.npmjs.org/react-is/-/react-is-16.13.1.tgz. Extracting by manifest.
3079 silly tarball no local data for object-assign@https://registry.npmjs.org/object-assign/-/object-assign-4.1.1.tgz. Extracting by manifest.
3080 silly tarball no local data for callsites@https://registry.npmjs.org/callsites/-/callsites-3.1.0.tgz. Extracting by manifest.
3081 silly tarball no local data for loose-envify@https://registry.npmjs.org/loose-envify/-/loose-envify-1.4.0.tgz. Extracting by manifest.
3082 silly tarball no local data for nanoid@https://registry.npmjs.org/nanoid/-/nanoid-3.3.18.tgz. Extracting by manifest.
3083 silly tarball no local data for yocto-queue@https://registry.npmjs.org/yocto-queue/-/yocto-queue-0.1.0.tgz. Extracting by manifest.
3084 silly tarball no local data for fast-levenshtein@https://registry.npmjs.org/fast-levenshtein/-/fast-levenshtein-2.0.6.tgz. Extracting by manifest.
3085 silly tarball no local data for word-wrap@https://registry.npmjs.org/word-wrap/-/word-wrap-1.2.5.tgz. Extracting by manifest.
3086 silly tarball no local data for p-limit@https://registry.npmjs.org/p-limit/-/p-limit-3.1.0.tgz. Extracting by manifest.
3087 silly tarball no local data for tslib@https://registry.npmjs.org/tslib/-/tslib-2.8.1.tgz. Extracting by manifest.
3088 silly tarball no local data for deep-is@https://registry.npmjs.org/deep-is/-/deep-is-0.1.4.tgz. Extracting by manifest.
3089 silly tarball no local data for styled-jsx@https://registry.npmjs.org/styled-jsx/-/styled-jsx-5.1.6.tgz. Extracting by manifest.
3090 silly tarball no local data for @swc/helpers@https://registry.npmjs.org/@swc/helpers/-/helpers-0.5.23.tgz. Extracting by manifest.
3091 silly tarball no local data for @next/env@https://registry.npmjs.org/@next/env/-/env-16.3.3.tgz. Extracting by manifest.
3092 silly tarball no local data for balanced-match@https://registry.npmjs.org/balanced-match/-/balanced-match-1.0.2.tgz. Extracting by manifest.
3093 silly tarball no local data for @next/swc-darwin-arm64@https://registry.npmjs.org/@next/swc-darwin-arm64/-/swc-darwin-arm64-16.3.3.tgz. Extracting by manifest.
3094 silly tarball no local data for brace-expansion@https://registry.npmjs.org/brace-expansion/-/brace-expansion-1.1.18.tgz. Extracting by manifest.
3095 silly tarball no local data for concat-map@https://registry.npmjs.org/concat-map/-/concat-map-0.0.1.tgz. Extracting by manifest.
3096 silly tarball no local data for yallist@https://registry.npmjs.org/yallist/-/yallist-3.1.1.tgz. Extracting by manifest.
3097 silly tarball no local data for sharp@https://registry.npmjs.org/sharp/-/sharp-0.35.4.tgz. Extracting by manifest.
3098 silly tarball no local data for braces@https://registry.npmjs.org/braces/-/braces-3.0.3.tgz. Extracting by manifest.
3099 silly tarball no local data for p-locate@https://registry.npmjs.org/p-locate/-/p-locate-5.0.0.tgz. Extracting by manifest.
3100 silly tarball no local data for fill-range@https://registry.npmjs.org/fill-range/-/fill-range-7.1.1.tgz. Extracting by manifest.
3101 silly tarball no local data for to-regex-range@https://registry.npmjs.org/to-regex-range/-/to-regex-range-5.0.1.tgz. Extracting by manifest.
3102 silly tarball no local data for lightningcss-darwin-arm64@https://registry.npmjs.org/lightningcss-darwin-arm64/-/lightningcss-darwin-arm64-1.32.0.tgz. Extracting by manifest.
3103 silly tarball no local data for picomatch@https://registry.npmjs.org/picomatch/-/picomatch-2.3.2.tgz. Extracting by manifest.
3104 silly tarball no local data for detect-libc@https://registry.npmjs.org/detect-libc/-/detect-libc-2.1.2.tgz. Extracting by manifest.
3105 silly tarball no local data for prelude-ls@https://registry.npmjs.org/prelude-ls/-/prelude-ls-1.2.1.tgz. Extracting by manifest.
3106 silly tarball no local data for type-check@https://registry.npmjs.org/type-check/-/type-check-0.4.0.tgz. Extracting by manifest.
3107 silly tarball no local data for json-buffer@https://registry.npmjs.org/json-buffer/-/json-buffer-3.0.1.tgz. Extracting by manifest.
3108 silly tarball no local data for language-subtag-registry@https://registry.npmjs.org/language-subtag-registry/-/language-subtag-registry-0.3.23.tgz. Extracting by manifest.
3109 silly tarball no local data for set-function-name@https://registry.npmjs.org/set-function-name/-/set-function-name-2.0.2.tgz. Extracting by manifest.
3110 silly tarball no local data for is-extglob@https://registry.npmjs.org/is-extglob/-/is-extglob-2.1.1.tgz. Extracting by manifest.
3111 silly tarball no local data for side-channel@https://registry.npmjs.org/side-channel/-/side-channel-1.1.1.tgz. Extracting by manifest.
3112 silly tarball no local data for argparse@https://registry.npmjs.org/argparse/-/argparse-2.0.1.tgz. Extracting by manifest.
3113 silly tarball no local data for parent-module@https://registry.npmjs.org/parent-module/-/parent-module-1.0.1.tgz. Extracting by manifest.
3114 silly tarball no local data for resolve-from@https://registry.npmjs.org/resolve-from/-/resolve-from-4.0.0.tgz. Extracting by manifest.
3115 silly tarball no local data for resolve-pkg-maps@https://registry.npmjs.org/resolve-pkg-maps/-/resolve-pkg-maps-1.0.0.tgz. Extracting by manifest.
3116 silly tarball no local data for dunder-proto@https://registry.npmjs.org/dunder-proto/-/dunder-proto-1.0.1.tgz. Extracting by manifest.
3117 silly tarball no local data for is-document.all@https://registry.npmjs.org/is-document.all/-/is-document.all-1.0.0.tgz. Extracting by manifest.
3118 silly tarball no local data for functions-have-names@https://registry.npmjs.org/functions-have-names/-/functions-have-names-1.2.3.tgz. Extracting by manifest.
3119 silly tarball no local data for hermes-estree@https://registry.npmjs.org/hermes-estree/-/hermes-estree-0.25.1.tgz. Extracting by manifest.
3120 silly tarball no local data for path-exists@https://registry.npmjs.org/path-exists/-/path-exists-4.0.0.tgz. Extracting by manifest.
3121 silly tarball no local data for locate-path@https://registry.npmjs.org/locate-path/-/locate-path-6.0.0.tgz. Extracting by manifest.
3122 silly tarball no local data for reusify@https://registry.npmjs.org/reusify/-/reusify-1.1.0.tgz. Extracting by manifest.
3123 silly tarball no local data for flat-cache@https://registry.npmjs.org/flat-cache/-/flat-cache-4.0.1.tgz. Extracting by manifest.
3124 silly tarball no local data for run-parallel@https://registry.npmjs.org/run-parallel/-/run-parallel-1.2.0.tgz. Extracting by manifest.
3125 silly tarball no local data for keyv@https://registry.npmjs.org/keyv/-/keyv-4.5.4.tgz. Extracting by manifest.
3126 silly tarball no local data for @nodelib/fs.scandir@https://registry.npmjs.org/@nodelib/fs.scandir/-/fs.scandir-2.1.5.tgz. Extracting by manifest.
3127 silly tarball no local data for flatted@https://registry.npmjs.org/flatted/-/flatted-3.4.4.tgz. Extracting by manifest.
3128 silly tarball no local data for fastq@https://registry.npmjs.org/fastq/-/fastq-1.20.2.tgz. Extracting by manifest.
3129 silly tarball no local data for @nodelib/fs.walk@https://registry.npmjs.org/@nodelib/fs.walk/-/fs.walk-1.2.8.tgz. Extracting by manifest.
3130 silly tarball no local data for micromatch@https://registry.npmjs.org/micromatch/-/micromatch-4.0.8.tgz. Extracting by manifest.
3131 silly tarball no local data for merge2@https://registry.npmjs.org/merge2/-/merge2-1.4.1.tgz. Extracting by manifest.
3132 silly tarball no local data for acorn-jsx@https://registry.npmjs.org/acorn-jsx/-/acorn-jsx-5.3.2.tgz. Extracting by manifest.
3133 silly tarball no local data for @nodelib/fs.stat@https://registry.npmjs.org/@nodelib/fs.stat/-/fs.stat-2.0.5.tgz. Extracting by manifest.
3134 silly tarball no local data for esrecurse@https://registry.npmjs.org/esrecurse/-/esrecurse-4.3.0.tgz. Extracting by manifest.
3135 silly tarball no local data for acorn@https://registry.npmjs.org/acorn/-/acorn-8.18.0.tgz. Extracting by manifest.
3136 silly tarball no local data for update-browserslist-db@https://registry.npmjs.org/update-browserslist-db/-/update-browserslist-db-1.3.2.tgz. Extracting by manifest.
3137 silly tarball no local data for electron-to-chromium@https://registry.npmjs.org/electron-to-chromium/-/electron-to-chromium-1.5.416.tgz. Extracting by manifest.
3138 silly tarball no local data for caniuse-lite@https://registry.npmjs.org/caniuse-lite/-/caniuse-lite-1.0.30001810.tgz. Extracting by manifest.
3139 silly tarball no local data for @babel/helper-string-parser@https://registry.npmjs.org/@babel/helper-string-parser/-/helper-string-parser-7.29.7.tgz. Extracting by manifest.
3140 silly tarball no local data for node-releases@https://registry.npmjs.org/node-releases/-/node-releases-2.0.54.tgz. Extracting by manifest.
3141 silly tarball no local data for @babel/helper-globals@https://registry.npmjs.org/@babel/helper-globals/-/helper-globals-7.29.7.tgz. Extracting by manifest.
3142 silly tarball no local data for @babel/helper-module-imports@https://registry.npmjs.org/@babel/helper-module-imports/-/helper-module-imports-7.29.7.tgz. Extracting by manifest.
3143 silly tarball no local data for lru-cache@https://registry.npmjs.org/lru-cache/-/lru-cache-5.1.1.tgz. Extracting by manifest.
3144 silly tarball no local data for baseline-browser-mapping@https://registry.npmjs.org/baseline-browser-mapping/-/baseline-browser-mapping-2.11.20.tgz. Extracting by manifest.
3145 silly tarball no local data for @babel/helper-validator-option@https://registry.npmjs.org/@babel/helper-validator-option/-/helper-validator-option-7.29.7.tgz. Extracting by manifest.
3146 silly tarball no local data for jsesc@https://registry.npmjs.org/jsesc/-/jsesc-3.1.0.tgz. Extracting by manifest.
3147 silly tarball no local data for @babel/compat-data@https://registry.npmjs.org/@babel/compat-data/-/compat-data-7.29.7.tgz. Extracting by manifest.
3148 silly tarball no local data for picocolors@https://registry.npmjs.org/picocolors/-/picocolors-1.1.1.tgz. Extracting by manifest.
3149 silly tarball no local data for @babel/helper-validator-identifier@https://registry.npmjs.org/@babel/helper-validator-identifier/-/helper-validator-identifier-7.29.7.tgz. Extracting by manifest.
3150 silly tarball no local data for json5@https://registry.npmjs.org/json5/-/json5-2.2.3.tgz. Extracting by manifest.
3151 silly tarball no local data for convert-source-map@https://registry.npmjs.org/convert-source-map/-/convert-source-map-2.0.0.tgz. Extracting by manifest.
3152 silly tarball no local data for gensync@https://registry.npmjs.org/gensync/-/gensync-1.0.0-beta.2.tgz. Extracting by manifest.
3153 silly tarball no local data for js-tokens@https://registry.npmjs.org/js-tokens/-/js-tokens-4.0.0.tgz. Extracting by manifest.
3154 silly tarball no local data for @babel/template@https://registry.npmjs.org/@babel/template/-/template-7.29.7.tgz. Extracting by manifest.
3155 silly tarball no local data for @babel/helpers@https://registry.npmjs.org/@babel/helpers/-/helpers-7.29.7.tgz. Extracting by manifest.
3156 silly tarball no local data for @babel/helper-module-transforms@https://registry.npmjs.org/@babel/helper-module-transforms/-/helper-module-transforms-7.29.7.tgz. Extracting by manifest.
3157 silly tarball no local data for browserslist@https://registry.npmjs.org/browserslist/-/browserslist-4.28.8.tgz. Extracting by manifest.
3158 silly tarball no local data for @babel/traverse@https://registry.npmjs.org/@babel/traverse/-/traverse-7.29.8.tgz. Extracting by manifest.
3159 silly tarball no local data for @babel/helper-compilation-targets@https://registry.npmjs.org/@babel/helper-compilation-targets/-/helper-compilation-targets-7.29.7.tgz. Extracting by manifest.
3160 silly tarball no local data for @babel/generator@https://registry.npmjs.org/@babel/generator/-/generator-7.29.8.tgz. Extracting by manifest.
3161 silly tarball no local data for @babel/types@https://registry.npmjs.org/@babel/types/-/types-7.29.8.tgz. Extracting by manifest.
3162 silly tarball no local data for zod@https://registry.npmjs.org/zod/-/zod-4.4.3.tgz. Extracting by manifest.
3163 silly tarball no local data for hermes-parser@https://registry.npmjs.org/hermes-parser/-/hermes-parser-0.25.1.tgz. Extracting by manifest.
3164 silly tarball no local data for @babel/core@https://registry.npmjs.org/@babel/core/-/core-7.29.7.tgz. Extracting by manifest.
3165 silly tarball no local data for string.prototype.repeat@https://registry.npmjs.org/string.prototype.repeat/-/string.prototype.repeat-1.0.0.tgz. Extracting by manifest.
3166 silly tarball no local data for zod-validation-error@https://registry.npmjs.org/zod-validation-error/-/zod-validation-error-4.0.2.tgz. Extracting by manifest.
3167 silly tarball no local data for iterator.prototype@https://registry.npmjs.org/iterator.prototype/-/iterator.prototype-1.1.5.tgz. Extracting by manifest.
3168 silly tarball no local data for string.prototype.matchall@https://registry.npmjs.org/string.prototype.matchall/-/string.prototype.matchall-4.0.12.tgz. Extracting by manifest.
3169 silly tarball no local data for object.entries@https://registry.npmjs.org/object.entries/-/object.entries-1.1.9.tgz. Extracting by manifest.
3170 silly tarball no local data for @babel/code-frame@https://registry.npmjs.org/@babel/code-frame/-/code-frame-7.29.7.tgz. Extracting by manifest.
3171 silly tarball no local data for prop-types@https://registry.npmjs.org/prop-types/-/prop-types-15.8.1.tgz. Extracting by manifest.
3172 silly tarball no local data for estraverse@https://registry.npmjs.org/estraverse/-/estraverse-5.3.0.tgz. Extracting by manifest.
3173 silly tarball no local data for @babel/parser@https://registry.npmjs.org/@babel/parser/-/parser-7.29.8.tgz. Extracting by manifest.
3174 silly tarball no local data for es-iterator-helpers@https://registry.npmjs.org/es-iterator-helpers/-/es-iterator-helpers-1.4.0.tgz. Extracting by manifest.
3175 silly tarball no local data for array.prototype.findlast@https://registry.npmjs.org/array.prototype.findlast/-/array.prototype.findlast-1.2.5.tgz. Extracting by manifest.
3176 silly tarball no local data for array.prototype.tosorted@https://registry.npmjs.org/array.prototype.tosorted/-/array.prototype.tosorted-1.1.4.tgz. Extracting by manifest.
3177 silly tarball no local data for language-tags@https://registry.npmjs.org/language-tags/-/language-tags-1.0.9.tgz. Extracting by manifest.
3178 silly tarball no local data for jsx-ast-utils@https://registry.npmjs.org/jsx-ast-utils/-/jsx-ast-utils-3.3.5.tgz. Extracting by manifest.
3179 silly tarball no local data for string.prototype.includes@https://registry.npmjs.org/string.prototype.includes/-/string.prototype.includes-2.0.1.tgz. Extracting by manifest.
3180 silly tarball no local data for emoji-regex@https://registry.npmjs.org/emoji-regex/-/emoji-regex-9.2.2.tgz. Extracting by manifest.
3181 silly tarball no local data for damerau-levenshtein@https://registry.npmjs.org/damerau-levenshtein/-/damerau-levenshtein-1.0.8.tgz. Extracting by manifest.
3182 silly tarball no local data for axe-core@https://registry.npmjs.org/axe-core/-/axe-core-4.13.0.tgz. Extracting by manifest.
3183 silly tarball no local data for aria-query@https://registry.npmjs.org/aria-query/-/aria-query-5.3.2.tgz. Extracting by manifest.
3184 silly tarball no local data for ast-types-flow@https://registry.npmjs.org/ast-types-flow/-/ast-types-flow-0.0.8.tgz. Extracting by manifest.
3185 silly tarball no local data for axobject-query@https://registry.npmjs.org/axobject-query/-/axobject-query-4.1.0.tgz. Extracting by manifest.
3186 silly tarball no local data for possible-typed-array-names@https://registry.npmjs.org/possible-typed-array-names/-/possible-typed-array-names-1.1.0.tgz. Extracting by manifest.
3187 silly tarball no local data for is-symbol@https://registry.npmjs.org/is-symbol/-/is-symbol-1.1.1.tgz. Extracting by manifest.
3188 silly tarball no local data for is-date-object@https://registry.npmjs.org/is-date-object/-/is-date-object-1.1.0.tgz. Extracting by manifest.
3189 silly tarball no local data for which-typed-array@https://registry.npmjs.org/which-typed-array/-/which-typed-array-1.1.22.tgz. Extracting by manifest.
3190 silly tarball no local data for has-tostringtag@https://registry.npmjs.org/has-tostringtag/-/has-tostringtag-1.0.2.tgz. Extracting by manifest.
3191 silly tarball no local data for typed-array-length@https://registry.npmjs.org/typed-array-length/-/typed-array-length-1.0.8.tgz. Extracting by manifest.
3192 silly tarball no local data for unbox-primitive@https://registry.npmjs.org/unbox-primitive/-/unbox-primitive-1.1.0.tgz. Extracting by manifest.
3193 silly tarball no local data for es-abstract-get@https://registry.npmjs.org/es-abstract-get/-/es-abstract-get-1.0.0.tgz. Extracting by manifest.
3194 silly tarball no local data for typed-array-buffer@https://registry.npmjs.org/typed-array-buffer/-/typed-array-buffer-1.0.3.tgz. Extracting by manifest.
3195 silly tarball no local data for string.prototype.trim@https://registry.npmjs.org/string.prototype.trim/-/string.prototype.trim-1.2.11.tgz. Extracting by manifest.
3196 silly tarball no local data for stop-iteration-iterator@https://registry.npmjs.org/stop-iteration-iterator/-/stop-iteration-iterator-1.1.0.tgz. Extracting by manifest.
3197 silly tarball no local data for typed-array-byte-offset@https://registry.npmjs.org/typed-array-byte-offset/-/typed-array-byte-offset-1.0.4.tgz. Extracting by manifest.
3198 silly tarball no local data for safe-push-apply@https://registry.npmjs.org/safe-push-apply/-/safe-push-apply-1.0.0.tgz. Extracting by manifest.
3199 silly tarball no local data for set-proto@https://registry.npmjs.org/set-proto/-/set-proto-1.0.0.tgz. Extracting by manifest.
3200 silly tarball no local data for safe-array-concat@https://registry.npmjs.org/safe-array-concat/-/safe-array-concat-1.1.4.tgz. Extracting by manifest.
3201 silly tarball no local data for typed-array-byte-length@https://registry.npmjs.org/typed-array-byte-length/-/typed-array-byte-length-1.0.3.tgz. Extracting by manifest.
3202 silly tarball no local data for safe-regex-test@https://registry.npmjs.org/safe-regex-test/-/safe-regex-test-1.1.0.tgz. Extracting by manifest.
3203 silly tarball no local data for string.prototype.trimstart@https://registry.npmjs.org/string.prototype.trimstart/-/string.prototype.trimstart-1.0.8.tgz. Extracting by manifest.
3204 silly tarball no local data for own-keys@https://registry.npmjs.org/own-keys/-/own-keys-1.0.2.tgz. Extracting by manifest.
3205 silly tarball no local data for object-inspect@https://registry.npmjs.org/object-inspect/-/object-inspect-1.13.4.tgz. Extracting by manifest.
3206 silly tarball no local data for is-weakref@https://registry.npmjs.org/is-weakref/-/is-weakref-1.1.1.tgz. Extracting by manifest.
3207 silly tarball no local data for object.assign@https://registry.npmjs.org/object.assign/-/object.assign-4.1.7.tgz. Extracting by manifest.
3208 silly tarball no local data for is-typed-array@https://registry.npmjs.org/is-typed-array/-/is-typed-array-1.1.15.tgz. Extracting by manifest.
3209 silly tarball no local data for is-regex@https://registry.npmjs.org/is-regex/-/is-regex-1.2.1.tgz. Extracting by manifest.
3210 silly tarball no local data for is-set@https://registry.npmjs.org/is-set/-/is-set-2.0.3.tgz. Extracting by manifest.
3211 silly tarball no local data for is-data-view@https://registry.npmjs.org/is-data-view/-/is-data-view-1.0.2.tgz. Extracting by manifest.
3212 silly tarball no local data for is-negative-zero@https://registry.npmjs.org/is-negative-zero/-/is-negative-zero-2.0.3.tgz. Extracting by manifest.
3213 silly tarball no local data for regexp.prototype.flags@https://registry.npmjs.org/regexp.prototype.flags/-/regexp.prototype.flags-1.5.4.tgz. Extracting by manifest.
3214 silly tarball no local data for is-array-buffer@https://registry.npmjs.org/is-array-buffer/-/is-array-buffer-3.0.5.tgz. Extracting by manifest.
3215 silly tarball no local data for is-callable@https://registry.npmjs.org/is-callable/-/is-callable-1.2.7.tgz. Extracting by manifest.
3216 silly tarball no local data for is-shared-array-buffer@https://registry.npmjs.org/is-shared-array-buffer/-/is-shared-array-buffer-1.0.4.tgz. Extracting by manifest.
3217 silly tarball no local data for internal-slot@https://registry.npmjs.org/internal-slot/-/internal-slot-1.1.0.tgz. Extracting by manifest.
3218 silly tarball no local data for has-symbols@https://registry.npmjs.org/has-symbols/-/has-symbols-1.1.0.tgz. Extracting by manifest.
3219 silly tarball no local data for get-proto@https://registry.npmjs.org/get-proto/-/get-proto-1.0.1.tgz. Extracting by manifest.
3220 silly tarball no local data for has-proto@https://registry.npmjs.org/has-proto/-/has-proto-1.2.0.tgz. Extracting by manifest.
3221 silly tarball no local data for get-symbol-description@https://registry.npmjs.org/get-symbol-description/-/get-symbol-description-1.1.0.tgz. Extracting by manifest.
3222 silly tarball no local data for es-to-primitive@https://registry.npmjs.org/es-to-primitive/-/es-to-primitive-1.3.4.tgz. Extracting by manifest.
3223 silly tarball no local data for globalthis@https://registry.npmjs.org/globalthis/-/globalthis-1.0.4.tgz. Extracting by manifest.
3224 silly tarball no local data for function.prototype.name@https://registry.npmjs.org/function.prototype.name/-/function.prototype.name-1.2.0.tgz. Extracting by manifest.
3225 silly tarball no local data for es-set-tostringtag@https://registry.npmjs.org/es-set-tostringtag/-/es-set-tostringtag-2.1.0.tgz. Extracting by manifest.
3226 silly tarball no local data for data-view-byte-offset@https://registry.npmjs.org/data-view-byte-offset/-/data-view-byte-offset-1.0.1.tgz. Extracting by manifest.
3227 silly tarball no local data for data-view-byte-length@https://registry.npmjs.org/data-view-byte-length/-/data-view-byte-length-1.0.2.tgz. Extracting by manifest.
3228 silly tarball no local data for data-view-buffer@https://registry.npmjs.org/data-view-buffer/-/data-view-buffer-1.0.2.tgz. Extracting by manifest.
3229 silly tarball no local data for arraybuffer.prototype.slice@https://registry.npmjs.org/arraybuffer.prototype.slice/-/arraybuffer.prototype.slice-1.0.4.tgz. Extracting by manifest.
3230 silly tarball no local data for array-buffer-byte-length@https://registry.npmjs.org/array-buffer-byte-length/-/array-buffer-byte-length-1.0.2.tgz. Extracting by manifest.
3231 silly tarball no local data for available-typed-arrays@https://registry.npmjs.org/available-typed-arrays/-/available-typed-arrays-1.0.7.tgz. Extracting by manifest.
3232 silly tarball no local data for object-keys@https://registry.npmjs.org/object-keys/-/object-keys-1.1.1.tgz. Extracting by manifest.
3233 silly tarball no local data for function-bind@https://registry.npmjs.org/function-bind/-/function-bind-1.1.2.tgz. Extracting by manifest.
3234 silly tarball no local data for define-data-property@https://registry.npmjs.org/define-data-property/-/define-data-property-1.1.4.tgz. Extracting by manifest.
3235 silly tarball no local data for gopd@https://registry.npmjs.org/gopd/-/gopd-1.2.0.tgz. Extracting by manifest.
3236 silly tarball no local data for set-function-length@https://registry.npmjs.org/set-function-length/-/set-function-length-1.2.2.tgz. Extracting by manifest.
3237 silly tarball no local data for es-define-property@https://registry.npmjs.org/es-define-property/-/es-define-property-1.0.1.tgz. Extracting by manifest.
3238 silly tarball no local data for es-shim-unscopables@https://registry.npmjs.org/es-shim-unscopables/-/es-shim-unscopables-1.1.0.tgz. Extracting by manifest.
3239 silly tarball no local data for es-errors@https://registry.npmjs.org/es-errors/-/es-errors-1.3.0.tgz. Extracting by manifest.
3240 silly tarball no local data for call-bind-apply-helpers@https://registry.npmjs.org/call-bind-apply-helpers/-/call-bind-apply-helpers-1.0.2.tgz. Extracting by manifest.
3241 silly tarball no local data for has-property-descriptors@https://registry.npmjs.org/has-property-descriptors/-/has-property-descriptors-1.0.2.tgz. Extracting by manifest.
3242 silly tarball no local data for is-string@https://registry.npmjs.org/is-string/-/is-string-1.1.1.tgz. Extracting by manifest.
3243 silly tarball no local data for define-properties@https://registry.npmjs.org/define-properties/-/define-properties-1.2.1.tgz. Extracting by manifest.
3244 silly tarball no local data for es-abstract@https://registry.npmjs.org/es-abstract/-/es-abstract-1.24.2.tgz. Extracting by manifest.
3245 silly tarball no local data for math-intrinsics@https://registry.npmjs.org/math-intrinsics/-/math-intrinsics-1.1.0.tgz. Extracting by manifest.
3246 silly tarball no local data for es-object-atoms@https://registry.npmjs.org/es-object-atoms/-/es-object-atoms-1.1.2.tgz. Extracting by manifest.
3247 silly tarball no local data for call-bound@https://registry.npmjs.org/call-bound/-/call-bound-1.0.4.tgz. Extracting by manifest.
3248 silly tarball no local data for string.prototype.trimend@https://registry.npmjs.org/string.prototype.trimend/-/string.prototype.trimend-1.0.10.tgz. Extracting by manifest.
3249 silly tarball no local data for object.values@https://registry.npmjs.org/object.values/-/object.values-1.2.1.tgz. Extracting by manifest.
3250 silly tarball no local data for call-bind@https://registry.npmjs.org/call-bind/-/call-bind-1.0.9.tgz. Extracting by manifest.
3251 silly tarball no local data for tsconfig-paths@https://registry.npmjs.org/tsconfig-paths/-/tsconfig-paths-3.15.0.tgz. Extracting by manifest.
3252 silly tarball no local data for semver@https://registry.npmjs.org/semver/-/semver-6.3.1.tgz. Extracting by manifest.
3253 silly tarball no local data for object.fromentries@https://registry.npmjs.org/object.fromentries/-/object.fromentries-2.0.8.tgz. Extracting by manifest.
3254 silly tarball no local data for get-intrinsic@https://registry.npmjs.org/get-intrinsic/-/get-intrinsic-1.3.0.tgz. Extracting by manifest.
3255 silly tarball no local data for object.groupby@https://registry.npmjs.org/object.groupby/-/object.groupby-1.0.3.tgz. Extracting by manifest.
3256 silly tarball no local data for hasown@https://registry.npmjs.org/hasown/-/hasown-2.0.4.tgz. Extracting by manifest.
3257 silly tarball no local data for doctrine@https://registry.npmjs.org/doctrine/-/doctrine-2.1.0.tgz. Extracting by manifest.
3258 silly tarball no local data for array-includes@https://registry.npmjs.org/array-includes/-/array-includes-3.1.9.tgz. Extracting by manifest.
3259 silly tarball no local data for eslint-module-utils@https://registry.npmjs.org/eslint-module-utils/-/eslint-module-utils-2.14.0.tgz. Extracting by manifest.
3260 silly tarball no local data for array.prototype.flat@https://registry.npmjs.org/array.prototype.flat/-/array.prototype.flat-1.3.3.tgz. Extracting by manifest.
3261 silly tarball no local data for @rtsao/scc@https://registry.npmjs.org/@rtsao/scc/-/scc-1.1.0.tgz. Extracting by manifest.
3262 silly tarball no local data for array.prototype.findlastindex@https://registry.npmjs.org/array.prototype.findlastindex/-/array.prototype.findlastindex-1.2.6.tgz. Extracting by manifest.
3263 silly tarball no local data for array.prototype.flatmap@https://registry.npmjs.org/array.prototype.flatmap/-/array.prototype.flatmap-1.3.3.tgz. Extracting by manifest.
3264 silly tarball no local data for stable-hash@https://registry.npmjs.org/stable-hash/-/stable-hash-0.0.5.tgz. Extracting by manifest.
3265 silly tarball no local data for unrs-resolver@https://registry.npmjs.org/unrs-resolver/-/unrs-resolver-1.12.2.tgz. Extracting by manifest.
3266 silly tarball no local data for is-bun-module@https://registry.npmjs.org/is-bun-module/-/is-bun-module-2.0.0.tgz. Extracting by manifest.
3267 silly tarball no local data for @nolyfill/is-core-module@https://registry.npmjs.org/@nolyfill/is-core-module/-/is-core-module-1.0.39.tgz. Extracting by manifest.
3268 silly tarball no local data for resolve@https://registry.npmjs.org/resolve/-/resolve-2.0.0-next.7.tgz. Extracting by manifest.
3269 silly tarball no local data for get-tsconfig@https://registry.npmjs.org/get-tsconfig/-/get-tsconfig-4.14.3.tgz. Extracting by manifest.
3270 silly tarball no local data for fast-glob@https://registry.npmjs.org/fast-glob/-/fast-glob-3.3.1.tgz. Extracting by manifest.
3271 silly tarball no local data for tinyglobby@https://registry.npmjs.org/tinyglobby/-/tinyglobby-0.2.17.tgz. Extracting by manifest.
3272 silly tarball no local data for is-core-module@https://registry.npmjs.org/is-core-module/-/is-core-module-2.16.2.tgz. Extracting by manifest.
3273 silly tarball no local data for eslint-plugin-import@https://registry.npmjs.org/eslint-plugin-import/-/eslint-plugin-import-2.32.0.tgz. Extracting by manifest.
3274 silly tarball no local data for eslint-plugin-jsx-a11y@https://registry.npmjs.org/eslint-plugin-jsx-a11y/-/eslint-plugin-jsx-a11y-6.10.2.tgz. Extracting by manifest.
3275 silly tarball no local data for typescript-eslint@https://registry.npmjs.org/typescript-eslint/-/typescript-eslint-8.68.0.tgz. Extracting by manifest.
3276 silly tarball no local data for eslint-plugin-react-hooks@https://registry.npmjs.org/eslint-plugin-react-hooks/-/eslint-plugin-react-hooks-7.1.1.tgz. Extracting by manifest.
3277 silly tarball no local data for eslint-import-resolver-typescript@https://registry.npmjs.org/eslint-import-resolver-typescript/-/eslint-import-resolver-typescript-3.10.1.tgz. Extracting by manifest.
3278 silly tarball no local data for @next/eslint-plugin-next@https://registry.npmjs.org/@next/eslint-plugin-next/-/eslint-plugin-next-16.3.3.tgz. Extracting by manifest.
3279 silly tarball no local data for eslint-plugin-react@https://registry.npmjs.org/eslint-plugin-react/-/eslint-plugin-react-7.37.5.tgz. Extracting by manifest.
3280 silly tarball no local data for which@https://registry.npmjs.org/which/-/which-2.0.2.tgz. Extracting by manifest.
3281 silly tarball no local data for eslint-import-resolver-node@https://registry.npmjs.org/eslint-import-resolver-node/-/eslint-import-resolver-node-0.3.10.tgz. Extracting by manifest.
3282 silly tarball no local data for shebang-command@https://registry.npmjs.org/shebang-command/-/shebang-command-2.0.0.tgz. Extracting by manifest.
3283 silly tarball no local data for color-name@https://registry.npmjs.org/color-name/-/color-name-1.1.4.tgz. Extracting by manifest.
3284 silly tarball no local data for color-convert@https://registry.npmjs.org/color-convert/-/color-convert-2.0.1.tgz. Extracting by manifest.
3285 silly tarball no local data for supports-color@https://registry.npmjs.org/supports-color/-/supports-color-7.2.0.tgz. Extracting by manifest.
3286 silly tarball no local data for uri-js@https://registry.npmjs.org/uri-js/-/uri-js-4.4.1.tgz. Extracting by manifest.
3287 silly tarball no local data for ms@https://registry.npmjs.org/ms/-/ms-2.1.3.tgz. Extracting by manifest.
3288 silly tarball no local data for @humanfs/types@https://registry.npmjs.org/@humanfs/types/-/types-0.15.0.tgz. Extracting by manifest.
3289 silly tarball no local data for levn@https://registry.npmjs.org/levn/-/levn-0.4.1.tgz. Extracting by manifest.
3290 silly tarball no local data for json-schema-traverse@https://registry.npmjs.org/json-schema-traverse/-/json-schema-traverse-0.4.1.tgz. Extracting by manifest.
3291 silly tarball no local data for path-key@https://registry.npmjs.org/path-key/-/path-key-3.1.1.tgz. Extracting by manifest.
3292 silly tarball no local data for strip-json-comments@https://registry.npmjs.org/strip-json-comments/-/strip-json-comments-3.1.1.tgz. Extracting by manifest.
3293 silly tarball no local data for globals@https://registry.npmjs.org/globals/-/globals-14.0.0.tgz. Extracting by manifest.
3294 silly tarball no local data for ansi-styles@https://registry.npmjs.org/ansi-styles/-/ansi-styles-4.3.0.tgz. Extracting by manifest.
3295 silly tarball no local data for js-yaml@https://registry.npmjs.org/js-yaml/-/js-yaml-4.3.2.tgz. Extracting by manifest.
3296 silly tarball no local data for @humanfs/core@https://registry.npmjs.org/@humanfs/core/-/core-0.19.2.tgz. Extracting by manifest.
3297 silly tarball no local data for @types/json-schema@https://registry.npmjs.org/@types/json-schema/-/json-schema-7.0.15.tgz. Extracting by manifest.
3298 silly tarball no local data for import-fresh@https://registry.npmjs.org/import-fresh/-/import-fresh-3.3.1.tgz. Extracting by manifest.
3299 silly tarball no local data for optionator@https://registry.npmjs.org/optionator/-/optionator-0.9.4.tgz. Extracting by manifest.
3300 silly tarball no local data for @eslint/object-schema@https://registry.npmjs.org/@eslint/object-schema/-/object-schema-2.1.7.tgz. Extracting by manifest.
3301 silly tarball no local data for natural-compare@https://registry.npmjs.org/natural-compare/-/natural-compare-1.4.0.tgz. Extracting by manifest.
3302 silly tarball no local data for lodash.merge@https://registry.npmjs.org/lodash.merge/-/lodash.merge-4.6.2.tgz. Extracting by manifest.
3303 silly tarball no local data for is-glob@https://registry.npmjs.org/is-glob/-/is-glob-4.0.3.tgz. Extracting by manifest.
3304 silly tarball no local data for fast-json-stable-stringify@https://registry.npmjs.org/fast-json-stable-stringify/-/fast-json-stable-stringify-2.1.0.tgz. Extracting by manifest.
3305 silly tarball no local data for json-stable-stringify-without-jsonify@https://registry.npmjs.org/json-stable-stringify-without-jsonify/-/json-stable-stringify-without-jsonify-1.0.1.tgz. Extracting by manifest.
3306 silly tarball no local data for ignore@https://registry.npmjs.org/ignore/-/ignore-5.3.2.tgz. Extracting by manifest.
3307 silly tarball no local data for imurmurhash@https://registry.npmjs.org/imurmurhash/-/imurmurhash-0.1.4.tgz. Extracting by manifest.
3308 silly tarball no local data for glob-parent@https://registry.npmjs.org/glob-parent/-/glob-parent-6.0.2.tgz. Extracting by manifest.
3309 silly tarball no local data for find-up@https://registry.npmjs.org/find-up/-/find-up-5.0.0.tgz. Extracting by manifest.
3310 silly tarball no local data for esquery@https://registry.npmjs.org/esquery/-/esquery-1.7.0.tgz. Extracting by manifest.
3311 silly tarball no local data for file-entry-cache@https://registry.npmjs.org/file-entry-cache/-/file-entry-cache-8.0.0.tgz. Extracting by manifest.
3312 silly tarball no local data for esutils@https://registry.npmjs.org/esutils/-/esutils-2.0.3.tgz. Extracting by manifest.
3313 silly tarball no local data for espree@https://registry.npmjs.org/espree/-/espree-10.4.0.tgz. Extracting by manifest.
3314 silly tarball no local data for minimatch@https://registry.npmjs.org/minimatch/-/minimatch-3.1.5.tgz. Extracting by manifest.
3315 silly tarball no local data for cross-spawn@https://registry.npmjs.org/cross-spawn/-/cross-spawn-7.0.6.tgz. Extracting by manifest.
3316 silly tarball no local data for escape-string-regexp@https://registry.npmjs.org/escape-string-regexp/-/escape-string-regexp-4.0.0.tgz. Extracting by manifest.
3317 silly tarball no local data for eslint-visitor-keys@https://registry.npmjs.org/eslint-visitor-keys/-/eslint-visitor-keys-4.2.1.tgz. Extracting by manifest.
3318 silly tarball no local data for eslint-scope@https://registry.npmjs.org/eslint-scope/-/eslint-scope-8.4.0.tgz. Extracting by manifest.
3319 silly tarball no local data for debug@https://registry.npmjs.org/debug/-/debug-4.4.3.tgz. Extracting by manifest.
3320 silly tarball no local data for ajv@https://registry.npmjs.org/ajv/-/ajv-6.15.0.tgz. Extracting by manifest.
3321 silly tarball no local data for fast-deep-equal@https://registry.npmjs.org/fast-deep-equal/-/fast-deep-equal-3.1.3.tgz. Extracting by manifest.
3322 silly tarball no local data for @humanwhocodes/module-importer@https://registry.npmjs.org/@humanwhocodes/module-importer/-/module-importer-1.0.1.tgz. Extracting by manifest.
3323 silly tarball no local data for @humanfs/node@https://registry.npmjs.org/@humanfs/node/-/node-0.16.8.tgz. Extracting by manifest.
3324 silly tarball no local data for @types/estree@https://registry.npmjs.org/@types/estree/-/estree-1.0.9.tgz. Extracting by manifest.
3325 silly tarball no local data for @humanwhocodes/retry@https://registry.npmjs.org/@humanwhocodes/retry/-/retry-0.4.3.tgz. Extracting by manifest.
3326 silly tarball no local data for @eslint/plugin-kit@https://registry.npmjs.org/@eslint/plugin-kit/-/plugin-kit-0.4.1.tgz. Extracting by manifest.
3327 silly tarball no local data for @eslint/js@https://registry.npmjs.org/@eslint/js/-/js-9.39.5.tgz. Extracting by manifest.
3328 silly tarball no local data for @eslint/core@https://registry.npmjs.org/@eslint/core/-/core-0.17.0.tgz. Extracting by manifest.
3329 silly tarball no local data for @eslint/eslintrc@https://registry.npmjs.org/@eslint/eslintrc/-/eslintrc-3.3.6.tgz. Extracting by manifest.
3330 silly tarball no local data for @eslint/config-helpers@https://registry.npmjs.org/@eslint/config-helpers/-/config-helpers-0.4.2.tgz. Extracting by manifest.
3331 silly tarball no local data for graceful-fs@https://registry.npmjs.org/graceful-fs/-/graceful-fs-4.2.11.tgz. Extracting by manifest.
3332 silly tarball no local data for tapable@https://registry.npmjs.org/tapable/-/tapable-2.3.3.tgz. Extracting by manifest.
3333 silly tarball no local data for @eslint/config-array@https://registry.npmjs.org/@eslint/config-array/-/config-array-0.21.2.tgz. Extracting by manifest.
3334 silly tarball no local data for @eslint-community/regexpp@https://registry.npmjs.org/@eslint-community/regexpp/-/regexpp-4.12.2.tgz. Extracting by manifest.
3335 silly tarball no local data for csstype@https://registry.npmjs.org/csstype/-/csstype-3.2.3.tgz. Extracting by manifest.
3336 silly tarball no local data for chalk@https://registry.npmjs.org/chalk/-/chalk-4.1.2.tgz. Extracting by manifest.
3337 silly tarball no local data for undici-types@https://registry.npmjs.org/undici-types/-/undici-types-6.21.0.tgz. Extracting by manifest.
3338 silly tarball no local data for @eslint-community/eslint-utils@https://registry.npmjs.org/@eslint-community/eslint-utils/-/eslint-utils-4.10.1.tgz. Extracting by manifest.
3339 silly tarball no local data for @jridgewell/sourcemap-codec@https://registry.npmjs.org/@jridgewell/sourcemap-codec/-/sourcemap-codec-1.6.0.tgz. Extracting by manifest.
3340 silly tarball no local data for @tailwindcss/oxide-darwin-arm64@https://registry.npmjs.org/@tailwindcss/oxide-darwin-arm64/-/oxide-darwin-arm64-4.3.3.tgz. Extracting by manifest.
3341 silly tarball no local data for @jridgewell/resolve-uri@https://registry.npmjs.org/@jridgewell/resolve-uri/-/resolve-uri-3.1.2.tgz. Extracting by manifest.
3342 silly tarball no local data for @jridgewell/trace-mapping@https://registry.npmjs.org/@jridgewell/trace-mapping/-/trace-mapping-0.3.31.tgz. Extracting by manifest.
3343 silly tarball no local data for source-map-js@https://registry.npmjs.org/source-map-js/-/source-map-js-1.2.1.tgz. Extracting by manifest.
3344 silly tarball no local data for magic-string@https://registry.npmjs.org/magic-string/-/magic-string-0.30.21.tgz. Extracting by manifest.
3345 silly tarball no local data for enhanced-resolve@https://registry.npmjs.org/enhanced-resolve/-/enhanced-resolve-5.24.5.tgz. Extracting by manifest.
3346 silly tarball no local data for @jridgewell/gen-mapping@https://registry.npmjs.org/@jridgewell/gen-mapping/-/gen-mapping-0.3.13.tgz. Extracting by manifest.
3347 silly tarball no local data for jiti@https://registry.npmjs.org/jiti/-/jiti-2.7.0.tgz. Extracting by manifest.
3348 silly tarball no local data for lightningcss@https://registry.npmjs.org/lightningcss/-/lightningcss-1.32.0.tgz. Extracting by manifest.
3349 silly tarball no local data for @tailwindcss/oxide@https://registry.npmjs.org/@tailwindcss/oxide/-/oxide-4.3.3.tgz. Extracting by manifest.
3350 silly tarball no local data for @jridgewell/remapping@https://registry.npmjs.org/@jridgewell/remapping/-/remapping-2.3.5.tgz. Extracting by manifest.
3351 silly tarball no local data for @tailwindcss/node@https://registry.npmjs.org/@tailwindcss/node/-/node-4.3.3.tgz. Extracting by manifest.
3352 silly tarball no local data for tailwindcss@https://registry.npmjs.org/tailwindcss/-/tailwindcss-4.3.3.tgz. Extracting by manifest.
3353 silly tarball no local data for postcss@https://registry.npmjs.org/postcss/-/postcss-8.5.26.tgz. Extracting by manifest.
3354 silly tarball no local data for @alloc/quick-lru@https://registry.npmjs.org/@alloc/quick-lru/-/quick-lru-5.2.0.tgz. Extracting by manifest.
3355 silly tarball no local data for typescript@https://registry.npmjs.org/typescript/-/typescript-5.9.3.tgz. Extracting by manifest.
3356 silly tarball no local data for react-dom@https://registry.npmjs.org/react-dom/-/react-dom-19.2.8.tgz. Extracting by manifest.
3357 silly tarball no local data for react@https://registry.npmjs.org/react/-/react-19.2.8.tgz. Extracting by manifest.
3358 silly tarball no local data for @types/react-dom@https://registry.npmjs.org/@types/react-dom/-/react-dom-19.2.5.tgz. Extracting by manifest.
3359 silly tarball no local data for next@https://registry.npmjs.org/next/-/next-16.3.3.tgz. Extracting by manifest.
3360 silly tarball no local data for @types/react@https://registry.npmjs.org/@types/react/-/react-19.2.18.tgz. Extracting by manifest.
3361 silly tarball no local data for eslint-config-next@https://registry.npmjs.org/eslint-config-next/-/eslint-config-next-16.3.3.tgz. Extracting by manifest.
3362 silly tarball no local data for eslint@https://registry.npmjs.org/eslint/-/eslint-9.39.5.tgz. Extracting by manifest.
3363 silly tarball no local data for @types/node@https://registry.npmjs.org/@types/node/-/node-20.19.43.tgz. Extracting by manifest.
3364 silly tarball no local data for @emnapi/runtime@https://registry.npmjs.org/@emnapi/runtime/-/runtime-1.10.0.tgz. Extracting by manifest.
3365 silly tarball no local data for brace-expansion@https://registry.npmjs.org/brace-expansion/-/brace-expansion-5.0.9.tgz. Extracting by manifest.
3366 silly tarball no local data for balanced-match@https://registry.npmjs.org/balanced-match/-/balanced-match-4.0.4.tgz. Extracting by manifest.
3367 silly tarball no local data for semver@https://registry.npmjs.org/semver/-/semver-7.8.5.tgz. Extracting by manifest.
3368 silly tarball no local data for ignore@https://registry.npmjs.org/ignore/-/ignore-7.0.6.tgz. Extracting by manifest.
3369 silly tarball no local data for @tailwindcss/postcss@https://registry.npmjs.org/@tailwindcss/postcss/-/postcss-4.3.3.tgz. Extracting by manifest.
3370 silly tarball no local data for semver@https://registry.npmjs.org/semver/-/semver-7.8.5.tgz. Extracting by manifest.
3371 silly tarball no local data for json5@https://registry.npmjs.org/json5/-/json5-1.0.2.tgz. Extracting by manifest.
3372 silly tarball no local data for eslint-visitor-keys@https://registry.npmjs.org/eslint-visitor-keys/-/eslint-visitor-keys-5.0.1.tgz. Extracting by manifest.
3373 silly tarball no local data for semver@https://registry.npmjs.org/semver/-/semver-7.8.5.tgz. Extracting by manifest.
3374 silly tarball no local data for picomatch@https://registry.npmjs.org/picomatch/-/picomatch-4.0.7.tgz. Extracting by manifest.
3375 silly tarball no local data for fdir@https://registry.npmjs.org/fdir/-/fdir-6.5.0.tgz. Extracting by manifest.
3376 silly tarball no local data for glob-parent@https://registry.npmjs.org/glob-parent/-/glob-parent-5.1.2.tgz. Extracting by manifest.
3377 silly tarball no local data for debug@https://registry.npmjs.org/debug/-/debug-3.2.7.tgz. Extracting by manifest.
3378 silly tarball no local data for eslint-visitor-keys@https://registry.npmjs.org/eslint-visitor-keys/-/eslint-visitor-keys-3.4.3.tgz. Extracting by manifest.
3379 silly tarball no local data for debug@https://registry.npmjs.org/debug/-/debug-3.2.7.tgz. Extracting by manifest.
3380 silly tarball no local data for @eslint-community/eslint-utils@https://registry.npmjs.org/@eslint-community/eslint-utils/-/eslint-utils-4.9.1.tgz. Extracting by manifest.
3381 silly tarball no local data for debug@https://registry.npmjs.org/debug/-/debug-3.2.7.tgz. Extracting by manifest.
3382 silly tarball no local data for postcss@https://registry.npmjs.org/postcss/-/postcss-8.5.23.tgz. Extracting by manifest.
3383 silly tarball no local data for eslint-visitor-keys@https://registry.npmjs.org/eslint-visitor-keys/-/eslint-visitor-keys-3.4.3.tgz. Extracting by manifest.
3384 silly tarball no local data for globals@https://registry.npmjs.org/globals/-/globals-16.4.0.tgz. Extracting by manifest.
3385 silly tarball no local data for minimatch@https://registry.npmjs.org/minimatch/-/minimatch-10.2.6.tgz. Extracting by manifest.
3386 http fetch GET 200 https://registry.npmjs.org/async-function/-/async-function-1.0.0.tgz 432ms (cache miss)
3387 http fetch GET 200 https://registry.npmjs.org/generator-function/-/generator-function-2.0.1.tgz 433ms (cache miss)
3388 http fetch GET 200 https://registry.npmjs.org/is-finalizationregistry/-/is-finalizationregistry-1.1.1.tgz 486ms (cache miss)
3389 http fetch GET 200 https://registry.npmjs.org/is-map/-/is-map-2.0.3.tgz 541ms (cache miss)
3390 http fetch POST 200 https://registry.npmjs.org/-/npm/v1/security/advisories/bulk 623ms
3391 silly audit report {}
3392 http fetch GET 200 https://registry.npmjs.org/which-collection/-/which-collection-1.0.2.tgz 592ms (cache miss)
3393 http fetch GET 200 https://registry.npmjs.org/is-generator-function/-/is-generator-function-1.1.2.tgz 591ms (cache miss)
3394 http fetch GET 200 https://registry.npmjs.org/is-weakset/-/is-weakset-2.0.4.tgz 592ms (cache miss)
3395 http fetch GET 200 https://registry.npmjs.org/is-weakmap/-/is-weakmap-2.0.2.tgz 716ms (cache miss)
3396 http fetch GET 200 https://registry.npmjs.org/escalade/-/escalade-3.2.0.tgz 827ms (cache miss)
3397 http fetch GET 200 https://registry.npmjs.org/napi-postinstall/-/napi-postinstall-0.3.4.tgz 828ms (cache miss)
3398 http fetch GET 200 https://registry.npmjs.org/@typescript-eslint/tsconfig-utils/-/tsconfig-utils-8.68.0.tgz 956ms (cache miss)
3399 http fetch GET 200 https://registry.npmjs.org/isexe/-/isexe-2.0.0.tgz 1096ms (cache miss)
3400 http fetch GET 200 https://registry.npmjs.org/is-number-object/-/is-number-object-1.1.1.tgz 1110ms (cache miss)
3401 http fetch GET 200 https://registry.npmjs.org/which-boxed-primitive/-/which-boxed-primitive-1.1.1.tgz 1120ms (cache miss)
3402 http fetch GET 200 https://registry.npmjs.org/has-bigints/-/has-bigints-1.1.0.tgz 1236ms (cache miss)
3403 http fetch GET 200 https://registry.npmjs.org/punycode/-/punycode-2.3.1.tgz 1239ms (cache miss)
3404 http fetch GET 200 https://registry.npmjs.org/is-async-function/-/is-async-function-2.1.1.tgz 1239ms (cache miss)
3405 http fetch GET 200 https://registry.npmjs.org/is-boolean-object/-/is-boolean-object-1.2.2.tgz 1240ms (cache miss)
3406 http fetch GET 200 https://registry.npmjs.org/@typescript-eslint/project-service/-/project-service-8.68.0.tgz 1408ms (cache miss)
3407 http fetch GET 200 https://registry.npmjs.org/ts-api-utils/-/ts-api-utils-2.5.0.tgz 1762ms (cache miss)
3408 http fetch GET 200 https://registry.npmjs.org/@typescript-eslint/visitor-keys/-/visitor-keys-8.68.0.tgz 1927ms (cache miss)
3409 http fetch GET 200 https://registry.npmjs.org/is-bigint/-/is-bigint-1.1.0.tgz 2462ms (cache miss)
3410 http fetch GET 200 https://registry.npmjs.org/reflect.getprototypeof/-/reflect.getprototypeof-1.0.10.tgz 2635ms (cache miss)
3411 http fetch GET 200 https://registry.npmjs.org/which-builtin-type/-/which-builtin-type-1.2.1.tgz 2637ms (cache miss)
3412 http fetch GET 200 https://registry.npmjs.org/@typescript-eslint/types/-/types-8.68.0.tgz 2900ms (cache miss)
3413 http fetch GET 200 https://registry.npmjs.org/minimist/-/minimist-1.2.8.tgz 3073ms (cache miss)
3414 http fetch GET 200 https://registry.npmjs.org/has-flag/-/has-flag-4.0.0.tgz 3096ms (cache miss)
3415 http fetch GET 200 https://registry.npmjs.org/@emnapi/wasi-threads/-/wasi-threads-1.2.1.tgz 3097ms (cache miss)
3416 http fetch GET 200 https://registry.npmjs.org/for-each/-/for-each-0.3.5.tgz 3264ms (cache miss)
3417 http fetch GET 200 https://registry.npmjs.org/@typescript-eslint/parser/-/parser-8.68.0.tgz 3423ms (cache miss)
3418 http fetch GET 200 https://registry.npmjs.org/@typescript-eslint/type-utils/-/type-utils-8.68.0.tgz 3428ms (cache miss)
3419 http fetch GET 200 https://registry.npmjs.org/strip-bom/-/strip-bom-3.0.0.tgz 3611ms (cache miss)
3420 http fetch GET 200 https://registry.npmjs.org/is-number/-/is-number-7.0.0.tgz 3612ms (cache miss)
3421 http fetch GET 200 https://registry.npmjs.org/@types/json5/-/json5-0.0.29.tgz 3705ms (cache miss)
3422 http fetch GET 200 https://registry.npmjs.org/side-channel-weakmap/-/side-channel-weakmap-1.0.2.tgz 3740ms (cache miss)
3423 http fetch GET 200 https://registry.npmjs.org/side-channel-map/-/side-channel-map-1.0.1.tgz 3875ms (cache miss)
3424 http fetch GET 200 https://registry.npmjs.org/@tybys/wasm-util/-/wasm-util-0.10.3.tgz 3877ms (cache miss)
3425 http fetch GET 200 https://registry.npmjs.org/shebang-regex/-/shebang-regex-3.0.0.tgz 3944ms (cache miss)
3426 http fetch GET 200 https://registry.npmjs.org/client-only/-/client-only-0.0.1.tgz 3965ms (cache miss)
3427 http fetch GET 200 https://registry.npmjs.org/@typescript-eslint/typescript-estree/-/typescript-estree-8.68.0.tgz 3999ms (cache miss)
3428 http fetch GET 200 https://registry.npmjs.org/side-channel-list/-/side-channel-list-1.0.1.tgz 4021ms (cache miss)
3429 http fetch GET 200 https://registry.npmjs.org/supports-preserve-symlinks-flag/-/supports-preserve-symlinks-flag-1.0.0.tgz 4754ms (cache miss)
3430 http fetch GET 200 https://registry.npmjs.org/@img/colour/-/colour-1.1.0.tgz 5247ms (cache miss)
3431 http fetch GET 200 https://registry.npmjs.org/scheduler/-/scheduler-0.27.0.tgz 5515ms (cache miss)
3432 http fetch GET 200 https://registry.npmjs.org/queue-microtask/-/queue-microtask-1.2.3.tgz 6316ms (cache miss)
3433 http fetch GET 200 https://registry.npmjs.org/@typescript-eslint/utils/-/utils-8.68.0.tgz 6456ms (cache miss)
3434 http fetch GET 200 https://registry.npmjs.org/path-parse/-/path-parse-1.0.7.tgz 6734ms (cache miss)
3435 http fetch GET 200 https://registry.npmjs.org/object-assign/-/object-assign-4.1.1.tgz 6857ms (cache miss)
3436 http fetch GET 200 https://registry.npmjs.org/isarray/-/isarray-2.0.5.tgz 6895ms (cache miss)
3437 http fetch GET 200 https://registry.npmjs.org/callsites/-/callsites-3.1.0.tgz 7128ms (cache miss)
3438 http fetch GET 200 https://registry.npmjs.org/@napi-rs/wasm-runtime/-/wasm-runtime-1.2.3.tgz 7131ms (cache miss)
3439 http fetch GET 200 https://registry.npmjs.org/yocto-queue/-/yocto-queue-0.1.0.tgz 7162ms (cache miss)
3440 http fetch GET 200 https://registry.npmjs.org/nanoid/-/nanoid-3.3.18.tgz 7163ms (cache miss)
3441 http fetch GET 200 https://registry.npmjs.org/loose-envify/-/loose-envify-1.4.0.tgz 7171ms (cache miss)
3442 http fetch GET 200 https://registry.npmjs.org/@emnapi/runtime/-/runtime-1.11.3.tgz 7208ms (cache miss)
3443 http fetch GET 200 https://registry.npmjs.org/deep-is/-/deep-is-0.1.4.tgz 7955ms (cache miss)
3444 http fetch GET 200 https://registry.npmjs.org/word-wrap/-/word-wrap-1.2.5.tgz 8084ms (cache miss)
3445 http fetch GET 200 https://registry.npmjs.org/node-exports-info/-/node-exports-info-1.6.2.tgz 8765ms (cache miss)
3446 http fetch GET 200 https://registry.npmjs.org/tslib/-/tslib-2.8.1.tgz 8877ms (cache miss)
3447 http fetch GET 200 https://registry.npmjs.org/p-limit/-/p-limit-3.1.0.tgz 9044ms (cache miss)
3448 http fetch GET 200 https://registry.npmjs.org/@typescript-eslint/scope-manager/-/scope-manager-8.68.0.tgz 9668ms (cache miss)
3449 http fetch GET 200 https://registry.npmjs.org/react-is/-/react-is-16.13.1.tgz 9821ms (cache miss)
3450 http fetch GET 200 https://registry.npmjs.org/styled-jsx/-/styled-jsx-5.1.6.tgz 10466ms (cache miss)
3451 http fetch GET 200 https://registry.npmjs.org/@next/env/-/env-16.3.3.tgz 10542ms (cache miss)
3452 http fetch GET 200 https://registry.npmjs.org/concat-map/-/concat-map-0.0.1.tgz 10677ms (cache miss)
3453 http fetch GET 200 https://registry.npmjs.org/fast-levenshtein/-/fast-levenshtein-2.0.6.tgz 10679ms (cache miss)
3454 http fetch GET 200 https://registry.npmjs.org/@swc/helpers/-/helpers-0.5.23.tgz 10707ms (cache miss)
3455 http fetch GET 200 https://registry.npmjs.org/balanced-match/-/balanced-match-1.0.2.tgz 10707ms (cache miss)
3456 http fetch GET 200 https://registry.npmjs.org/yallist/-/yallist-3.1.1.tgz 10774ms (cache miss)
3457 http fetch GET 200 https://registry.npmjs.org/fill-range/-/fill-range-7.1.1.tgz 10949ms (cache miss)
3458 http fetch GET 200 https://registry.npmjs.org/p-locate/-/p-locate-5.0.0.tgz 10986ms (cache miss)
3459 http fetch GET 200 https://registry.npmjs.org/brace-expansion/-/brace-expansion-1.1.18.tgz 11303ms (cache miss)
3460 http fetch GET 200 https://registry.npmjs.org/detect-libc/-/detect-libc-2.1.2.tgz 11449ms (cache miss)
3461 http fetch GET 200 https://registry.npmjs.org/to-regex-range/-/to-regex-range-5.0.1.tgz 11483ms (cache miss)
3462 http fetch GET 200 https://registry.npmjs.org/braces/-/braces-3.0.3.tgz 11830ms (cache miss)
3463 http fetch GET 200 https://registry.npmjs.org/json-buffer/-/json-buffer-3.0.1.tgz 12155ms (cache miss)
3464 http fetch GET 200 https://registry.npmjs.org/picomatch/-/picomatch-2.3.2.tgz 12285ms (cache miss)
3465 http fetch GET 200 https://registry.npmjs.org/type-check/-/type-check-0.4.0.tgz 12955ms (cache miss)
3466 http fetch GET 200 https://registry.npmjs.org/is-extglob/-/is-extglob-2.1.1.tgz 12983ms (cache miss)
3467 http fetch GET 200 https://registry.npmjs.org/side-channel/-/side-channel-1.1.1.tgz 13304ms (cache miss)
3468 http fetch GET 200 https://registry.npmjs.org/prelude-ls/-/prelude-ls-1.2.1.tgz 13667ms (cache miss)
3469 http fetch GET 200 https://registry.npmjs.org/set-function-name/-/set-function-name-2.0.2.tgz 13669ms (cache miss)
3470 http fetch GET 200 https://registry.npmjs.org/parent-module/-/parent-module-1.0.1.tgz 13669ms (cache miss)
3471 http fetch GET 200 https://registry.npmjs.org/resolve-from/-/resolve-from-4.0.0.tgz 13858ms (cache miss)
3472 http fetch GET 200 https://registry.npmjs.org/@img/sharp-darwin-arm64/-/sharp-darwin-arm64-0.35.4.tgz 14057ms (cache miss)
3473 http fetch GET 200 https://registry.npmjs.org/resolve-pkg-maps/-/resolve-pkg-maps-1.0.0.tgz 14066ms (cache miss)
3474 http fetch GET 200 https://registry.npmjs.org/is-document.all/-/is-document.all-1.0.0.tgz 14066ms (cache miss)
3475 http fetch GET 200 https://registry.npmjs.org/functions-have-names/-/functions-have-names-1.2.3.tgz 14461ms (cache miss)
3476 http fetch GET 200 https://registry.npmjs.org/path-exists/-/path-exists-4.0.0.tgz 14461ms (cache miss)
3477 http fetch GET 200 https://registry.npmjs.org/locate-path/-/locate-path-6.0.0.tgz 14468ms (cache miss)
3478 http fetch GET 200 https://registry.npmjs.org/sharp/-/sharp-0.35.4.tgz 14660ms (cache miss)
3479 http fetch GET 200 https://registry.npmjs.org/run-parallel/-/run-parallel-1.2.0.tgz 14879ms (cache miss)
3480 http fetch GET 200 https://registry.npmjs.org/flat-cache/-/flat-cache-4.0.1.tgz 14879ms (cache miss)
3481 http fetch GET 200 https://registry.npmjs.org/@emnapi/core/-/core-1.10.0.tgz 14885ms (cache miss)
3482 http fetch GET 200 https://registry.npmjs.org/keyv/-/keyv-4.5.4.tgz 15072ms (cache miss)
3483 http fetch GET 200 https://registry.npmjs.org/reusify/-/reusify-1.1.0.tgz 15275ms (cache miss)
3484 http fetch GET 200 https://registry.npmjs.org/flatted/-/flatted-3.4.4.tgz 15276ms (cache miss)
3485 http fetch GET 200 https://registry.npmjs.org/@nodelib/fs.walk/-/fs.walk-1.2.8.tgz 15468ms (cache miss)
3486 http fetch GET 200 https://registry.npmjs.org/merge2/-/merge2-1.4.1.tgz 15670ms (cache miss)
3487 http fetch GET 200 https://registry.npmjs.org/@nodelib/fs.scandir/-/fs.scandir-2.1.5.tgz 15672ms (cache miss)
3488 http fetch GET 200 https://registry.npmjs.org/acorn-jsx/-/acorn-jsx-5.3.2.tgz 15873ms (cache miss)
3489 http fetch GET 200 https://registry.npmjs.org/fastq/-/fastq-1.20.2.tgz 15874ms (cache miss)
3490 http fetch GET 200 https://registry.npmjs.org/esrecurse/-/esrecurse-4.3.0.tgz 16082ms (cache miss)
3491 http fetch GET 200 https://registry.npmjs.org/hermes-estree/-/hermes-estree-0.25.1.tgz 16084ms (cache miss)
3492 http fetch GET 200 https://registry.npmjs.org/@nodelib/fs.stat/-/fs.stat-2.0.5.tgz 16083ms (cache miss)
3493 http fetch GET 200 https://registry.npmjs.org/micromatch/-/micromatch-4.0.8.tgz 16266ms (cache miss)
3494 http fetch GET 200 https://registry.npmjs.org/update-browserslist-db/-/update-browserslist-db-1.3.2.tgz 16476ms (cache miss)
3495 http fetch GET 200 https://registry.npmjs.org/electron-to-chromium/-/electron-to-chromium-1.5.416.tgz 16477ms (cache miss)
3496 http fetch GET 200 https://registry.npmjs.org/@babel/helper-string-parser/-/helper-string-parser-7.29.7.tgz 16675ms (cache miss)
3497 http fetch GET 200 https://registry.npmjs.org/dunder-proto/-/dunder-proto-1.0.1.tgz 16676ms (cache miss)
3498 http fetch GET 200 https://registry.npmjs.org/@babel/helper-globals/-/helper-globals-7.29.7.tgz 16875ms (cache miss)
3499 http fetch GET 200 https://registry.npmjs.org/node-releases/-/node-releases-2.0.54.tgz 16876ms (cache miss)
3500 http fetch GET 200 https://registry.npmjs.org/argparse/-/argparse-2.0.1.tgz 17267ms (cache miss)
3501 http fetch GET 200 https://registry.npmjs.org/@babel/helper-module-imports/-/helper-module-imports-7.29.7.tgz 17466ms (cache miss)
3502 http fetch GET 200 https://registry.npmjs.org/picocolors/-/picocolors-1.1.1.tgz 17676ms (cache miss)
3503 http fetch GET 200 https://registry.npmjs.org/@babel/helper-validator-option/-/helper-validator-option-7.29.7.tgz 17676ms (cache miss)
3504 http fetch GET 200 https://registry.npmjs.org/jsesc/-/jsesc-3.1.0.tgz 17677ms (cache miss)
3505 http fetch GET 200 https://registry.npmjs.org/lru-cache/-/lru-cache-5.1.1.tgz 18076ms (cache miss)
3506 http fetch GET 200 https://registry.npmjs.org/@babel/helper-validator-identifier/-/helper-validator-identifier-7.29.7.tgz 18077ms (cache miss)
3507 http fetch GET 200 https://registry.npmjs.org/convert-source-map/-/convert-source-map-2.0.0.tgz 18277ms (cache miss)
3508 http fetch GET 200 https://registry.npmjs.org/@babel/compat-data/-/compat-data-7.29.7.tgz 18281ms (cache miss)
3509 http fetch GET 200 https://registry.npmjs.org/js-tokens/-/js-tokens-4.0.0.tgz 18466ms (cache miss)
3510 http fetch GET 200 https://registry.npmjs.org/baseline-browser-mapping/-/baseline-browser-mapping-2.11.20.tgz 18468ms (cache miss)
3511 http fetch GET 200 https://registry.npmjs.org/@babel/helper-module-transforms/-/helper-module-transforms-7.29.7.tgz 18866ms (cache miss)
3512 http fetch GET 200 https://registry.npmjs.org/acorn/-/acorn-8.18.0.tgz 19084ms (cache miss)
3513 http fetch GET 200 https://registry.npmjs.org/browserslist/-/browserslist-4.28.8.tgz 19143ms (cache miss)
3514 http fetch GET 200 https://registry.npmjs.org/@babel/traverse/-/traverse-7.29.8.tgz 19178ms (cache miss)
3515 http fetch GET 200 https://registry.npmjs.org/language-subtag-registry/-/language-subtag-registry-0.3.23.tgz 19334ms (cache miss)
3516 http fetch GET 200 https://registry.npmjs.org/gensync/-/gensync-1.0.0-beta.2.tgz 19438ms (cache miss)
3517 http fetch GET 200 https://registry.npmjs.org/@babel/helper-compilation-targets/-/helper-compilation-targets-7.29.7.tgz 19467ms (cache miss)
3518 http fetch GET 200 https://registry.npmjs.org/@babel/types/-/types-7.29.8.tgz 19493ms (cache miss)
3519 http fetch GET 200 https://registry.npmjs.org/string.prototype.repeat/-/string.prototype.repeat-1.0.0.tgz 19618ms (cache miss)
3520 http fetch GET 200 https://registry.npmjs.org/zod-validation-error/-/zod-validation-error-4.0.2.tgz 19743ms (cache miss)
3521 http fetch GET 200 https://registry.npmjs.org/@babel/template/-/template-7.29.7.tgz 19875ms (cache miss)
3522 http fetch GET 200 https://registry.npmjs.org/iterator.prototype/-/iterator.prototype-1.1.5.tgz 19876ms (cache miss)
3523 http fetch GET 200 https://registry.npmjs.org/json5/-/json5-2.2.3.tgz 19900ms (cache miss)
3524 http fetch GET 200 https://registry.npmjs.org/string.prototype.matchall/-/string.prototype.matchall-4.0.12.tgz 20126ms (cache miss)
3525 http fetch GET 200 https://registry.npmjs.org/prop-types/-/prop-types-15.8.1.tgz 20248ms (cache miss)
3526 http fetch GET 200 https://registry.npmjs.org/@babel/code-frame/-/code-frame-7.29.7.tgz 20396ms (cache miss)
3527 http fetch GET 200 https://registry.npmjs.org/estraverse/-/estraverse-5.3.0.tgz 20397ms (cache miss)
3528 http fetch GET 200 https://registry.npmjs.org/object.entries/-/object.entries-1.1.9.tgz 20577ms (cache miss)
3529 http fetch GET 200 https://registry.npmjs.org/es-iterator-helpers/-/es-iterator-helpers-1.4.0.tgz 20590ms (cache miss)
3530 http fetch GET 200 https://registry.npmjs.org/array.prototype.findlast/-/array.prototype.findlast-1.2.5.tgz 20745ms (cache miss)
3531 http fetch GET 200 https://registry.npmjs.org/language-tags/-/language-tags-1.0.9.tgz 20864ms (cache miss)
3532 http fetch GET 200 https://registry.npmjs.org/array.prototype.tosorted/-/array.prototype.tosorted-1.1.4.tgz 21051ms (cache miss)
3533 http fetch GET 200 https://registry.npmjs.org/jsx-ast-utils/-/jsx-ast-utils-3.3.5.tgz 21063ms (cache miss)
3534 http fetch GET 200 https://registry.npmjs.org/emoji-regex/-/emoji-regex-9.2.2.tgz 21224ms (cache miss)
3535 http fetch GET 200 https://registry.npmjs.org/damerau-levenshtein/-/damerau-levenshtein-1.0.8.tgz 21401ms (cache miss)
3536 http fetch GET 200 https://registry.npmjs.org/string.prototype.includes/-/string.prototype.includes-2.0.1.tgz 21403ms (cache miss)
3537 http fetch GET 200 https://registry.npmjs.org/aria-query/-/aria-query-5.3.2.tgz 21588ms (cache miss)
3538 http fetch GET 200 https://registry.npmjs.org/ast-types-flow/-/ast-types-flow-0.0.8.tgz 21701ms (cache miss)
3539 http fetch GET 200 https://registry.npmjs.org/@babel/generator/-/generator-7.29.8.tgz 21844ms (cache miss)
3540 http fetch GET 200 https://registry.npmjs.org/axobject-query/-/axobject-query-4.1.0.tgz 21853ms (cache miss)
3541 http fetch GET 200 https://registry.npmjs.org/is-symbol/-/is-symbol-1.1.1.tgz 22009ms (cache miss)
3542 http fetch GET 200 https://registry.npmjs.org/possible-typed-array-names/-/possible-typed-array-names-1.1.0.tgz 22010ms (cache miss)
3543 http fetch GET 200 https://registry.npmjs.org/@babel/core/-/core-7.29.7.tgz 22204ms (cache miss)
3544 http fetch GET 200 https://registry.npmjs.org/is-date-object/-/is-date-object-1.1.0.tgz 22206ms (cache miss)
3545 http fetch GET 200 https://registry.npmjs.org/typed-array-length/-/typed-array-length-1.0.8.tgz 22372ms (cache miss)
3546 http fetch GET 200 https://registry.npmjs.org/@typescript-eslint/eslint-plugin/-/eslint-plugin-8.68.0.tgz 22382ms (cache miss)
3547 http fetch GET 200 https://registry.npmjs.org/has-tostringtag/-/has-tostringtag-1.0.2.tgz 22397ms (cache miss)
3548 http fetch GET 200 https://registry.npmjs.org/which-typed-array/-/which-typed-array-1.1.22.tgz 22397ms (cache miss)
3549 http fetch GET 200 https://registry.npmjs.org/typed-array-buffer/-/typed-array-buffer-1.0.3.tgz 22540ms (cache miss)
3550 http fetch GET 200 https://registry.npmjs.org/es-abstract-get/-/es-abstract-get-1.0.0.tgz 22540ms (cache miss)
3551 http fetch GET 200 https://registry.npmjs.org/caniuse-lite/-/caniuse-lite-1.0.30001810.tgz 22550ms (cache miss)
3552 http fetch GET 200 https://registry.npmjs.org/unbox-primitive/-/unbox-primitive-1.1.0.tgz 22575ms (cache miss)
3553 http fetch GET 200 https://registry.npmjs.org/typed-array-byte-offset/-/typed-array-byte-offset-1.0.4.tgz 22626ms (cache miss)
3554 http fetch GET 200 https://registry.npmjs.org/stop-iteration-iterator/-/stop-iteration-iterator-1.1.0.tgz 22657ms (cache miss)
3555 http fetch GET 200 https://registry.npmjs.org/safe-push-apply/-/safe-push-apply-1.0.0.tgz 22657ms (cache miss)
3556 http fetch GET 200 https://registry.npmjs.org/string.prototype.trim/-/string.prototype.trim-1.2.11.tgz 22681ms (cache miss)
3557 http fetch GET 200 https://registry.npmjs.org/safe-array-concat/-/safe-array-concat-1.1.4.tgz 22687ms (cache miss)
3558 http fetch GET 200 https://registry.npmjs.org/set-proto/-/set-proto-1.0.0.tgz 22725ms (cache miss)
3559 http fetch GET 200 https://registry.npmjs.org/own-keys/-/own-keys-1.0.2.tgz 22768ms (cache miss)
3560 http fetch GET 200 https://registry.npmjs.org/safe-regex-test/-/safe-regex-test-1.1.0.tgz 22784ms (cache miss)
3561 http fetch GET 200 https://registry.npmjs.org/typed-array-byte-length/-/typed-array-byte-length-1.0.3.tgz 22805ms (cache miss)
3562 http fetch GET 200 https://registry.npmjs.org/is-weakref/-/is-weakref-1.1.1.tgz 22855ms (cache miss)
3563 http fetch GET 200 https://registry.npmjs.org/string.prototype.trimstart/-/string.prototype.trimstart-1.0.8.tgz 22936ms (cache miss)
3564 http fetch GET 200 https://registry.npmjs.org/is-regex/-/is-regex-1.2.1.tgz 22978ms (cache miss)
3565 http fetch GET 200 https://registry.npmjs.org/is-typed-array/-/is-typed-array-1.1.15.tgz 22991ms (cache miss)
3566 http fetch GET 200 https://registry.npmjs.org/is-data-view/-/is-data-view-1.0.2.tgz 23096ms (cache miss)
3567 http fetch GET 200 https://registry.npmjs.org/object.assign/-/object.assign-4.1.7.tgz 23119ms (cache miss)
3568 http fetch GET 200 https://registry.npmjs.org/is-set/-/is-set-2.0.3.tgz 23177ms (cache miss)
3569 http fetch GET 200 https://registry.npmjs.org/is-negative-zero/-/is-negative-zero-2.0.3.tgz 23196ms (cache miss)
3570 http fetch GET 200 https://registry.npmjs.org/regexp.prototype.flags/-/regexp.prototype.flags-1.5.4.tgz 23195ms (cache miss)
3571 http fetch GET 200 https://registry.npmjs.org/object-inspect/-/object-inspect-1.13.4.tgz 23249ms (cache miss)
3572 http fetch GET 200 https://registry.npmjs.org/is-array-buffer/-/is-array-buffer-3.0.5.tgz 23280ms (cache miss)
3573 http fetch GET 200 https://registry.npmjs.org/is-shared-array-buffer/-/is-shared-array-buffer-1.0.4.tgz 23305ms (cache miss)
3574 http fetch GET 200 https://registry.npmjs.org/internal-slot/-/internal-slot-1.1.0.tgz 23371ms (cache miss)
3575 http fetch GET 200 https://registry.npmjs.org/is-callable/-/is-callable-1.2.7.tgz 23410ms (cache miss)
3576 http fetch GET 200 https://registry.npmjs.org/has-proto/-/has-proto-1.2.0.tgz 23410ms (cache miss)
3577 http fetch GET 200 https://registry.npmjs.org/get-proto/-/get-proto-1.0.1.tgz 23422ms (cache miss)
3578 http fetch GET 200 https://registry.npmjs.org/has-symbols/-/has-symbols-1.1.0.tgz 23434ms (cache miss)
3579 http fetch GET 200 https://registry.npmjs.org/es-to-primitive/-/es-to-primitive-1.3.4.tgz 23471ms (cache miss)
3580 http fetch GET 200 https://registry.npmjs.org/@babel/helpers/-/helpers-7.29.7.tgz 23475ms (cache miss)
3581 http fetch GET 200 https://registry.npmjs.org/get-symbol-description/-/get-symbol-description-1.1.0.tgz 23506ms (cache miss)
3582 http fetch GET 200 https://registry.npmjs.org/data-view-byte-offset/-/data-view-byte-offset-1.0.1.tgz 23541ms (cache miss)
3583 http fetch GET 200 https://registry.npmjs.org/es-set-tostringtag/-/es-set-tostringtag-2.1.0.tgz 23556ms (cache miss)
3584 http fetch GET 200 https://registry.npmjs.org/globalthis/-/globalthis-1.0.4.tgz 23599ms (cache miss)
3585 http fetch GET 200 https://registry.npmjs.org/function.prototype.name/-/function.prototype.name-1.2.0.tgz 23611ms (cache miss)
3586 http fetch GET 200 https://registry.npmjs.org/data-view-byte-length/-/data-view-byte-length-1.0.2.tgz 23623ms (cache miss)
3587 http fetch GET 200 https://registry.npmjs.org/arraybuffer.prototype.slice/-/arraybuffer.prototype.slice-1.0.4.tgz 23638ms (cache miss)
3588 http fetch GET 200 https://registry.npmjs.org/data-view-buffer/-/data-view-buffer-1.0.2.tgz 23656ms (cache miss)
3589 http fetch GET 200 https://registry.npmjs.org/array-buffer-byte-length/-/array-buffer-byte-length-1.0.2.tgz 23762ms (cache miss)
3590 http fetch GET 200 https://registry.npmjs.org/define-data-property/-/define-data-property-1.1.4.tgz 23804ms (cache miss)
3591 http fetch GET 200 https://registry.npmjs.org/object-keys/-/object-keys-1.1.1.tgz 23841ms (cache miss)
3592 http fetch GET 200 https://registry.npmjs.org/available-typed-arrays/-/available-typed-arrays-1.0.7.tgz 23873ms (cache miss)
3593 http fetch GET 200 https://registry.npmjs.org/gopd/-/gopd-1.2.0.tgz 23877ms (cache miss)
3594 http fetch GET 200 https://registry.npmjs.org/function-bind/-/function-bind-1.1.2.tgz 23923ms (cache miss)
3595 http fetch GET 200 https://registry.npmjs.org/es-define-property/-/es-define-property-1.0.1.tgz 23953ms (cache miss)
3596 http fetch GET 200 https://registry.npmjs.org/set-function-length/-/set-function-length-1.2.2.tgz 23969ms (cache miss)
3597 http fetch GET 200 https://registry.npmjs.org/@unrs/resolver-binding-darwin-arm64/-/resolver-binding-darwin-arm64-1.12.2.tgz 24125ms (cache miss)
3598 http fetch GET 200 https://registry.npmjs.org/es-shim-unscopables/-/es-shim-unscopables-1.1.0.tgz 24115ms (cache miss)
3599 http fetch GET 200 https://registry.npmjs.org/call-bind-apply-helpers/-/call-bind-apply-helpers-1.0.2.tgz 24160ms (cache miss)
3600 http fetch GET 200 https://registry.npmjs.org/es-errors/-/es-errors-1.3.0.tgz 24176ms (cache miss)
3601 http fetch GET 200 https://registry.npmjs.org/has-property-descriptors/-/has-property-descriptors-1.0.2.tgz 24185ms (cache miss)
3602 http fetch GET 200 https://registry.npmjs.org/is-string/-/is-string-1.1.1.tgz 24185ms (cache miss)
3603 http fetch GET 200 https://registry.npmjs.org/define-properties/-/define-properties-1.2.1.tgz 24214ms (cache miss)
3604 http fetch GET 200 https://registry.npmjs.org/math-intrinsics/-/math-intrinsics-1.1.0.tgz 24279ms (cache miss)
3605 http fetch GET 200 https://registry.npmjs.org/object.values/-/object.values-1.2.1.tgz 24322ms (cache miss)
3606 http fetch GET 200 https://registry.npmjs.org/es-object-atoms/-/es-object-atoms-1.1.2.tgz 24336ms (cache miss)
3607 http fetch GET 200 https://registry.npmjs.org/call-bound/-/call-bound-1.0.4.tgz 24394ms (cache miss)
3608 http fetch GET 200 https://registry.npmjs.org/call-bind/-/call-bind-1.0.9.tgz 24460ms (cache miss)
3609 http fetch GET 200 https://registry.npmjs.org/string.prototype.trimend/-/string.prototype.trimend-1.0.10.tgz 24460ms (cache miss)
3610 http fetch GET 200 https://registry.npmjs.org/semver/-/semver-6.3.1.tgz 24479ms (cache miss)
3611 http fetch GET 200 https://registry.npmjs.org/object.fromentries/-/object.fromentries-2.0.8.tgz 24524ms (cache miss)
3612 http fetch GET 200 https://registry.npmjs.org/object.groupby/-/object.groupby-1.0.3.tgz 24741ms (cache miss)
3613 http fetch GET 200 https://registry.npmjs.org/hasown/-/hasown-2.0.4.tgz 24747ms (cache miss)
3614 http fetch GET 200 https://registry.npmjs.org/get-intrinsic/-/get-intrinsic-1.3.0.tgz 24802ms (cache miss)
3615 http fetch GET 200 https://registry.npmjs.org/array-includes/-/array-includes-3.1.9.tgz 24905ms (cache miss)
3616 http fetch GET 200 https://registry.npmjs.org/doctrine/-/doctrine-2.1.0.tgz 24927ms (cache miss)
3617 http fetch GET 200 https://registry.npmjs.org/tsconfig-paths/-/tsconfig-paths-3.15.0.tgz 24959ms (cache miss)
3618 http fetch GET 200 https://registry.npmjs.org/@rtsao/scc/-/scc-1.1.0.tgz 25087ms (cache miss)
3619 http fetch GET 200 https://registry.npmjs.org/array.prototype.flat/-/array.prototype.flat-1.3.3.tgz 25087ms (cache miss)
3620 http fetch GET 200 https://registry.npmjs.org/array.prototype.flatmap/-/array.prototype.flatmap-1.3.3.tgz 25142ms (cache miss)
3621 http fetch GET 200 https://registry.npmjs.org/stable-hash/-/stable-hash-0.0.5.tgz 25160ms (cache miss)
3622 http fetch GET 200 https://registry.npmjs.org/eslint-module-utils/-/eslint-module-utils-2.14.0.tgz 25160ms (cache miss)
3623 http fetch GET 200 https://registry.npmjs.org/array.prototype.findlastindex/-/array.prototype.findlastindex-1.2.6.tgz 25192ms (cache miss)
3624 http fetch GET 200 https://registry.npmjs.org/is-bun-module/-/is-bun-module-2.0.0.tgz 25280ms (cache miss)
3625 http fetch GET 200 https://registry.npmjs.org/@nolyfill/is-core-module/-/is-core-module-1.0.39.tgz 25306ms (cache miss)
3626 http fetch GET 200 https://registry.npmjs.org/unrs-resolver/-/unrs-resolver-1.12.2.tgz 25394ms (cache miss)
3627 http fetch GET 200 https://registry.npmjs.org/is-core-module/-/is-core-module-2.16.2.tgz 25469ms (cache miss)
3628 http fetch GET 200 https://registry.npmjs.org/tinyglobby/-/tinyglobby-0.2.17.tgz 25552ms (cache miss)
3629 http fetch GET 200 https://registry.npmjs.org/fast-glob/-/fast-glob-3.3.1.tgz 25712ms (cache miss)
3630 http fetch GET 200 https://registry.npmjs.org/get-tsconfig/-/get-tsconfig-4.14.3.tgz 25800ms (cache miss)
3631 http fetch GET 200 https://registry.npmjs.org/eslint-plugin-jsx-a11y/-/eslint-plugin-jsx-a11y-6.10.2.tgz 25985ms (cache miss)
3632 http fetch GET 200 https://registry.npmjs.org/typescript-eslint/-/typescript-eslint-8.68.0.tgz 26025ms (cache miss)
3633 http fetch GET 200 https://registry.npmjs.org/resolve/-/resolve-2.0.0-next.7.tgz 26201ms (cache miss)
3634 http fetch GET 200 https://registry.npmjs.org/eslint-import-resolver-typescript/-/eslint-import-resolver-typescript-3.10.1.tgz 26286ms (cache miss)
3635 http fetch GET 200 https://registry.npmjs.org/@next/eslint-plugin-next/-/eslint-plugin-next-16.3.3.tgz 26355ms (cache miss)
3636 http fetch GET 200 https://registry.npmjs.org/which/-/which-2.0.2.tgz 26437ms (cache miss)
3637 http fetch GET 200 https://registry.npmjs.org/eslint-import-resolver-node/-/eslint-import-resolver-node-0.3.10.tgz 26482ms (cache miss)
3638 http fetch GET 200 https://registry.npmjs.org/shebang-command/-/shebang-command-2.0.0.tgz 26502ms (cache miss)
3639 http fetch GET 200 https://registry.npmjs.org/color-name/-/color-name-1.1.4.tgz 26599ms (cache miss)
3640 http fetch GET 200 https://registry.npmjs.org/supports-color/-/supports-color-7.2.0.tgz 26689ms (cache miss)
3641 http fetch GET 200 https://registry.npmjs.org/color-convert/-/color-convert-2.0.1.tgz 26724ms (cache miss)
3642 http fetch GET 200 https://registry.npmjs.org/ms/-/ms-2.1.3.tgz 26840ms (cache miss)
3643 http fetch GET 200 https://registry.npmjs.org/@humanfs/types/-/types-0.15.0.tgz 26886ms (cache miss)
3644 http fetch GET 200 https://registry.npmjs.org/@babel/parser/-/parser-7.29.8.tgz 26904ms (cache miss)
3645 http fetch GET 200 https://registry.npmjs.org/levn/-/levn-0.4.1.tgz 26925ms (cache miss)
3646 http fetch GET 200 https://registry.npmjs.org/path-key/-/path-key-3.1.1.tgz 26980ms (cache miss)
3647 http fetch GET 200 https://registry.npmjs.org/strip-json-comments/-/strip-json-comments-3.1.1.tgz 26997ms (cache miss)
3648 http fetch GET 200 https://registry.npmjs.org/json-schema-traverse/-/json-schema-traverse-0.4.1.tgz 27034ms (cache miss)
3649 http fetch GET 200 https://registry.npmjs.org/ansi-styles/-/ansi-styles-4.3.0.tgz 27072ms (cache miss)
3650 http fetch GET 200 https://registry.npmjs.org/es-abstract/-/es-abstract-1.24.2.tgz 27084ms (cache miss)
3651 http fetch GET 200 https://registry.npmjs.org/@humanfs/core/-/core-0.19.2.tgz 27182ms (cache miss)
3652 http fetch GET 200 https://registry.npmjs.org/globals/-/globals-14.0.0.tgz 27191ms (cache miss)
3653 http fetch GET 200 https://registry.npmjs.org/@types/json-schema/-/json-schema-7.0.15.tgz 27217ms (cache miss)
3654 http fetch GET 200 https://registry.npmjs.org/import-fresh/-/import-fresh-3.3.1.tgz 27255ms (cache miss)
3655 http fetch GET 200 https://registry.npmjs.org/natural-compare/-/natural-compare-1.4.0.tgz 27382ms (cache miss)
3656 http fetch GET 200 https://registry.npmjs.org/optionator/-/optionator-0.9.4.tgz 27417ms (cache miss)
3657 http fetch GET 200 https://registry.npmjs.org/@eslint/object-schema/-/object-schema-2.1.7.tgz 27450ms (cache miss)
3658 http fetch GET 200 https://registry.npmjs.org/lodash.merge/-/lodash.merge-4.6.2.tgz 27467ms (cache miss)
3659 http fetch GET 200 https://registry.npmjs.org/is-glob/-/is-glob-4.0.3.tgz 27541ms (cache miss)
3660 http fetch GET 200 https://registry.npmjs.org/json-stable-stringify-without-jsonify/-/json-stable-stringify-without-jsonify-1.0.1.tgz 27570ms (cache miss)
3661 http fetch GET 200 https://registry.npmjs.org/fast-json-stable-stringify/-/fast-json-stable-stringify-2.1.0.tgz 27601ms (cache miss)
3662 http fetch GET 200 https://registry.npmjs.org/imurmurhash/-/imurmurhash-0.1.4.tgz 27685ms (cache miss)
3663 http fetch GET 200 https://registry.npmjs.org/glob-parent/-/glob-parent-6.0.2.tgz 27743ms (cache miss)
3664 http fetch GET 200 https://registry.npmjs.org/ignore/-/ignore-5.3.2.tgz 27762ms (cache miss)
3665 http fetch GET 200 https://registry.npmjs.org/find-up/-/find-up-5.0.0.tgz 27812ms (cache miss)
3666 http fetch GET 200 https://registry.npmjs.org/file-entry-cache/-/file-entry-cache-8.0.0.tgz 27922ms (cache miss)
3667 http fetch GET 200 https://registry.npmjs.org/esutils/-/esutils-2.0.3.tgz 27923ms (cache miss)
3668 http fetch GET 200 https://registry.npmjs.org/espree/-/espree-10.4.0.tgz 28001ms (cache miss)
3669 http fetch GET 200 https://registry.npmjs.org/cross-spawn/-/cross-spawn-7.0.6.tgz 28065ms (cache miss)
3670 http fetch GET 200 https://registry.npmjs.org/minimatch/-/minimatch-3.1.5.tgz 28095ms (cache miss)
3671 http fetch GET 200 https://registry.npmjs.org/escape-string-regexp/-/escape-string-regexp-4.0.0.tgz 28154ms (cache miss)
3672 http fetch GET 200 https://registry.npmjs.org/uri-js/-/uri-js-4.4.1.tgz 28159ms (cache miss)
3673 http fetch GET 200 https://registry.npmjs.org/eslint-visitor-keys/-/eslint-visitor-keys-4.2.1.tgz 28254ms (cache miss)
3674 http fetch GET 200 https://registry.npmjs.org/eslint-scope/-/eslint-scope-8.4.0.tgz 28254ms (cache miss)
3675 http fetch GET 200 https://registry.npmjs.org/debug/-/debug-4.4.3.tgz 28347ms (cache miss)
3676 http fetch GET 200 https://registry.npmjs.org/fast-deep-equal/-/fast-deep-equal-3.1.3.tgz 28362ms (cache miss)
3677 http fetch GET 200 https://registry.npmjs.org/zod/-/zod-4.4.3.tgz 28755ms (cache miss)
3678 http fetch GET 200 https://registry.npmjs.org/@humanwhocodes/module-importer/-/module-importer-1.0.1.tgz 28824ms (cache miss)
3679 http fetch GET 200 https://registry.npmjs.org/ajv/-/ajv-6.15.0.tgz 28831ms (cache miss)
3680 http fetch GET 200 https://registry.npmjs.org/js-yaml/-/js-yaml-4.3.2.tgz 28936ms (cache miss)
3681 http fetch GET 200 https://registry.npmjs.org/@humanfs/node/-/node-0.16.8.tgz 28998ms (cache miss)
3682 http fetch GET 200 https://registry.npmjs.org/@eslint/plugin-kit/-/plugin-kit-0.4.1.tgz 29411ms (cache miss)
3683 http fetch GET 200 https://registry.npmjs.org/@humanwhocodes/retry/-/retry-0.4.3.tgz 29565ms (cache miss)
3684 http fetch GET 200 https://registry.npmjs.org/@eslint/js/-/js-9.39.5.tgz 29566ms (cache miss)
3685 http fetch GET 200 https://registry.npmjs.org/hermes-parser/-/hermes-parser-0.25.1.tgz 29579ms (cache miss)
3686 http fetch GET 200 https://registry.npmjs.org/eslint-plugin-react/-/eslint-plugin-react-7.37.5.tgz 29592ms (cache miss)
3687 http fetch GET 200 https://registry.npmjs.org/@types/estree/-/estree-1.0.9.tgz 29680ms (cache miss)
3688 http fetch GET 200 https://registry.npmjs.org/@eslint/core/-/core-0.17.0.tgz 29858ms (cache miss)
3689 http fetch GET 200 https://registry.npmjs.org/graceful-fs/-/graceful-fs-4.2.11.tgz 30211ms (cache miss)
3690 http fetch GET 200 https://registry.npmjs.org/@eslint/config-helpers/-/config-helpers-0.4.2.tgz 30211ms (cache miss)
3691 http fetch GET 200 https://registry.npmjs.org/tapable/-/tapable-2.3.3.tgz 30212ms (cache miss)
3692 http fetch GET 200 https://registry.npmjs.org/@eslint/eslintrc/-/eslintrc-3.3.6.tgz 30384ms (cache miss)
3693 http fetch GET 200 https://registry.npmjs.org/chalk/-/chalk-4.1.2.tgz 30757ms (cache miss)
3694 http fetch GET 200 https://registry.npmjs.org/eslint-plugin-react-hooks/-/eslint-plugin-react-hooks-7.1.1.tgz 30912ms (cache miss)
3695 http fetch GET 200 https://registry.npmjs.org/@eslint/config-array/-/config-array-0.21.2.tgz 30909ms (cache miss)
3696 http fetch GET 200 https://registry.npmjs.org/@jridgewell/sourcemap-codec/-/sourcemap-codec-1.6.0.tgz 30919ms (cache miss)
3697 http fetch GET 200 https://registry.npmjs.org/@eslint-community/regexpp/-/regexpp-4.12.2.tgz 31091ms (cache miss)
3698 http fetch GET 200 https://registry.npmjs.org/esquery/-/esquery-1.7.0.tgz 31208ms (cache miss)
3699 http fetch GET 200 https://registry.npmjs.org/undici-types/-/undici-types-6.21.0.tgz 31212ms (cache miss)
3700 http fetch GET 200 https://registry.npmjs.org/source-map-js/-/source-map-js-1.2.1.tgz 31363ms (cache miss)
3701 http fetch GET 200 https://registry.npmjs.org/@jridgewell/resolve-uri/-/resolve-uri-3.1.2.tgz 31526ms (cache miss)
3702 http fetch GET 200 https://registry.npmjs.org/@jridgewell/trace-mapping/-/trace-mapping-0.3.31.tgz 31708ms (cache miss)
3703 http fetch GET 200 https://registry.npmjs.org/@jridgewell/gen-mapping/-/gen-mapping-0.3.13.tgz 32075ms (cache miss)
3704 http fetch GET 200 https://registry.npmjs.org/@tailwindcss/oxide/-/oxide-4.3.3.tgz 32110ms (cache miss)
3705 http fetch GET 200 https://registry.npmjs.org/@eslint-community/eslint-utils/-/eslint-utils-4.10.1.tgz 32456ms (cache miss)
3706 http fetch GET 200 https://registry.npmjs.org/lightningcss/-/lightningcss-1.32.0.tgz 32459ms (cache miss)
3707 http fetch GET 200 https://registry.npmjs.org/magic-string/-/magic-string-0.30.21.tgz 32513ms (cache miss)
3708 http fetch GET 200 https://registry.npmjs.org/@alloc/quick-lru/-/quick-lru-5.2.0.tgz 33025ms (cache miss)
3709 http fetch GET 200 https://registry.npmjs.org/csstype/-/csstype-3.2.3.tgz 33041ms (cache miss)
3710 http fetch GET 200 https://registry.npmjs.org/jiti/-/jiti-2.7.0.tgz 33101ms (cache miss)
3711 http fetch GET 200 https://registry.npmjs.org/@tailwindcss/node/-/node-4.3.3.tgz 33154ms (cache miss)
3712 http fetch GET 200 https://registry.npmjs.org/@jridgewell/remapping/-/remapping-2.3.5.tgz 33160ms (cache miss)
3713 http fetch GET 200 https://registry.npmjs.org/postcss/-/postcss-8.5.26.tgz 33182ms (cache miss)
3714 http fetch GET 200 https://registry.npmjs.org/react/-/react-19.2.8.tgz 33298ms (cache miss)
3715 http fetch GET 200 https://registry.npmjs.org/@types/react-dom/-/react-dom-19.2.5.tgz 33329ms (cache miss)
3716 http fetch GET 200 https://registry.npmjs.org/eslint-config-next/-/eslint-config-next-16.3.3.tgz 33547ms (cache miss)
3717 http fetch GET 200 https://registry.npmjs.org/enhanced-resolve/-/enhanced-resolve-5.24.5.tgz 33650ms (cache miss)
3718 http fetch GET 200 https://registry.npmjs.org/@types/react/-/react-19.2.18.tgz 34725ms (cache miss)
3719 http fetch GET 200 https://registry.npmjs.org/eslint-plugin-import/-/eslint-plugin-import-2.32.0.tgz 34906ms (cache miss)
3720 http fetch GET 200 https://registry.npmjs.org/axe-core/-/axe-core-4.13.0.tgz 34944ms (cache miss)
3721 http fetch GET 200 https://registry.npmjs.org/brace-expansion/-/brace-expansion-5.0.9.tgz 34964ms (cache miss)
3722 http fetch GET 200 https://registry.npmjs.org/@types/node/-/node-20.19.43.tgz 35196ms (cache miss)
3723 http fetch GET 200 https://registry.npmjs.org/balanced-match/-/balanced-match-4.0.4.tgz 35209ms (cache miss)
3724 http fetch GET 200 https://registry.npmjs.org/ignore/-/ignore-7.0.6.tgz 35369ms (cache miss)
3725 http fetch GET 200 https://registry.npmjs.org/@tailwindcss/postcss/-/postcss-4.3.3.tgz 35591ms (cache miss)
3726 http fetch GET 200 https://registry.npmjs.org/json5/-/json5-1.0.2.tgz 35725ms (cache miss)
3727 http fetch GET 200 https://registry.npmjs.org/semver/-/semver-7.8.5.tgz 35765ms (cache miss)
3728 http fetch GET 200 https://registry.npmjs.org/@emnapi/runtime/-/runtime-1.10.0.tgz 35789ms (cache miss)
3729 http fetch GET 200 https://registry.npmjs.org/eslint-visitor-keys/-/eslint-visitor-keys-5.0.1.tgz 35810ms (cache miss)
3730 http fetch GET 200 https://registry.npmjs.org/semver/-/semver-7.8.5.tgz 35899ms (cache miss)
3731 http fetch GET 200 https://registry.npmjs.org/glob-parent/-/glob-parent-5.1.2.tgz 35969ms (cache miss)
3732 http fetch GET 200 https://registry.npmjs.org/semver/-/semver-7.8.5.tgz 36027ms (cache miss)
3733 http fetch GET 200 https://registry.npmjs.org/fdir/-/fdir-6.5.0.tgz 36031ms (cache miss)
3734 http fetch GET 200 https://registry.npmjs.org/eslint-visitor-keys/-/eslint-visitor-keys-3.4.3.tgz 36065ms (cache miss)
3735 http fetch GET 200 https://registry.npmjs.org/debug/-/debug-3.2.7.tgz 36237ms (cache miss)
3736 http fetch GET 200 https://registry.npmjs.org/debug/-/debug-3.2.7.tgz 36438ms (cache miss)
3737 http fetch GET 200 https://registry.npmjs.org/picomatch/-/picomatch-4.0.7.tgz 36441ms (cache miss)
3738 http fetch GET 200 https://registry.npmjs.org/debug/-/debug-3.2.7.tgz 36583ms (cache miss)
3739 http fetch GET 200 https://registry.npmjs.org/eslint-visitor-keys/-/eslint-visitor-keys-3.4.3.tgz 36810ms (cache miss)
3740 http fetch GET 200 https://registry.npmjs.org/postcss/-/postcss-8.5.23.tgz 37257ms (cache miss)
3741 http fetch GET 200 https://registry.npmjs.org/globals/-/globals-16.4.0.tgz 37553ms (cache miss)
3742 http fetch GET 200 https://registry.npmjs.org/tailwindcss/-/tailwindcss-4.3.3.tgz 37677ms (cache miss)
3743 http fetch GET 200 https://registry.npmjs.org/@img/sharp-wasm32/-/sharp-wasm32-0.35.4.tgz 39865ms (cache miss)
3744 http fetch GET 200 https://registry.npmjs.org/@eslint-community/eslint-utils/-/eslint-utils-4.9.1.tgz 40001ms (cache miss)
3745 http fetch GET 200 https://registry.npmjs.org/minimatch/-/minimatch-10.2.6.tgz 40826ms (cache miss)
3746 http fetch GET 200 https://registry.npmjs.org/eslint/-/eslint-9.39.5.tgz 43111ms (cache miss)
3747 warn deprecated eslint@9.39.5: This version is no longer supported. Please see https://eslint.org/version-support for other options.
3748 http fetch GET 200 https://registry.npmjs.org/lightningcss-darwin-arm64/-/lightningcss-darwin-arm64-1.32.0.tgz 47470ms (cache miss)
3749 http fetch GET 200 https://registry.npmjs.org/@tailwindcss/oxide-darwin-arm64/-/oxide-darwin-arm64-4.3.3.tgz 51678ms (cache miss)
3750 http fetch GET 200 https://registry.npmjs.org/react-dom/-/react-dom-19.2.8.tgz 56155ms (cache miss)
3751 http fetch GET 200 https://registry.npmjs.org/typescript/-/typescript-5.9.3.tgz 75828ms (cache miss)
3752 http fetch GET 200 https://registry.npmjs.org/@img/sharp-libvips-darwin-arm64/-/sharp-libvips-darwin-arm64-1.3.3.tgz 97541ms (cache miss)
3753 http fetch GET 200 https://registry.npmjs.org/@next/swc-darwin-arm64/-/swc-darwin-arm64-16.3.3.tgz 157182ms (cache miss)
3754 http fetch GET 200 https://registry.npmjs.org/next/-/next-16.3.3.tgz 228943ms (cache miss)
3755 info run unrs-resolver@1.12.2 postinstall node_modules/unrs-resolver node postinstall.js
3756 info run unrs-resolver@1.12.2 postinstall { code: 0, signal: null }
3757 silly ADD node_modules/is-weakset
3758 silly ADD node_modules/is-weakmap
3759 silly ADD node_modules/is-map
3760 silly ADD node_modules/generator-function
3761 silly ADD node_modules/async-function
3762 silly ADD node_modules/which-collection
3763 silly ADD node_modules/is-generator-function
3764 silly ADD node_modules/is-finalizationregistry
3765 silly ADD node_modules/is-async-function
3766 silly ADD node_modules/is-number-object
3767 silly ADD node_modules/is-boolean-object
3768 silly ADD node_modules/is-bigint
3769 silly ADD node_modules/isexe
3770 silly ADD node_modules/punycode
3771 silly ADD node_modules/escalade
3772 silly ADD node_modules/@tybys/wasm-util
3773 silly ADD node_modules/@emnapi/wasi-threads
3774 silly ADD node_modules/@napi-rs/wasm-runtime
3775 silly ADD node_modules/@emnapi/core
3776 silly ADD node_modules/napi-postinstall
3777 silly ADD
3778 silly ADD
3779 silly ADD
3780 silly ADD
3781 silly ADD node_modules/@emnapi/runtime
3782 silly ADD
3783 silly ADD
3784 silly ADD
3785 silly ADD
3786 silly ADD
3787 silly ADD
3788 silly ADD
3789 silly ADD
3790 silly ADD
3791 silly ADD
3792 silly ADD
3793 silly ADD
3794 silly ADD
3795 silly ADD
3796 silly ADD
3797 silly ADD node_modules/@unrs/resolver-binding-darwin-arm64
3798 silly ADD
3799 silly ADD
3800 silly ADD node_modules/which-boxed-primitive
3801 silly ADD node_modules/has-bigints
3802 silly ADD node_modules/@typescript-eslint/tsconfig-utils
3803 silly ADD node_modules/@typescript-eslint/project-service
3804 silly ADD node_modules/@typescript-eslint/types
3805 silly ADD node_modules/ts-api-utils
3806 silly ADD node_modules/@typescript-eslint/visitor-keys
3807 silly ADD node_modules/@typescript-eslint/visitor-keys/node_modules/eslint-visitor-keys
3808 silly ADD node_modules/@typescript-eslint/type-utils
3809 silly ADD node_modules/@typescript-eslint/scope-manager
3810 silly ADD node_modules/@typescript-eslint/utils
3811 silly ADD node_modules/@typescript-eslint/typescript-estree
3812 silly ADD node_modules/@typescript-eslint/typescript-estree/node_modules/balanced-match
3813 silly ADD node_modules/@typescript-eslint/typescript-estree/node_modules/brace-expansion
3814 silly ADD node_modules/@typescript-eslint/typescript-estree/node_modules/semver
3815 silly ADD node_modules/@typescript-eslint/typescript-estree/node_modules/minimatch
3816 silly ADD node_modules/@typescript-eslint/parser
3817 silly ADD node_modules/@typescript-eslint/eslint-plugin
3818 silly ADD node_modules/@typescript-eslint/eslint-plugin/node_modules/ignore
3819 silly ADD node_modules/which-builtin-type
3820 silly ADD node_modules/reflect.getprototypeof
3821 silly ADD node_modules/for-each
3822 silly ADD node_modules/strip-bom
3823 silly ADD node_modules/minimist
3824 silly ADD node_modules/@types/json5
3825 silly ADD node_modules/is-number
3826 silly ADD node_modules/has-flag
3827 silly ADD node_modules/client-only
3828 silly ADD node_modules/side-channel-weakmap
3829 silly ADD node_modules/side-channel-map
3830 silly ADD node_modules/side-channel-list
3831 silly ADD node_modules/shebang-regex
3832 silly ADD node_modules/@emnapi/runtime
3833 silly ADD node_modules/@img/sharp-wasm32
3834 silly ADD
3835 silly ADD
3836 silly ADD
3837 silly ADD
3838 silly ADD
3839 silly ADD
3840 silly ADD
3841 silly ADD
3842 silly ADD
3843 silly ADD
3844 silly ADD
3845 silly ADD
3846 silly ADD
3847 silly ADD
3848 silly ADD
3849 silly ADD
3850 silly ADD
3851 silly ADD
3852 silly ADD
3853 silly ADD
3854 silly ADD
3855 silly ADD node_modules/@img/sharp-libvips-darwin-arm64
3856 silly ADD
3857 silly ADD
3858 silly ADD node_modules/@img/sharp-darwin-arm64
3859 silly ADD node_modules/@img/colour
3860 silly ADD node_modules/isarray
3861 silly ADD node_modules/queue-microtask
3862 silly ADD node_modules/supports-preserve-symlinks-flag
3863 silly ADD node_modules/path-parse
3864 silly ADD node_modules/node-exports-info
3865 silly ADD node_modules/scheduler
3866 silly ADD node_modules/react-is
3867 silly ADD node_modules/object-assign
3868 silly ADD node_modules/loose-envify
3869 silly ADD node_modules/nanoid
3870 silly ADD node_modules/callsites
3871 silly ADD node_modules/yocto-queue
3872 silly ADD node_modules/p-limit
3873 silly ADD node_modules/word-wrap
3874 silly ADD node_modules/fast-levenshtein
3875 silly ADD node_modules/deep-is
3876 silly ADD node_modules/tslib
3877 silly ADD node_modules/styled-jsx
3878 silly ADD node_modules/sharp
3879 silly ADD node_modules/sharp/node_modules/semver
3880 silly ADD node_modules/@swc/helpers
3881 silly ADD
3882 silly ADD
3883 silly ADD
3884 silly ADD
3885 silly ADD
3886 silly ADD
3887 silly ADD
3888 silly ADD node_modules/@next/swc-darwin-arm64
3889 silly ADD node_modules/@next/env
3890 silly ADD node_modules/concat-map
3891 silly ADD node_modules/balanced-match
3892 silly ADD node_modules/brace-expansion
3893 silly ADD node_modules/to-regex-range
3894 silly ADD node_modules/fill-range
3895 silly ADD node_modules/picomatch
3896 silly ADD node_modules/braces
3897 silly ADD node_modules/yallist
3898 silly ADD node_modules/p-locate
3899 silly ADD
3900 silly ADD
3901 silly ADD
3902 silly ADD
3903 silly ADD
3904 silly ADD
3905 silly ADD
3906 silly ADD
3907 silly ADD
3908 silly ADD node_modules/lightningcss-darwin-arm64
3909 silly ADD
3910 silly ADD node_modules/detect-libc
3911 silly ADD node_modules/type-check
3912 silly ADD node_modules/prelude-ls
3913 silly ADD node_modules/language-subtag-registry
3914 silly ADD node_modules/json-buffer
3915 silly ADD node_modules/argparse
3916 silly ADD node_modules/set-function-name
3917 silly ADD node_modules/is-extglob
3918 silly ADD node_modules/side-channel
3919 silly ADD node_modules/resolve-from
3920 silly ADD node_modules/parent-module
3921 silly ADD node_modules/hermes-estree
3922 silly ADD node_modules/resolve-pkg-maps
3923 silly ADD node_modules/dunder-proto
3924 silly ADD node_modules/is-document.all
3925 silly ADD node_modules/functions-have-names
3926 silly ADD node_modules/keyv
3927 silly ADD node_modules/flatted
3928 silly ADD node_modules/path-exists
3929 silly ADD node_modules/locate-path
3930 silly ADD node_modules/flat-cache
3931 silly ADD node_modules/reusify
3932 silly ADD node_modules/run-parallel
3933 silly ADD node_modules/fastq
3934 silly ADD node_modules/@nodelib/fs.scandir
3935 silly ADD node_modules/micromatch
3936 silly ADD node_modules/merge2
3937 silly ADD node_modules/@nodelib/fs.walk
3938 silly ADD node_modules/@nodelib/fs.stat
3939 silly ADD node_modules/acorn-jsx
3940 silly ADD node_modules/acorn
3941 silly ADD node_modules/esrecurse
3942 silly ADD node_modules/update-browserslist-db
3943 silly ADD node_modules/node-releases
3944 silly ADD node_modules/electron-to-chromium
3945 silly ADD node_modules/caniuse-lite
3946 silly ADD node_modules/baseline-browser-mapping
3947 silly ADD node_modules/@babel/helper-string-parser
3948 silly ADD node_modules/@babel/helper-globals
3949 silly ADD node_modules/@babel/helper-module-imports
3950 silly ADD node_modules/lru-cache
3951 silly ADD node_modules/browserslist
3952 silly ADD node_modules/@babel/helper-validator-option
3953 silly ADD node_modules/@babel/compat-data
3954 silly ADD node_modules/jsesc
3955 silly ADD node_modules/picocolors
3956 silly ADD node_modules/js-tokens
3957 silly ADD node_modules/@babel/helper-validator-identifier
3958 silly ADD node_modules/json5
3959 silly ADD node_modules/gensync
3960 silly ADD node_modules/convert-source-map
3961 silly ADD node_modules/@babel/types
3962 silly ADD node_modules/@babel/traverse
3963 silly ADD node_modules/@babel/template
3964 silly ADD node_modules/@babel/helpers
3965 silly ADD node_modules/@babel/helper-module-transforms
3966 silly ADD node_modules/@babel/helper-compilation-targets
3967 silly ADD node_modules/@babel/generator
3968 silly ADD node_modules/@babel/code-frame
3969 silly ADD node_modules/zod-validation-error
3970 silly ADD node_modules/zod
3971 silly ADD node_modules/hermes-parser
3972 silly ADD node_modules/@babel/parser
3973 silly ADD node_modules/@babel/core
3974 silly ADD node_modules/iterator.prototype
3975 silly ADD node_modules/string.prototype.repeat
3976 silly ADD node_modules/string.prototype.matchall
3977 silly ADD node_modules/prop-types
3978 silly ADD node_modules/object.entries
3979 silly ADD node_modules/estraverse
3980 silly ADD node_modules/es-iterator-helpers
3981 silly ADD node_modules/array.prototype.tosorted
3982 silly ADD node_modules/array.prototype.findlast
3983 silly ADD node_modules/string.prototype.includes
3984 silly ADD node_modules/language-tags
3985 silly ADD node_modules/jsx-ast-utils
3986 silly ADD node_modules/emoji-regex
3987 silly ADD node_modules/damerau-levenshtein
3988 silly ADD node_modules/axobject-query
3989 silly ADD node_modules/axe-core
3990 silly ADD node_modules/ast-types-flow
3991 silly ADD node_modules/aria-query
3992 silly ADD node_modules/is-symbol
3993 silly ADD node_modules/is-date-object
3994 silly ADD node_modules/es-abstract-get
3995 silly ADD node_modules/has-tostringtag
3996 silly ADD node_modules/possible-typed-array-names
3997 silly ADD node_modules/which-typed-array
3998 silly ADD node_modules/unbox-primitive
3999 silly ADD node_modules/typed-array-length
4000 silly ADD node_modules/typed-array-byte-offset
4001 silly ADD node_modules/typed-array-byte-length
4002 silly ADD node_modules/typed-array-buffer
4003 silly ADD node_modules/string.prototype.trimstart
4004 silly ADD node_modules/string.prototype.trim
4005 silly ADD node_modules/stop-iteration-iterator
4006 silly ADD node_modules/set-proto
4007 silly ADD node_modules/safe-regex-test
4008 silly ADD node_modules/safe-push-apply
4009 silly ADD node_modules/safe-array-concat
4010 silly ADD node_modules/regexp.prototype.flags
4011 silly ADD node_modules/own-keys
4012 silly ADD node_modules/object.assign
4013 silly ADD node_modules/object-inspect
4014 silly ADD node_modules/is-weakref
4015 silly ADD node_modules/is-typed-array
4016 silly ADD node_modules/is-shared-array-buffer
4017 silly ADD node_modules/is-set
4018 silly ADD node_modules/is-regex
4019 silly ADD node_modules/is-negative-zero
4020 silly ADD node_modules/is-data-view
4021 silly ADD node_modules/is-callable
4022 silly ADD node_modules/is-array-buffer
4023 silly ADD node_modules/internal-slot
4024 silly ADD node_modules/has-symbols
4025 silly ADD node_modules/has-proto
4026 silly ADD node_modules/globalthis
4027 silly ADD node_modules/get-symbol-description
4028 silly ADD node_modules/get-proto
4029 silly ADD node_modules/function.prototype.name
4030 silly ADD node_modules/es-to-primitive
4031 silly ADD node_modules/es-set-tostringtag
4032 silly ADD node_modules/data-view-byte-offset
4033 silly ADD node_modules/data-view-byte-length
4034 silly ADD node_modules/data-view-buffer
4035 silly ADD node_modules/available-typed-arrays
4036 silly ADD node_modules/arraybuffer.prototype.slice
4037 silly ADD node_modules/array-buffer-byte-length
4038 silly ADD node_modules/gopd
4039 silly ADD node_modules/object-keys
4040 silly ADD node_modules/has-property-descriptors
4041 silly ADD node_modules/define-data-property
4042 silly ADD node_modules/function-bind
4043 silly ADD node_modules/set-function-length
4044 silly ADD node_modules/es-define-property
4045 silly ADD node_modules/call-bind-apply-helpers
4046 silly ADD node_modules/es-shim-unscopables
4047 silly ADD node_modules/es-errors
4048 silly ADD node_modules/math-intrinsics
4049 silly ADD node_modules/is-string
4050 silly ADD node_modules/get-intrinsic
4051 silly ADD node_modules/es-object-atoms
4052 silly ADD node_modules/es-abstract
4053 silly ADD node_modules/define-properties
4054 silly ADD node_modules/call-bound
4055 silly ADD node_modules/call-bind
4056 silly ADD node_modules/tsconfig-paths
4057 silly ADD node_modules/tsconfig-paths/node_modules/json5
4058 silly ADD node_modules/string.prototype.trimend
4059 silly ADD node_modules/semver
4060 silly ADD node_modules/object.values
4061 silly ADD node_modules/object.groupby
4062 silly ADD node_modules/object.fromentries
4063 silly ADD node_modules/hasown
4064 silly ADD node_modules/eslint-module-utils
4065 silly ADD node_modules/eslint-module-utils/node_modules/debug
4066 silly ADD node_modules/doctrine
4067 silly ADD node_modules/array.prototype.flatmap
4068 silly ADD node_modules/array.prototype.flat
4069 silly ADD node_modules/array.prototype.findlastindex
4070 silly ADD node_modules/array-includes
4071 silly ADD node_modules/@rtsao/scc
4072 silly ADD node_modules/unrs-resolver
4073 silly ADD node_modules/tinyglobby
4074 silly ADD node_modules/tinyglobby/node_modules/picomatch
4075 silly ADD node_modules/tinyglobby/node_modules/fdir
4076 silly ADD node_modules/stable-hash
4077 silly ADD node_modules/is-bun-module
4078 silly ADD node_modules/is-bun-module/node_modules/semver
4079 silly ADD node_modules/get-tsconfig
4080 silly ADD node_modules/@nolyfill/is-core-module
4081 silly ADD node_modules/resolve
4082 silly ADD node_modules/is-core-module
4083 silly ADD node_modules/fast-glob
4084 silly ADD node_modules/fast-glob/node_modules/glob-parent
4085 silly ADD node_modules/typescript-eslint
4086 silly ADD node_modules/eslint-plugin-react-hooks
4087 silly ADD node_modules/eslint-plugin-react
4088 silly ADD node_modules/eslint-plugin-jsx-a11y
4089 silly ADD node_modules/eslint-plugin-import
4090 silly ADD node_modules/eslint-plugin-import/node_modules/debug
4091 silly ADD node_modules/eslint-import-resolver-typescript
4092 silly ADD node_modules/eslint-import-resolver-node
4093 silly ADD node_modules/eslint-import-resolver-node/node_modules/debug
4094 silly ADD node_modules/@next/eslint-plugin-next
4095 silly ADD node_modules/@next/eslint-plugin-next/node_modules/eslint-visitor-keys
4096 silly ADD node_modules/@next/eslint-plugin-next/node_modules/@eslint-community/eslint-utils
4097 silly ADD node_modules/ms
4098 silly ADD node_modules/which
4099 silly ADD node_modules/shebang-command
4100 silly ADD node_modules/path-key
4101 silly ADD node_modules/color-name
4102 silly ADD node_modules/color-convert
4103 silly ADD node_modules/supports-color
4104 silly ADD node_modules/ansi-styles
4105 silly ADD node_modules/uri-js
4106 silly ADD node_modules/json-schema-traverse
4107 silly ADD node_modules/fast-json-stable-stringify
4108 silly ADD node_modules/@humanfs/types
4109 silly ADD node_modules/@humanfs/core
4110 silly ADD node_modules/levn
4111 silly ADD node_modules/strip-json-comments
4112 silly ADD node_modules/js-yaml
4113 silly ADD node_modules/import-fresh
4114 silly ADD node_modules/globals
4115 silly ADD node_modules/@types/json-schema
4116 silly ADD node_modules/@eslint/object-schema
4117 silly ADD node_modules/optionator
4118 silly ADD node_modules/natural-compare
4119 silly ADD node_modules/minimatch
4120 silly ADD node_modules/lodash.merge
4121 silly ADD node_modules/json-stable-stringify-without-jsonify
4122 silly ADD node_modules/is-glob
4123 silly ADD node_modules/imurmurhash
4124 silly ADD node_modules/ignore
4125 silly ADD node_modules/glob-parent
4126 silly ADD node_modules/find-up
4127 silly ADD node_modules/file-entry-cache
4128 silly ADD node_modules/fast-deep-equal
4129 silly ADD node_modules/esutils
4130 silly ADD node_modules/esquery
4131 silly ADD node_modules/espree
4132 silly ADD node_modules/eslint-visitor-keys
4133 silly ADD node_modules/eslint-scope
4134 silly ADD node_modules/escape-string-regexp
4135 silly ADD node_modules/debug
4136 silly ADD node_modules/cross-spawn
4137 silly ADD node_modules/chalk
4138 silly ADD node_modules/ajv
4139 silly ADD node_modules/@types/estree
4140 silly ADD node_modules/@humanwhocodes/retry
4141 silly ADD node_modules/@humanwhocodes/module-importer
4142 silly ADD node_modules/@humanfs/node
4143 silly ADD node_modules/@eslint/plugin-kit
4144 silly ADD node_modules/@eslint/js
4145 silly ADD node_modules/@eslint/eslintrc
4146 silly ADD node_modules/@eslint/core
4147 silly ADD node_modules/@eslint/config-helpers
4148 silly ADD node_modules/@eslint/config-array
4149 silly ADD node_modules/@eslint-community/regexpp
4150 silly ADD node_modules/@eslint-community/eslint-utils
4151 silly ADD node_modules/@eslint-community/eslint-utils/node_modules/eslint-visitor-keys
4152 silly ADD node_modules/tapable
4153 silly ADD node_modules/graceful-fs
4154 silly ADD node_modules/csstype
4155 silly ADD node_modules/undici-types
4156 silly ADD
4157 silly ADD
4158 silly ADD
4159 silly ADD
4160 silly ADD
4161 silly ADD
4162 silly ADD
4163 silly ADD
4164 silly ADD
4165 silly ADD
4166 silly ADD node_modules/@tailwindcss/oxide-darwin-arm64
4167 silly ADD
4168 silly ADD node_modules/@jridgewell/resolve-uri
4169 silly ADD node_modules/@jridgewell/sourcemap-codec
4170 silly ADD node_modules/@jridgewell/trace-mapping
4171 silly ADD node_modules/@jridgewell/gen-mapping
4172 silly ADD node_modules/source-map-js
4173 silly ADD node_modules/magic-string
4174 silly ADD node_modules/lightningcss
4175 silly ADD node_modules/jiti
4176 silly ADD node_modules/enhanced-resolve
4177 silly ADD node_modules/@jridgewell/remapping
4178 silly ADD node_modules/postcss
4179 silly ADD node_modules/@tailwindcss/oxide
4180 silly ADD node_modules/@tailwindcss/node
4181 silly ADD node_modules/@alloc/quick-lru
4182 silly ADD node_modules/typescript
4183 silly ADD node_modules/tailwindcss
4184 silly ADD node_modules/react-dom
4185 silly ADD node_modules/react
4186 silly ADD node_modules/next
4187 silly ADD node_modules/next/node_modules/postcss
4188 silly ADD node_modules/eslint-config-next
4189 silly ADD node_modules/eslint-config-next/node_modules/globals
4190 silly ADD node_modules/eslint
4191 silly ADD node_modules/@types/react-dom
4192 silly ADD node_modules/@types/react
4193 silly ADD node_modules/@types/node
4194 silly ADD node_modules/@tailwindcss/postcss
4195 verbose cwd /Users/sachingopalakrishnan/FINTRACE/sentinel-app
4196 verbose os Darwin 25.3.0
4197 verbose node v22.17.0
4198 verbose npm  v10.9.2
4199 verbose exit 0
4200 info ok
